user,in_degree,out_degree,weighted_in_degree,weighted_out_degree,pagerank,approx_betweenness
[deleted],402,497,480,737,0.01252925909221749,0.7095411662844952
Just-Grocery-2229,52,1,52,1,0.01120953693049159,0.009333518715420921
Franco1875,32,1,32,1,0.008224701171429125,0.011414670271845905
Hrmbee,42,1,43,2,0.007667744615765394,0.01976545883571882
joe4942,165,0,174,0,0.006751379506361764,0.02940773101006948
Stannis_Loyalist,35,1,35,1,0.00653066417450645,0.0030994804827808088
MetaKnowing,160,0,176,0,0.006136103791577211,0.03631966383724196
Legitimate-Field6815,52,5,53,5,0.005574929813977411,0.0071848664812723525
Longjumping-Bee8028,85,24,93,27,0.004312254235386416,0.011010661992787956
thailanddaydreamer,7,2,9,2,0.0042583229907315265,0.00017751020203701545
BeowulfShaeffer,4,3,4,3,0.0039368532806945,0.0011354103251238511
Logical_Welder3467,99,1,104,1,0.0037804809321965445,0.031510389004255165
LifeInAction,60,2,60,2,0.003745275608690719,0.026952207618676473
gdelacalle,37,2,37,2,0.003730887418624038,0.004300549382355399
N3bulaforge,60,3,62,3,0.0035897572670533463,0.029543900607697102
nevesincscH,38,2,40,2,0.0032059374403883164,0.004142624642457292
esporx,95,0,101,0,0.003145219422298652,0.03032674000760211
EclecticIntrovert,30,6,37,6,0.0030464552518443934,0.009218291070569179
askyidroppedthesoap,31,1,31,1,0.003019873892429555,0.011415618384509567
NeedleworkerNo825,49,10,55,12,0.0029965840919804637,0.006584633225288358
PercentageNo9270,43,4,44,4,0.002845556691736617,0.028738640893966997
CoderBiker24,34,2,35,2,0.002828762873585699,0.01689812340082366
Exciting_Teacher6258,32,1,32,1,0.0026919451256858036,0.011007611924362642
paxinfernum,32,2,35,2,0.0026564735775305155,0.0037918323148708757
whatdoido8383,5,2,5,2,0.0026219892107532798,0.00027105780307650607
jabberwockxeno,33,3,33,3,0.0025910138313266526,0.0038095977023326396
Conscious-Quarter423,60,6,60,6,0.0025864867028357634,0.02026529521055497
AdSpecialist6598,81,0,86,0,0.0025608512126145283,0.027242969209023207
Krankenitrate,89,0,90,0,0.002494413774865665,0.03236021152319102
digital-didgeridoo,30,1,32,1,0.0024058512941937697,0.005008141840648452
Training_Tank4913,3,2,3,3,0.0023293734316993256,6.776445076912652e-05
AlleKeskitason,3,2,3,2,0.0023133837352050128,0.0002169645642529669
joelaw9,17,3,17,3,0.002288995916621754,0.0018755201524983378
cyber_may,37,5,41,5,0.0022167893920558295,0.0054334139059844
lurker_bee,58,1,60,1,0.0021271666099088745,0.018343584688493585
ajayxyt,35,5,35,5,0.002088643815159112,0.007220739915614004
cs-grad-person-man,85,0,90,0,0.0020841034357793804,0.014809991429325564
WorldPeaceStyle,10,1,10,1,0.0020442505049031653,0.0010780644648755871
compuwiza1,13,1,13,1,0.0020336159311526245,0.003194844181836673
jholliday55,79,2,82,2,0.0020316204370964385,0.017628706694248316
happylogicgate,42,11,58,22,0.002022475986918152,0.003666528033218392
BrainWaveCC,19,11,19,11,0.0020080252648055448,0.04840228344940973
Ambitious-Garbage-73,72,12,79,18,0.0020044689369649693,0.0135533284671928
Cute_Dealer4787,74,0,77,0,0.002002416022965395,0.014785715007599764
muskymetal,45,8,52,9,0.00197570770656083,0.008787511674150483
YE1_,34,3,35,3,0.0019735001295004113,0.006111547296703049
marketrent,12,1,12,1,0.0019478712169133277,0.0007158841053859057
ForgotMyBrain,1,1,1,2,0.0019279619911467122,0.0
BaseballHead6898,34,1,39,3,0.0019228747950896187,0.006961678571076143
doneandtired2014,6,2,6,2,0.001914634792086071,0.001111778407083464
Busy_Ability7,38,5,40,5,0.0019028739739082503,0.0030240317708562555
JediMasterGator,33,5,34,5,0.0018860648271894962,0.004270137647501847
DiligentStrawberry12,37,8,40,9,0.001884098256853537,0.0025752552554729707
ipa_725,30,1,30,1,0.0018816989269987018,0.008537840826524588
Medical-Revolution72,57,12,66,13,0.001832037805616615,0.013257284725248428
NiceTo,30,0,30,0,0.0018227544808819716,0.012497887292195536
Proof-Emergency-5441,2,2,5,8,0.0017939545194133799,0.0
IloveRamonhehe,37,17,38,17,0.001747484735892984,0.006863859909980684
cowdoggy,33,6,39,11,0.0017260515990025799,0.003979838225867097
SecureSection9242,34,6,35,6,0.0017045548690811172,0.00938271948056955
Expensive_Purchase_7,41,6,43,6,0.0016860317391950385,0.005405682600592983
ControlCAD,57,0,60,0,0.0016432879932916796,0.012354638272005052
drabred,3,1,3,1,0.0016255459321270057,0.00011102442656940912
brightorbit007,37,0,37,0,0.0016221134176593662,0.00462165647095996
nycqpu,2,1,2,1,0.001608147052525676,2.1534705010426436e-05
OwlOfC1nder,7,6,12,9,0.0015866102026340148,0.0042347787885932305
SassyCannon,33,2,34,2,0.0015809737406542873,0.009410622019647041
thunder____boy,20,3,20,3,0.0015748165615881251,0.005688222957626361
CertifiedPussyAter,34,15,42,19,0.0015456202642620514,0.0036829152097811175
HawkLow6309,30,7,33,7,0.001542322286454966,0.0021929136085824205
StreetMaster5796,32,3,34,3,0.0015408753202568865,0.003463900190290728
Skyne08,16,11,22,12,0.001529755465904996,0.0018374059800478676
Opposite-Duty-2083,28,7,33,8,0.001526335102636972,0.002461923335891908
BigShotBosh,54,11,56,14,0.0015076524473439817,0.012588701381740114
Impressive_Chef557,31,1,33,1,0.0014918792389042716,0.002041941323850261
FredWeitendorf,32,3,34,3,0.0014511234920451589,0.001614155711985282
paydayloans_,60,0,60,0,0.001443956590209955,0.022710597331964646
AlSweigart,51,14,56,15,0.0014289840247663182,0.011579479574000661
irtiq7,48,0,51,0,0.001426805074074656,0.006212726072845754
mingmangmoong,27,2,27,2,0.00141467875452726,0.001255028479554331
SkullLeader,9,1,10,1,0.0014011851337315177,0.0006760358452263298
LazyCatRocks,3,1,3,2,0.0013889035704544536,6.776445076912652e-05
dskillzhtown,38,5,38,5,0.0013876835820500614,0.008254898356364372
Financial_Yard7047,32,2,32,2,0.001382548037254692,0.006915480943946351
fknm1111,36,6,44,13,0.0013780814614743364,0.0020619135083931733
nsxwolf,32,11,34,11,0.0013740317108307369,0.006035927724251906
Dismal-River-9389,2,1,2,2,0.0013508237870384176,6.776445076912652e-05
Stunning-Jaguar160,34,4,37,5,0.0013420325554979967,0.014198107654338028
Marthy_Mc_Fly,33,4,35,5,0.0013409332287226449,0.010188319882612332
dExcellentb,35,9,48,18,0.001304003485525574,0.0019695108684464613
Quill_4Nova,20,2,22,2,0.0012873880837124853,0.0012872444055285655
Natural_Security_182,24,1,24,1,0.0012805586564626197,0.0014358715299351674
Actual-Ad-6146,36,4,39,4,0.001280483280322958,0.017691967207044006
PRAXULON,21,14,27,16,0.0012765569316689188,0.003263592644324006
another-altaccount,6,1,6,2,0.0012667980063131687,0.00021181889509339275
BlondeAccountant98,38,9,42,9,0.0012560928163293998,0.006795453231499086
Fwellimort,46,9,48,10,0.001250045008003901,0.007826900188723456
hibikir_40k,17,10,17,10,0.0012354537249355427,0.013053070496322892
Aquarius777_,29,6,30,6,0.0012231021485463657,0.002085857280090326
ResolutionIntrepid10,21,1,23,1,0.0012003267959805914,0.004080301712435727
CuriousPathway,31,8,34,8,0.0011833547120878528,0.006869246332165902
Few-Sense1455,3,3,3,3,0.0011621705135763727,6.776445076912652e-05
Imaginary-Status4109,32,7,36,7,0.0011494244813302886,0.005440639592443447
Aymaneoo,30,0,30,0,0.001121013054082601,0.01604689203503668
JamesH_17,20,2,20,2,0.0011139067228203034,0.0017223347910044467
mehdalotian,1,1,1,1,0.0011092609881509072,0.0
codesmith_potato,1,1,1,2,0.0011061141796654748,0.0
UntrustedProcess,8,2,9,2,0.001088986767372492,0.0011307107881053996
self-fix,39,0,40,0,0.0010856582361821398,0.005530066886835685
Brownie-0109,13,4,13,4,0.0010836961638457335,0.0038449811481873516
DandadanAsia,28,7,32,8,0.0010833276092978648,0.008613617697478608
Unfair-Acadia6851,29,4,33,5,0.0010804428488312492,0.0025807492974939798
utvols22champs,1,1,1,1,0.0010792413200830444,0.0
Hem_Claesberg,27,17,40,30,0.001079047950249565,0.0031412764508714445
Hefty-Air-6307,31,11,37,12,0.001074473520209007,0.0025725874731076124
Apprehensive-Safe382,30,0,30,0,0.001072554199133985,0.008018088092977832
bobberbobby02,25,0,25,0,0.0010559936446225934,0.005897974090835349
Petrichrome,3,1,3,1,0.001051792460121082,0.00345214700368187
PatchyWhiskers,17,19,17,20,0.0010450907644136698,0.03592603874926628
TheKaritha,31,8,33,8,0.0010412636547620358,0.004966695179452227
Sea-Client1355,31,4,32,4,0.0010330887327928996,0.0065084662650813285
HouseOfJanus,29,4,32,6,0.0010324758541244198,0.0027768852726206125
stein63,2,1,2,1,0.0010313892167691378,0.00021119073428880417
Early-Surround7413,32,18,37,18,0.001023433908289444,0.008823084940896368
Ok-Shop-617,2,1,2,1,0.0010228255006281479,0.003519233809943301
abrandis,5,4,7,5,0.0010102365162011622,0.002162216869474927
HugeDegen69,3,2,3,2,0.001000786574475408,0.00013552890153825303
SonnyGeeOku,5,1,5,1,0.0010005900495106287,0.00027105780307650607
ILikeCutePuppies,14,18,20,19,0.0009920727759023353,0.007952520810275095
tracagnotto,26,12,38,18,0.0009801762794996347,0.005464367300656606
Useful_Tangerine4340,30,0,30,0,0.0009774669127732818,0.006893217645643297
iwuvpuppies,26,6,34,11,0.0009750695848180877,0.007758180322651867
eggshellwalker4,25,2,29,3,0.0009727236003337475,0.001751188488771824
InterestWild8558,30,2,30,2,0.0009710213674505195,0.006217893505396248
Mogante,13,1,13,1,0.0009708140226170334,0.001744153384862836
InformalViolinist748,30,8,34,10,0.0009679806830099494,0.005032335243785724
Sudden_Doughnut_8741,2,1,2,1,0.0009634087952622104,6.776445076912652e-05
sergius64,19,8,22,9,0.0009585552093691266,0.0019717266804525567
United-Efficiency678,3,1,3,1,0.0009517144774801631,6.776445076912652e-05
ADC04,1,1,1,2,0.000951015043846071,0.0
Willing-Vegetable629,1,1,1,1,0.000951015043846071,0.0
sailorsams,13,2,16,4,0.0009419043115793344,0.0008248781737638586
cupof2,1,1,1,1,0.0009369731988849315,0.0
Few-Expression259,35,1,38,1,0.0009292010697925921,0.002364584439409345
yourfavchoom,30,0,30,0,0.0009268851422778296,0.006611728741018585
zsreport,30,0,30,0,0.0009164096014992061,0.005410579969809518
98Saman,25,0,30,0,0.0009081308914041195,0.006182329628161445
throwaway09234023322,32,4,34,5,0.0009078639089993471,0.005509773582279958
etern4lflux,30,0,30,0,0.0009057665248582829,0.007451566219594154
stetzwebs,7,2,7,2,0.0009043784121496397,0.0038503909850014237
Phailgasm,15,2,15,2,0.0008954688776816957,0.005098375902588952
voyti,8,3,10,5,0.0008948926060664141,0.0002055804025208376
GasAccomplished3929,23,2,26,2,0.0008932022600295704,0.0022911256147865725
Illustrious-Word-979,30,1,30,1,0.0008921958929598617,0.0023401478939387437
Inevitable_Ear_6934,2,1,2,1,0.000889015763255488,4.339081472460569e-05
self-fix2,14,1,15,1,0.0008770083336450439,0.005927818366688985
Silly-avocatoe,28,0,30,0,0.0008743834618261915,0.012656850081196292
Adventurous-Host8062,30,0,30,0,0.0008538958660581833,0.0059457887189607195
rjewell40,7,5,7,5,0.0008527138620828235,0.0031416209745589777
2028W3,29,0,30,0,0.000852424220902274,0.0023478322800146306
ddog6900,2,3,3,3,0.0008509088097871457,0.00016695413853431713
MajorWang-,30,9,35,11,0.0008448586206043968,0.009392787450330172
PilliPalli1,58,0,60,0,0.0008339025489964665,0.00784550220535212
Fabuts,14,10,21,14,0.0008320263066280848,0.0006035275253612417
Spirited-Patient4650,30,0,30,0,0.0008303504883071606,0.0026345457550092976
Chili-Lime-Chihuahua,9,18,12,22,0.0008220619614163731,0.0067233704281881084
jdiddy_ub,4,2,4,2,0.0008206300577958242,0.00015938019858912372
TheMadTemplar,1,1,1,1,0.0008176258111262382,0.0
Square-March-475,32,10,39,12,0.0008146550388433298,0.0020268546596498667
Wrong_Swimming_9158,34,6,36,6,0.0008127333163225675,0.006333142677686474
External_Software918,30,0,30,0,0.0008122381881586052,0.006535544814122405
scavenger5,1,1,1,1,0.0008111939779980936,0.0
remoteDev1,43,1,43,1,0.0008001145771762174,0.007479165138926052
PoemEnvironmental547,18,4,19,4,0.0007946878154173857,0.002012977290532289
mel69issa,13,7,14,7,0.0007898387838598132,0.001666728004520793
Bellleq,30,0,30,0,0.0007823337348962264,0.002189567420329805
lays_indian_masalaaa,29,0,30,0,0.0007818443499602598,0.007146368266037762
ayu-ya,3,1,3,1,0.0007772558083050103,0.00013552890153825303
losangelestimes,30,0,30,0,0.0007769556076907112,0.006316728811351002
Frosty-Elevator6022,30,0,30,0,0.0007740132104890262,0.00243354299506089
grooveman15,14,6,18,8,0.000769920006028484,0.00141595310851155
IKeepItLayingAround,29,0,30,0,0.0007667442045276705,0.005432896196924456
Melodic_Crow_3409,15,5,18,6,0.0007653398296710378,0.0008970464091983103
SplendidPunkinButter,15,5,15,5,0.0007633940787894538,0.014284348834616493
Complete_Sail1611,20,10,28,15,0.0007610723541481515,0.001118815398419973
Montrel_PH,36,0,39,0,0.0007592201029606612,0.0026186686080665184
UsefulExplanation131,18,9,22,11,0.0007572782112037101,0.0052286290963502215
Wizywig,3,2,7,6,0.0007496966792244429,3.608778641390283e-06
sunstormfirefall,16,3,19,3,0.0007481521202743286,0.0008796478436359421
LiberContrarion,11,6,12,8,0.0007465010204837873,0.0005018136158796729
ArenjiTheLootGod,14,6,15,6,0.000744033379956244,0.0009544566342472285
swampmountain,30,1,30,1,0.0007371453449108485,0.003322908450749321
Prior_Coyote_4376,29,18,31,18,0.0007329724184127987,0.016846270300828085
Adventurous_Cod_432,26,0,30,0,0.0007312521488289707,0.008824673893658517
Sock-Familiar,31,6,32,7,0.0007254249581608996,0.006204599478228115
i_give_you_gum,2,1,2,2,0.0007135491438244374,6.776445076912652e-05
take-II,29,0,29,0,0.0007054538534717359,0.0018406070798639984
Alt4Red,26,0,30,0,0.0007045839245631653,0.002501335004220539
noidea11111111,5,2,5,2,0.0007021036801565286,0.00047435115538388563
lacymcfly,2,2,2,3,0.0006890877281316427,6.776445076912652e-05
Worldly_Track_1131,8,10,12,20,0.0006887359422809227,0.0003041202534934571
skwyckl,18,3,18,3,0.0006861367731162502,0.006658062983584403
lapurita,30,1,31,1,0.0006798900890448871,0.007799479371181792
JobComprehensive2206,29,1,30,1,0.0006737609641213736,0.006034312928410063
RolandMT32,30,1,30,1,0.0006735351536546532,0.010703792065682824
Plastic_Ninja_9014,30,0,30,0,0.0006710991484823116,0.008859087327833115
Imaginary-Bee-9408,33,6,35,7,0.0006705451712003474,0.0068470244463217375
BassmanBiff,1,1,1,1,0.00066948180701542,0.0
ballsonthewall,17,4,19,4,0.0006690215732994514,0.0074468636778652906
OhGr8WhatNow,6,5,12,11,0.0006664463150588746,0.00021460991147111098
zaferkhattak,18,11,18,11,0.0006654202427375098,0.008402400142885595
Far-Negotiation7793,25,0,30,0,0.0006626173466759084,0.001833584169384012
Secret-Second-5777,32,2,33,2,0.0006618233484052007,0.0020279799494135418
Different-Crab-5696,27,0,30,0,0.000660036079658117,0.005551918784595776
ptrnyc,1,1,1,1,0.0006565699595056296,0.0
Sensational-X,5,2,5,3,0.0006541283375574384,0.000168152936177479
Ok_Location7161,9,3,9,3,0.0006519461951772188,0.0004205591409112058
Hot_Trouble4770,19,2,20,2,0.0006504743815935886,0.0033018059595631036
NSC_ARS94BP,5,2,5,2,0.0006497564356631961,0.0008294468265993114
bishbosh181,7,6,12,8,0.0006490170234547101,0.0014703998628727549
Neat-Badger-5939,23,2,24,2,0.0006481218604799163,0.0010642371836789128
HellYeahDamnWrite,29,0,30,0,0.0006450226206238287,0.0017605695293454284
MD90__,15,29,23,34,0.000643416572209858,0.02826978502511546
No-Presentation298,30,0,30,0,0.0006426561482041307,0.009476285807635702
Affectionate-Army458,11,1,12,1,0.0006367155303262813,0.0012552476722828537
Jaig5970,15,1,16,1,0.000633495331749326,0.0011217310394824017
ProjectMarworyn,2,2,2,3,0.000632290154170074,6.776445076912652e-05
aTrueBraj,1,1,1,1,0.0006303843803752049,0.0
Illustrious-Tune-167,7,1,7,1,0.0006288728225793174,0.00041165254379896515
kazuto-09,13,1,14,1,0.000627740307007856,0.0019140511287257854
Zestyclose-Nature810,13,7,19,9,0.0006260070709205566,0.0005638946621303517
darklighthitomi,1,1,4,5,0.0006249777561419355,0.0
Cautious_Midnight_67,1,1,1,2,0.0006224386347519472,0.0
citizenjones,20,5,21,6,0.0006219581458531313,0.002789882001857225
Material-Heron6336,3,3,3,4,0.0006203590761903341,0.0005003138571567332
codemega,3,2,3,3,0.000620248130496977,6.776445076912652e-05
absentmindedjwc,16,11,16,11,0.0006186427486315388,0.014157381925526232
jobstuff2803,30,0,30,0,0.0006173047064426309,0.0073767564015973
indig0sixalpha,29,0,30,0,0.0006169272518525295,0.0045180954749963614
Crafty_Rush3636,30,0,30,0,0.0006164235056732505,0.002233802443363503
Christavito,3,4,3,4,0.0006157848018641694,0.000190331411009306
c-u-in-da-ballpit,20,5,22,8,0.0006146551225336704,0.002095625611824211
DualActiveBridgeLLC,19,5,19,5,0.0006107633228923317,0.002110298521017706
superdietpepsi,7,1,7,1,0.0006054676657511786,0.0010153142822816254
Notalabel_4566,29,0,30,0,0.0006053196232168546,0.010760003243179545
Several-Membership91,1,1,1,1,0.000604816424275238,0.0
DubiousLLM,29,1,30,1,0.0006038416511608812,0.004800077761666131
disposepriority,4,9,8,13,0.0006024269799178963,0.004212381453966499
Naive_Freedom_9808,6,2,6,2,0.0006012071653966952,0.0003112410382122315
ImSoRude,3,2,3,3,0.0006005765722302131,0.00013552890153825303
FloofyFlareon,3,2,3,3,0.000600336137405645,6.776445076912652e-05
Far_Space_386,30,0,30,0,0.0005980642305044256,0.010227823865102001
nylockian,12,7,19,13,0.0005980239414593281,0.0016635048760967857
DiscourseDM,12,3,13,3,0.0005958634791751968,0.006157012794234739
SignificanceShotc,3,5,4,6,0.0005949176559379651,0.00010244459314759766
f8Negative,15,3,15,4,0.0005938842419343655,0.010877738344619732
p1-o2,1,1,3,3,0.0005921304828320075,0.0
Sea-Ad7805,3,1,3,1,0.0005901153611891078,3.732548474153769e-05
EmperorLlamaLegs,2,3,2,3,0.0005869092956226164,0.00023786068172012767
springbd,26,0,30,0,0.0005856096067062077,0.0032456989955536547
Cakalusa,20,0,21,0,0.0005786795412103786,0.0014072828706882883
MattBlackWRX,10,4,10,4,0.0005755251587136275,0.0012422129816889486
grantrules,5,7,7,10,0.0005748569231632322,0.0006461436004612555
bubblesandroses,30,0,30,0,0.0005655745232714263,0.008156889988244594
TheByzantineEmpire,8,3,8,3,0.0005654404293611308,0.006936733443916494
ithinkitslupis,22,2,22,2,0.000564388739450131,0.00855010551427946
311TruthMovement,1,1,1,1,0.0005641854275059364,0.0
Weary_Objective7413,15,3,18,4,0.0005636099514087128,0.001388597146653307
Mo_h,32,3,32,3,0.0005625277449144063,0.007406161556611889
WithCheezMrSquidward,6,2,6,2,0.0005587082699615994,0.00026736907318439257
NotAnNSAGuyPromise,9,5,9,5,0.0005586580766317649,0.0047855292355439005
Barista4695,6,2,6,2,0.0005578822447911425,0.0008921714209852046
Ok_Cancel_7891,3,5,4,5,0.0005546955214778853,0.0006027216163214759
Effective-Bee-7004,10,6,12,7,0.0005502773274112552,0.0044728916871690045
lune-soft,30,0,30,0,0.0005487990316614852,0.00500619009232658
Flat_Palpitation_158,30,0,30,0,0.000546413773121213,0.0026874900877267593
The-amazing-man,12,8,15,9,0.0005461216121122437,0.0010155943135139924
FriendlyStory7,1,1,1,1,0.0005422583744330265,0.0
Icy_Razzmatazz_6112,3,2,3,3,0.0005409200174441169,0.00013552890153825303
broNSTY,3,2,3,2,0.0005393050848078285,0.00022569656963304644
WeedWizard44,30,0,30,0,0.0005392865264266626,0.008901397622415805
MysticMuffintop,30,0,30,0,0.0005383880573077418,0.00467343039333597
8QuarryDaze,4,1,4,1,0.0005383057105633623,0.00022987580031409228
AdKey370,1,1,1,1,0.0005379736925866593,0.0
gunslinger_006,12,4,13,4,0.0005354071136495098,0.0025676170937728934
TwoAlert3448,13,13,15,16,0.0005338605173152559,0.0012381938324467524
NomadTStar,9,3,9,3,0.0005329386169771768,0.0035037040965058006
gibagger,8,4,8,4,0.0005300734507024049,0.007818088500232287
severus-black,24,7,25,7,0.0005291799119418645,0.0012674027077575376
saml01,3,1,3,1,0.0005282585384086876,0.00024891742903838666
aqua_regis,13,13,15,15,0.0005260647244061527,0.007836742774512297
mach1alfa,8,5,10,6,0.0005256468486516966,0.00026269096605880906
BitterCap1106,12,3,12,3,0.0005227253347116214,0.0015247001423053467
W_lFF,31,2,32,2,0.0005212030106018495,0.0032588472326719187
ChildOf1970,14,6,17,8,0.000516566826402386,0.0009074714665623995
Matin_Khaste,17,6,18,6,0.0005162617684647283,0.002065159929320926
kitt614,4,2,5,2,0.0005159740995031738,0.00013917312311294828
hopfield,14,3,16,3,0.0005134365023339025,0.0008447351058210312
5wimmlng,30,0,30,0,0.0005128523477047745,0.006963382715187616
kevinossia,14,6,17,8,0.0005120045980387701,0.0008279505756700731
Kok_Nikol,14,9,16,9,0.0005118668205196005,0.0010676846538411676
Zforce17,5,1,6,2,0.0005094792934616757,0.00027105780307650607
Optimoprimo,7,1,7,1,0.0005091569368526632,0.0006576230006778419
TPSoftwareStudio,7,1,8,3,0.0005083748156354098,0.00069602303224889
unknown13371,29,0,29,0,0.0005060431399552609,0.0019444539730455268
zombiekoalas,3,1,3,1,0.0004982620449290157,2.12169661200752e-05
CatDawgCatDawg2,18,7,18,7,0.0004968780320220542,0.0070594235798778745
TesserVine,1,1,1,1,0.0004959889716060434,0.0
Scarletsnippets,21,4,24,6,0.0004943366778590632,0.0033899335137770937
bill2340,15,4,16,4,0.000494088356245883,0.0005445079900988275
Pwfru,18,5,19,7,0.0004927833624275646,0.003631457139685411
poliosaurus3000,6,4,6,4,0.000492540289015489,0.00041566242034016975
questions_eng,10,1,11,1,0.0004915659034008949,0.0006059098511398232
blow-down,25,4,26,4,0.0004889832282943269,0.0038882645142466086
andrewsmd87,1,1,1,1,0.00048786987368450456,0.0
Cruxx222,29,0,30,0,0.0004878189117892076,0.006434532346796316
Educational-Ant-9587,10,1,10,1,0.0004856778588480319,0.011522007467737592
NewChameleon,15,15,16,16,0.0004826919218595418,0.0062288069216520706
natemzz,10,2,13,3,0.0004810055332666412,0.00035226677990528874
Ciccio178,2,1,2,1,0.00048033396313061736,5.344464182753866e-05
lordyato,18,4,19,5,0.0004777461715499084,0.0008330558470560733
WhyYouLetRomneyWin,16,6,19,7,0.00047475284484629947,0.0006098054868277511
cookingboy,14,17,22,28,0.00047450803930441807,0.005975230453318004
hydecide,14,5,15,5,0.0004714902712852105,0.0008326599090524203
Turkdabistan,7,1,7,1,0.0004701536072214465,0.0038307916128921746
cfangvisuals,27,0,27,0,0.0004691136055929443,0.0021440154510044673
susanoo0,9,7,9,8,0.0004689919885656068,0.004039429878631768
Latter-Risk-7215,4,3,4,3,0.0004688178048254854,0.0002778607437286124
Stradivarius796,29,0,30,0,0.00046819595474525727,0.0038084360958358424
Devmoi,18,9,24,10,0.0004650100626831534,0.006653680251703482
Minute-Banana-8087,30,0,30,0,0.00046466263845426473,0.002635911603859796
dylboii,12,1,12,1,0.0004585470674030452,0.0029373927700475566
Available-Range-5341,10,10,15,14,0.00045734758098747876,0.0030951350577810557
Defiant_Regular3738,9,2,9,2,0.0004564117160878448,0.0005959751836756834
glassorangebird,3,1,3,1,0.0004547819677647956,0.0006098800569221387
kamilc86,27,0,27,0,0.0004522742778882577,0.004814457088219854
salamazmlekom,10,4,12,7,0.0004507279226246074,0.000645122255318161
Beardfire,2,3,2,4,0.00044820501414760954,0.0004075061444465526
ironman288,4,2,5,3,0.0004470541327662764,0.00018424350332545998
Alternative-Bad-3696,14,4,14,4,0.00044446607453320987,0.006055222425861776
trynacruise,1,1,1,3,0.00044295217530122957,0.0
ThrowAway1128203,1,1,1,1,0.00044295217530122957,0.0
sentencevillefonny,11,6,12,6,0.00044284252450142703,0.0015137889515228608
AvidReader1604,9,1,9,1,0.0004412714251310447,0.0005683280691083623
NewsCards,5,1,5,1,0.0004401002175125841,0.0013002391694310392
NVCC-anon,26,0,26,0,0.000440093783626494,0.005576350408458911
FantasticEffect10,22,0,24,0,0.00043855354042316824,0.0010616745249052112
someLucasMuecas,1,1,1,2,0.0004370950585239921,0.0
Beneficial_Prize_310,1,1,1,3,0.0004370950585239921,0.0
BeMancini,16,4,16,4,0.00043669350833552107,0.01466058682635342
Free_Medicine4905,7,2,7,3,0.00043470051407827647,0.0003355221158993591
Illustrious-Pound266,20,27,25,34,0.0004296348436842748,0.00618429667119122
ninhaomah,3,4,4,6,0.00042931652987534435,5.047272530500829e-06
therealslimshady1234,10,17,20,30,0.0004290624359758276,0.007581032384676498
tmdblya,17,2,17,2,0.00042861230090044186,0.002575702444724999
lhorie,13,14,15,17,0.0004285297172763009,0.009071593218511394
RonaldoNazario,10,3,11,3,0.00042824359614408925,0.0005662962623816537
Tecoloteller,1,1,1,1,0.0004270118504090956,0.0
liverandonions1,4,4,5,4,0.00042597617367613207,0.0002202842227612804
NanditoPapa,15,2,15,2,0.0004259023898514825,0.0020862336699890337
morpayti,22,0,23,0,0.0004231785917368227,0.003108573461632126
Neither-Land-1617,1,1,3,3,0.00042214121329930645,0.0
socks_n_shoes,20,0,23,0,0.0004218162413503354,0.0010379749164183012
vbullinger,15,6,16,6,0.0004215646389388149,0.00141826466619503
Mountain-Spend8697,11,2,11,2,0.00042135371802337396,0.001103234009806212
Deicide1031,8,2,8,2,0.00042003416236085833,0.004800623284042426
jtwh20,4,1,4,1,0.00041951037751653875,0.0006174305394258664
desert_jim,6,4,6,4,0.0004189328685001373,0.0017844546813467286
TheHammer987,2,1,2,1,0.00041709956321479716,2.9332422398531737e-05
TruthnotKnowledge,4,3,6,4,0.00041567953195162014,0.00020329335230737957
BeardedDragon1917,13,2,14,2,0.0004152206570184717,0.005917620420885416
PolarBearInTexas,18,1,18,1,0.0004135071604079326,0.004807299803916354
winmace,6,3,6,3,0.00041302713089492034,0.0012762024204732278
EmperorKira,9,6,9,6,0.0004119720723960309,0.006612563192896392
Coriolanuscangetit,3,1,4,2,0.0004101412588431531,6.94856266917781e-05
Stiggalicious,9,1,9,1,0.00040940033792706955,0.0019467363906014966
DangerousMushroom253,21,1,23,1,0.00040926533502461115,0.004215534794700136
Acrobatic-Macaron-81,20,3,21,3,0.00040651973493938814,0.0035405262423381357
Robo_Joe,3,2,4,3,0.00040623456526237944,6.230996687443763e-05
MachineFar3438,2,1,2,1,0.0004061474801833978,6.776445076912652e-05
Freshflowersandhoney,2,2,2,2,0.00040323122209879166,0.0005304493858387909
SpellHot3558,29,0,30,0,0.0004003322697112867,0.001975035100227791
_Starblaze,29,0,29,0,0.0004001716353576571,0.007076712546621833
No-Entrepreneur-1010,4,4,8,7,0.0003998080458635314,6.776445076912652e-05
SnugglyCoderGuy,3,3,3,3,0.0003986494885622773,0.0007552864868151132
SteveFrench12,12,1,12,1,0.00039835644403128314,0.0006474693221867972
Ok_Experience_5151,10,9,11,11,0.00039812813143111006,0.0029238649428279754
GNTsquid0,7,3,8,3,0.0003962091282732174,0.0005213022650041081
pivotcareer,8,6,10,8,0.00039568363949802374,0.010662968245621475
ConfidentialStNick,2,1,2,1,0.0003948411521729763,3.1474680741593714e-05
Jinkii5,2,2,2,2,0.00039472287468425983,0.00048190163788761325
Gunofanevilson,2,1,2,1,0.00039472287468425983,0.00048190163788761325
ischemgeek,14,10,16,11,0.00039363338114767685,0.0015220522188565456
SilentTiger007,10,4,12,4,0.00039293073671806453,0.0036771743684039225
Huge_Bird_1145,1,1,2,3,0.0003915506317189439,0.0
lordkhuzdul,1,1,1,1,0.0003909227633923426,0.0
DeliciousBeanWater,2,1,3,3,0.00038896540046546695,0.0
Lonely-Math2176,1,1,1,2,0.0003886442764649066,0.0
Mammoth_Elk_3807,1,1,1,2,0.0003886442764649066,0.0
ArchinaTGL,13,1,13,1,0.0003874043970922959,0.0021185777071387815
David-J,8,1,8,1,0.0003860951813829825,0.004105299220998514
mepper,27,0,27,0,0.0003854845804746298,0.008045762725498527
RussianDisifnomation,7,2,7,2,0.0003846337672242163,0.001232456213979987
jennajellybean18,30,0,30,0,0.0003846152997183617,0.005341683428145886
WeWumboYouWumbo,3,3,3,3,0.0003840635934623689,0.0035194596914458662
thrrrowitawaygg21,4,1,4,1,0.00038333190502015625,0.00017694910821492723
Regularjoe42,1,1,1,1,0.00038232912326812037,0.0002862762352268185
yuvaldv1,9,2,10,2,0.00038053534751405815,0.00073341743908052
2rumoon,30,0,30,0,0.0003804767755362014,0.008606901091164791
Pen-Pen-De-Sarapen,6,5,8,6,0.0003804414718670555,0.007260474289736126
applejuixe-,26,0,26,0,0.0003799896443652639,0.005167776301197295
SenKats,8,1,8,1,0.00037971323374293045,0.003960320134997472
Educational_Teach537,5,1,5,2,0.00037920113648134794,0.00020329335230737957
OkCandle6586,7,2,8,3,0.00037831058717961073,0.0037223012807481182
CreasingUnicorn,8,2,9,2,0.00037736116759245776,0.0005191619723199816
coder155ml,3,2,4,2,0.00037634615246722727,6.815974339861309e-05
Triumphxd,1,1,1,2,0.00037436127670339547,0.0
Individual_Scheme_11,12,1,12,1,0.00037317225964755043,0.0009517981112683083
SwitchOrganic,6,7,8,11,0.0003724485235315387,0.00013071510339592298
morosco,3,1,3,1,0.0003717922098713841,2.5172012709000816e-05
Psyc3,8,16,8,17,0.00037160511714789165,0.007078052965761247
LaughableIKR,8,3,8,4,0.00036926040041630596,0.0038007391486884123
goingofftrack,6,1,6,1,0.00036819021601988195,0.00044812352986943823
yarrowy,10,5,12,5,0.000367898171431743,0.0004086083356310493
jmeesonly,1,1,1,1,0.0003675641014795321,0.0
Zestyclose-Fly-6384,1,1,1,1,0.0003675641014795321,0.0
DaftPump,1,2,1,2,0.0003675641014795321,0.0
atlien0255,1,1,1,1,0.0003675641014795321,0.0
UcryXc,8,4,9,4,0.00036750394382949897,0.00040788688847237335
dontfeedagalasponge,4,1,4,1,0.000367058126162775,0.0036579716066873994
F0tNMC,1,1,4,3,0.000366498057842914,0.0
Sir-Craven,5,1,5,1,0.00036613527755911064,0.001062271360076085
Cookster3211,4,2,6,4,0.0003659773793230422,0.00020329335230737957
EntrepreneurHuge5008,6,5,6,5,0.00036594033173026444,0.00032116482762765166
micahld,11,2,11,2,0.0003644368957428302,0.00100830523763038
Subject9800,12,2,12,2,0.0003637139183489112,0.002090697128821617
TheBrinksTruck,3,1,3,1,0.0003615039901519097,7.338082507742768e-05
Virtual-Ducks,8,8,10,9,0.0003595311179471037,0.002143706299087374
travelingtraveling_,1,1,2,2,0.0003562667789133476,0.0
dkopgerpgdolfg,3,5,4,7,0.00035517930694148016,0.00017119746618168992
mandzeete,4,7,5,8,0.00035380335798355716,0.0006611558615757692
Ja_Lonley,8,2,8,2,0.0003537210772318264,0.001151624802280825
2daytrending,10,3,13,4,0.00035133361801560994,0.0037837309448319513
DressedSpring1,10,1,10,1,0.00034866957451587305,0.0038743525718770724
applepiebythelake,1,1,1,1,0.000348188124360865,0.0
wereeffednjoytheride,9,3,9,3,0.0003477928841059571,0.0009500519113753512
XSC,16,1,16,1,0.00034698767267974577,0.005828533832117795
Sidwill,3,2,4,2,0.00034574095395690125,4.316599369956625e-05
sabometrics,11,1,11,1,0.00034344075607318516,0.008640282509951908
StrangeStrider,13,1,13,1,0.0003430096373417237,0.0015707307570553535
s9oons,11,9,12,9,0.00034247106719778744,0.0025479829490684842
narf007,3,4,5,4,0.00034122443720059755,0.00013552890153825303
SkellyJelly33,13,2,13,2,0.00034042391598004904,0.007279827607458203
PetalumaPegleg,4,2,4,2,0.00033946962471777,0.00043699619095692637
BortkiewiczHorse,8,2,8,3,0.00033743979634361153,0.00030221714920002026
gen3archive,15,14,17,15,0.00033636698817100075,0.0022136858716990167
Pitiful-Impression70,7,2,7,3,0.0003363347194769528,0.0004736742628388169
Just-Scar1090,4,2,6,3,0.0003363300658845686,0.0001090555795453222
MikeTalonNYC,8,2,9,2,0.0003359734639424521,0.0009142915374574437
weepinstringerbell,11,0,11,0,0.00033533369109510963,0.004778376923123471
epelle9,8,4,8,4,0.00033491481159030214,0.0014956419528572872
uinuin,9,4,12,4,0.00033453457698428863,0.0005620228050320512
Gatsu8904,10,3,13,5,0.00033419552083261154,0.0005482802065761216
kgurniak91,1,2,1,3,0.0003333925337229696,3.1655577378643995e-05
Sad_Bus4792,1,1,1,1,0.0003333925337229696,0.0
Proper_Jeweler_9238,1,1,1,1,0.0003333925337229696,0.0
NotYourGuyx,6,1,7,1,0.0003331830110860903,0.0004247860551040617
GoofySenpai,8,4,9,4,0.0003325131951062647,0.00045800067382827895
AG3NTjoseph,12,2,12,2,0.0003319509781511847,0.002328337535700185
CyberWarfare-,3,1,3,1,0.00033187587723654076,6.11951002009073e-05
Chichikuka,7,1,7,1,0.0003315230091037229,0.0011065171968279595
Accomplished_Net_839,1,1,1,1,0.0003314423775445343,0.0
AmbassadorNew645,1,1,1,1,0.0003314423775445343,0.0
Stunning-Attempt6136,9,5,9,5,0.0003306947608206316,0.0005136106100287976
howzlife17,3,2,6,6,0.00032993478867359116,1.5320764397430887e-05
the_pwnererXx,6,7,9,10,0.0003281122067714589,0.00029924043215376095
muntaxitome,16,1,16,1,0.000325616754949463,0.001277668027997889
bodhidharma132001,14,1,14,1,0.00032502442214142255,0.005106841091532328
Gimme_The_Loot,3,3,3,3,0.0003250223883817555,0.00013552890153825303
GaIIick,6,2,6,2,0.00032476305104783175,0.0010974397080989087
Impressive-Weird-908,10,2,10,2,0.0003230913075198979,0.0011978885587299738
illicity_,25,1,25,1,0.0003227936248774684,0.001980109987622363
theaviationhistorian,8,2,8,2,0.0003222616268208722,0.0014164004691566811
one_pound_of_flesh,12,4,12,4,0.0003204498887803715,0.007506474147029737
detroitsongbird,7,1,7,1,0.00031991240895205906,0.0006506302363114173
Trikki1,14,5,14,5,0.000319873110564864,0.0031368404489315843
xvillifyx,8,9,12,13,0.0003177957308388192,0.0015675666610796785
MarkyTooSparky,5,1,5,1,0.00031702368260340093,0.0010053773282603625
rwilcox,6,7,6,7,0.00031429855616293436,0.0013220492920111336
exonetjono,1,1,1,1,0.00031293603967418607,0.0
imagineepix,10,4,10,4,0.00031276927257929373,0.0028019519531289855
vjsfbay,5,4,5,4,0.0003121931473242403,0.0035182572730861183
NotAllOwled,7,2,7,2,0.0003120795998996496,0.0005290160512011836
omgitsbees,8,2,8,2,0.0003120580785365547,0.0030977692545092667
react_dev,8,4,10,6,0.0003119932039381298,0.00024848259401900777
Ozymandias0023,9,5,11,6,0.00031104577879598465,0.000523420070891764
WindowSyll2,13,3,13,3,0.00031071369356331383,0.0008153289507608422
StasRutt,9,3,9,4,0.00031060096634238926,0.0010486007663153634
moffitar,4,1,4,1,0.00031009666646729725,0.0006544302528222049
Suitable_Speaker2165,6,5,7,5,0.00031008912142452906,0.0001884297585178562
Public_Victory6973,11,2,11,3,0.000308296280272956,0.0039051597655355274
kerlious,18,1,18,1,0.0003079650218262537,0.014739832160165896
Wartz,11,2,11,3,0.000307641336249717,0.004089716444711799
Educational-Rip3511,4,1,4,1,0.00030759669473043663,0.00014271977770371786
Forward-Month-8739,15,0,15,0,0.00030722925324825164,0.0017114358965248863
Fabulous_Soup_521,9,1,9,1,0.0003054372254535165,0.0023948826759008605
Wooden_Load662,5,3,5,3,0.00030493628984296366,0.003725002134009499
isloomer,7,1,7,1,0.00030483144358459287,0.0004565432474354418
TXREQI,4,1,6,2,0.0003036825562050852,0.0035196855729484303
RaptorKnifeFight,8,1,8,1,0.0003027924553938378,0.0016458918351350846
saintandthesinner,9,3,9,3,0.00030180418732405777,0.0004797723327573569
Traditional-Handle83,9,6,12,7,0.0003010142930482888,0.0009434851197218066
Drewster727,2,2,2,3,0.0003003143181865167,0.0003181093102033957
silly_bet_3454,9,6,9,6,0.00030003551995153163,0.0009580947347941085
ModernTenshi04,2,1,3,2,0.0002997786153194995,9.104609686670653e-07
Formerly_SgtPepe,14,12,15,12,0.00029930499307686485,0.0014014988783580986
IESAI_lets_go,6,2,6,2,0.00029908254430777604,0.0005358608015580323
vimalrughani,6,2,8,4,0.0002988332055824527,0.00027105780307650607
popey123,3,3,4,3,0.00029799021656794385,0.00018478485761977214
nhozemphtek,8,1,8,1,0.0002977900729030848,0.0010012812962429676
spyser,9,2,9,2,0.0002977544796552354,0.0008046720523613738
winsomelosemore,4,2,5,2,0.00029615828382348466,0.0003667188933333815
sje46,2,2,3,3,0.0002961458325046663,4.5176300512751013e-07
jnwatson,5,4,8,7,0.00029586428564258935,4.4301254531374115e-05
BizAlly,8,3,9,3,0.00029317722327757307,0.0005688520147769625
e76,15,1,15,1,0.000292061623245348,0.0008241357591095594
Own-Papaya-4264,7,4,7,5,0.00029174561166061766,0.0009118159381018656
TrickStar1989,2,2,5,6,0.00029136300954037266,6.776445076912652e-05
shaoertw,2,2,3,3,0.00029087379460370166,2.9816953660487485e-06
Party_Trick_6903,4,2,6,4,0.0002902224471758694,6.776445076912652e-05
Glum_Nothing_6538,1,1,1,1,0.00028872301972537905,0.0
ridddder,1,1,1,1,0.00028872301972537905,0.0
dcooper8662,12,3,13,3,0.00028861267571569807,0.0015185397348789155
wylie102,11,3,11,3,0.0002881121006308358,0.0007875564844875744
Prize_Response6300,9,9,9,9,0.00028644261946943764,0.006575172615795153
Mimikyutwo,5,3,6,4,0.0002863187892157079,0.0002635961686815336
-n-i-c-k,2,2,4,4,0.00028593245547286935,0.0
_BreakingGood_,11,2,12,2,0.00028525673021140524,0.0018929464060039533
Beregolas,2,1,3,3,0.00028471395581257917,0.0035865464977073015
jackbowls,5,3,8,5,0.0002844355775279428,0.0
TimMensch,12,12,15,13,0.0002840609493445012,0.0014899177548608929
RdtRanger6969,10,2,10,2,0.0002833374542724423,0.00456973137365567
MyFeetLookLikeHands,10,10,10,10,0.00028291471801687983,0.0015016009022542135
DeanKoontssy,11,1,11,1,0.0002823728365075141,0.008309620595115403
Orion_Oregon,4,1,6,1,0.00028231504528486445,0.00020329335230737957
cswinteriscoming,5,6,8,9,0.0002822497550943957,0.0018743259028396876
Safe-Display-3198,2,2,3,2,0.00028170784108603797,6.776445076912652e-05
DisasterDalek,8,2,8,2,0.00028084528366353526,0.0007251270555514991
NoForm5443,1,2,1,2,0.00028068194753935125,2.4994502231638135e-05
Bucky2015,9,5,9,5,0.00028030022955656954,0.0016558224735033203
umadbr00,5,3,5,3,0.0002802063257953515,0.0010799904321350633
Exotic_eminence,1,3,2,4,0.00028007062586594175,1.3079265023034798e-05
Mindless_Tangerine32,10,3,10,3,0.0002797580471399049,0.0004957163843599947
bluefyr2287,1,1,1,2,0.000279303530314504,0.0
botella36,6,5,6,5,0.0002788022224083679,0.0007457284417045312
ajl009,2,2,6,4,0.00027875891189544196,0.0
inductiverussian,1,3,3,5,0.00027851226751011906,2.0381748406775883e-06
Specific-Window-8587,7,1,7,1,0.00027848896822670413,0.0009749395872076435
Didact67,17,1,17,1,0.0002782619980213412,0.004965314728361006
slimscsi,5,2,5,2,0.0002777986595401946,0.00041525987611753054
Any-Awareness-9773,4,1,4,1,0.0002777412212616364,0.00020329335230737957
ivancea,4,5,8,10,0.0002772560721494282,9.175405134704598e-05
SynapseNotFound,3,1,3,1,0.00027697944444647523,4.0300394584237275e-06
Dr-Moth,7,1,7,1,0.00027669365094823444,0.0010567710627111153
Elegant_Necessary131,4,2,4,2,0.00027634857164352726,0.00020329335230737957
Woodit,3,2,3,3,0.00027593437957174305,0.0007905040283009228
Due_Gap_5210,6,4,6,4,0.00027335372286643836,0.00034928577295810395
FoxFar8583,2,1,2,1,0.0002733115382505189,6.776445076912652e-05
PhilosopherNervous63,21,0,21,0,0.00027330830301257553,0.0013717512090091765
AcanthaceaeOk2941,1,1,1,1,0.00027288583989100966,0.0
ipurge123,1,1,1,2,0.0002700647463730786,0.0
shadowpawn,3,1,3,2,0.00027006293149962126,0.00019059513741231124
BD401,7,1,7,1,0.00026998122932590156,0.0007644207600331413
Longjumping-Speed511,4,6,5,6,0.00026992128931943175,0.00018134091738231526
diacewrb,10,0,10,0,0.0002697895614162473,0.0021971758341916728
Super_Mario_Luigi,13,11,13,11,0.00026889703722405347,0.0019594043887350876
kavachon,7,1,7,1,0.0002680118798126898,0.0012115164669696367
Robotbeckerz,2,1,2,2,0.00026791842054998185,6.776445076912652e-05
Deepnorthdigs,3,1,3,1,0.00026755254367970597,0.001725847620338371
Inatimate,6,1,6,1,0.0002674128721346806,0.00039911177048336874
mdws1977,4,3,4,3,0.00026718688311282363,0.0013378579846350317
Creative-Letter-4902,7,3,7,3,0.00026705755262805347,0.0
MamaCareerGuru,6,3,6,3,0.000266761043861714,0.0002642554328407403
Gibslayer,4,1,4,1,0.0002666709939837937,0.0003627207669187746
kummer5peck,6,6,8,11,0.0002666416969852175,0.0006530881296757649
Timely-Ad-3439,5,1,5,1,0.0002663916594424292,0.003485601650219688
Mescallan,12,5,13,5,0.0002660595548258869,0.0005763986026916027
Accomplished_You5909,3,1,3,1,0.00026605187512088765,0.0003333291663436606
NoseRepresentative,14,0,17,0,0.0002655850066169405,0.0007037264746957662
Isogash,2,1,2,1,0.00026518729371160816,0.00051010948671316
hubert7,7,6,8,8,0.00026380548191341096,0.0005032444748134271
jabij1,3,1,3,1,0.00026343624949314845,8.293393806860375e-05
SurelyNotLikeThis,3,2,5,4,0.00026340921443134506,6.776445076912652e-05
NYGiants181,1,2,2,4,0.0002627543540192688,1.3310835067862437e-05
SadExercises420,1,1,2,2,0.0002627543540192688,0.0
bloodphoenix90,1,1,2,2,0.0002627543540192688,0.0
Humble_Hurry9364,6,7,11,12,0.0002622353472144507,0.00010052887132617988
flowing42,13,1,13,1,0.00026219266313407913,0.0010628827042129716
Sea-Astronomer75,2,2,2,2,0.00026216560360406145,6.770187548801088e-05
ricecakeiscranky,5,1,5,1,0.00026132818504293433,0.0007391519874935228
PieKia,11,1,11,1,0.000259915024518429,0.008163343538484667
themanfromvulcan,6,2,7,3,0.00025929790523711614,0.00040658670461475913
QuesoMeHungry,11,5,11,5,0.0002590175454256776,0.004349163543670033
LotsofCatsFI,2,2,2,2,0.0002589320298667893,6.776445076912652e-05
upsidedown-funnel,3,1,3,1,0.00025878306114052293,0.0002756666068681904
schprunt,3,3,3,4,0.0002579378394083015,0.0003388222538456326
LeagueAggravating595,5,3,5,3,0.0002577174092685564,0.0003829581261253835
Legitimate-Fix5421,2,1,2,1,0.00025734375244753385,2.1292078894235765e-05
misterespresso,3,2,3,2,0.00025731673253315246,0.00013984001868042102
ultigamer101,10,2,10,2,0.0002563318185901936,0.0009223345818794937
CharcoalGreyWolf,9,5,9,5,0.00025624791045565366,0.00038311700872840676
APS0798,7,3,10,3,0.0002555917753743919,0.0036570524347212603
red__dragon,1,1,1,1,0.0002555246691338424,3.3203847495370163e-07
Many_Pea_9117,7,4,7,4,0.00025502573908880955,0.0003303000263444425
fasurf,3,2,3,2,0.0002540754902304813,0.0002844560726559518
zarikworld,7,8,11,11,0.00025389372937506804,0.0004105812249989177
Environmental-Tea364,2,1,2,1,0.00025377540661379177,0.003198203569743681
jimbo831,3,5,4,7,0.00025359849461958374,0.0008438259135184039
SchwiftySqaunch,5,1,5,1,0.0002535962341492471,0.0007824344397583251
Suitable_Chipmunk337,1,1,3,3,0.00025270274247901587,0.0
TrumpisaRussianCuck,7,1,7,1,0.00025135702035349955,0.0009483645262835137
Historical_Silver178,1,1,1,1,0.0002512879014829736,0.0
crapshooter_on_swct,1,1,1,1,0.0002512879014829736,0.0
No-Share982,1,1,1,1,0.0002511468767394641,0.0
DigmonsDrill,10,12,12,15,0.0002506724481884678,0.005932980078411222
Due_Engineering8321,11,1,11,1,0.00025038171164573506,0.004400949193879276
baileyarzate,4,3,5,4,0.00025033733460521555,0.00020329335230737957
quesadyllan,10,4,10,4,0.0002495835959546759,0.0005482883041906162
Due_Satisfaction2167,4,2,4,2,0.00024956495648923344,0.0004329882312096165
quantumpencil,11,5,13,5,0.0002495121711544683,0.0008072375975486051
Wonder_Weenis,5,4,5,4,0.00024875694425723207,0.005011180830086152
UntoldUnfolding,1,2,1,2,0.00024862097475495326,4.817598858358339e-06
Guideon72,1,1,1,1,0.00024862097475495326,0.0
American_Streamer,1,1,1,1,0.00024862097475495326,0.0
geon,1,1,1,1,0.00024862097475495326,0.0
Ok_Session_5127,2,2,2,2,0.00024794543177981406,0.00013552890153825303
OkTank1822,4,3,4,3,0.00024762665882028487,0.0010407119145190765
morphcore,5,1,5,1,0.00024745953321703303,0.005206217831793953
maxintos,5,2,5,2,0.0002468212488940584,0.0002728151402117968
lenswipe,11,7,12,8,0.00024677914272634217,0.0018933389082263984
myorliup,1,1,1,1,0.0002463539403197581,0.0
GraspingGolgoth,2,1,2,2,0.00024618848659287054,0.0
MaximusDM22,5,5,7,8,0.00024598629260750513,7.792515640887333e-05
Fun_Highway_8733,6,5,7,6,0.0002456258228085799,0.0012990807244158827
googleguyst,5,4,6,5,0.00024506049852257523,0.0002679300142317187
Cistus943,16,0,16,0,0.00024388778452274462,0.0013874368999537204
rnilf,11,2,11,2,0.00024351932001277914,0.0021804062669345922
Niceromancer,5,3,5,3,0.00024349996193307865,0.0016861642696469775
Stefan474,1,1,1,2,0.00024282717539901607,0.0
Aggressive-Comb-8537,1,1,1,1,0.00024282717539901607,0.0
NHhotmom,4,1,4,1,0.00024238576247805676,0.0032984201355989273
Mysterious_Andy,4,2,4,2,0.00024188331465308768,0.00017224776431721986
Silent-Analyst3474,2,2,2,2,0.00024130901307311403,0.0006810537053129919
Hamsandwichmasterace,7,3,8,3,0.00024126182095940692,0.0015292410267569972
frenchfreer,8,4,9,5,0.00024115707235882085,0.002425206725545198
XivaGG,1,1,2,3,0.00024115247987254484,0.0
brainrotbro,3,3,3,3,0.0002410050233880649,0.000616547545238733
ambulancefactory,2,1,2,2,0.00024064046528081003,0.0
ExtremeVisit7533,2,1,4,4,0.00024048946524144108,1.3552890153825302e-07
3yl,8,2,8,2,0.00023999963231495315,0.0010498413248789893
RaineeeshaX,1,1,1,2,0.00023864581921996162,0.0
0263111771,6,7,9,9,0.0002384252767157535,0.0024036709848175293
commandrix,8,2,8,2,0.00023785352737446436,0.0008504150512140772
Confident-Gap4536,10,1,10,1,0.00023734336585087902,0.004077269456194231
dwbria,4,4,5,4,0.00023642123100849977,0.00024349807290710888
Greenimba,4,4,4,4,0.00023449536161820655,0.0001480159829955256
DarkMist77,16,0,16,0,0.0002338639289546338,0.002740021460852311
obsolescenza,4,4,10,10,0.0002331754194203026,0.00013552890153825303
DanTheMan_____,7,5,10,6,0.0002328866453927443,0.0003431014534219793
kquizz,3,2,3,2,0.00023288126567290297,0.0007093962247741075
js_learning,3,2,3,4,0.00023198360704746363,6.776445076912652e-05
Plaintalks,12,0,12,0,0.00023158894668197995,0.00165811328675079
ProtoJazz,10,2,10,2,0.0002307976771941887,0.0009459953271153526
8004612286,4,6,6,8,0.00023012988391567688,0.00020641356181364768
Calimar777,11,1,11,1,0.0002300460351214093,0.0024976705137591034
devOpsStarboy,1,1,3,3,0.0002298023917205633,0.0
comradeda,2,2,4,3,0.00022850646287713512,6.776445076912652e-05
tits_mcgee_92,2,1,2,1,0.00022839753207391146,3.7170672426471226e-05
ripndipp,3,2,3,2,0.000228169842011558,6.455392501731741e-05
TrueTurtleKing,1,1,1,1,0.0002274174518450536,0.0
DeliriousPrecarious,6,3,7,4,0.00022702612884985054,0.00029641268305363727
cucci_mane1,7,5,7,5,0.00022650164094237106,0.00693099909221432
Thick-Ask5250,1,1,2,2,0.00022612742704614593,0.0
One_Doubt_75,1,1,1,1,0.00022580325557842166,0.0
krrankybaby,5,1,5,1,0.00022573630266302196,0.0037884821235626854
SoulCycle_,7,3,7,4,0.00022529203123437997,0.0003889841533490052
Savings-Giraffe-4007,6,5,7,6,0.00022516558346012675,0.0007763378859322161
DogsBeerYarn,5,2,5,2,0.00022512084612677006,0.0020626357716599774
Trevski,7,3,7,3,0.00022403560970964964,0.0004034085920576587
MrMojoRisin1133,8,1,8,1,0.00022359631695953555,0.0008145286982449007
Darryl_Muggersby,4,2,5,3,0.00022348624580816314,0.00013552890153825303
EagleGlow,1,1,1,1,0.0002233694687696254,0.0
No-Assist-8734,10,9,10,9,0.00022329970478539692,0.005037983324129153
dontstealmydinner,7,2,8,2,0.00022321066703983211,0.0009487023107677713
Buddycat350,3,2,3,2,0.00022282016284052913,0.0006445750776732216
Slow-Bodybuilder-972,4,3,5,4,0.00022184120373821222,0.00013552890153825303
narullow,4,5,4,5,0.00022169259770855377,0.004452675686979493
Mountain_rage,4,2,4,2,0.00022161788563394963,0.00047783903159299865
GenericRedditor0405,7,1,7,1,0.00022054820181732228,0.0013088223487832922
TheCamerlengo,7,7,11,9,0.00021978553672071007,0.0010504844567432816
sierra120,9,1,9,1,0.0002194488417564258,0.0003635490638712604
karna852,13,1,13,1,0.0002193019595240467,0.001088869789781576
Gold-Flatworm-4313,10,9,11,9,0.00021869032992538018,0.002869711999388571
Nepalus,11,2,11,4,0.0002167066885308887,0.0046369185442700555
datNovazGG,5,3,5,3,0.00021660262230750805,0.0017390141697569985
gHx4,3,3,6,3,0.00021652683954337187,7.299697704169659e-05
youburyitidigitup,12,16,19,23,0.000216333536075828,0.0004219511587493048
fernfernferny,7,1,8,1,0.00021606292980610472,0.0005758056434935578
Etheon44,10,6,10,6,0.00021530159516202003,0.005152794357679466
Flashy-Side-2665,2,1,2,1,0.00021500736070727348,0.0003388222538456326
Sorry-Accountant542,12,1,12,1,0.00021487621998541475,0.004591736889259336
Subnetwork,4,5,11,14,0.00021479125869660552,9.381647050082395e-05
AgathysAllAlong,9,9,13,10,0.00021399458445676346,0.0006565112148210594
69Cobalt,3,6,4,8,0.0002133517939636095,0.00015542921591709446
tinny66666,5,1,5,1,0.00021219889602502114,0.003816109690356123
lordraiden007,5,1,5,1,0.0002118882809897345,0.0001457956366776198
Traditional_Box_9651,12,0,12,0,0.00021172147801559396,0.000980023062100791
anuncommontruth,6,4,6,4,0.00021162042712192752,0.00365085898464599
GivingUp321321321321,7,2,7,2,0.0002109468172245605,0.0007920496581349449
tarun172,7,2,7,3,0.00021059384829713766,0.0036328975560797443
zedquatro,8,2,8,2,0.0002103059235016366,0.0014555357792740847
GreenCollegeGardener,5,3,5,3,0.00021025419675648865,0.0004670149307263015
frankiii-077,6,3,6,3,0.00021020911774476873,0.0003388222538456326
anotherthrowaway1699,10,1,10,1,0.00020977684617248693,0.0012570032440260088
five_m1nutes,4,1,5,2,0.00020955971811183487,8.191085756594365e-05
nowTheresNoWay,5,1,5,1,0.00020940268953080712,0.00034683453657474093
ILikeBumblebees,7,6,9,8,0.00020937342078512154,0.0007174429943429213
pleasedontjudgeme13,1,1,2,1,0.00020927784192957435,0.0
Necessary_Rant_2021,1,2,1,3,0.0002092701206697703,5.144497668384637e-05
Feeling_Photograph_5,1,1,1,1,0.0002092701206697703,0.0
clichekiller,1,1,1,1,0.0002092701206697703,0.0
CherryLongjump1989,1,10,1,10,0.00020900053031214805,0.0023688970797637178
enesup,3,1,3,1,0.00020850879189758938,0.00021969485205897095
KingOfDerpistan,5,1,5,1,0.00020843164778747353,0.00023109690738533755
Confident_Comfort_17,1,1,1,1,0.00020735779749898062,0.0
JahoclaveS,9,5,9,5,0.00020727038746168983,0.005663256587629403
perilous_times,5,1,5,1,0.0002072585625435113,0.00039606097344299337
FatiguedShrimp,1,2,1,3,0.00020708009195182547,1.9978927438610157e-05
-__-zero-__-,5,1,5,1,0.00020699656619742497,0.0005228624463585719
TheGrolar,5,2,6,4,0.00020640408992842927,0.0025257356870634125
dada38q,5,1,5,1,0.0002060262426254639,0.0007358170973927846
UpUrs2,2,2,5,6,0.00020455106821646584,0.0
gringo_escobar,7,1,7,1,0.00020413135765038712,0.0003655805109678319
BulkyTiger8706,6,1,6,1,0.00020402914211068929,0.0004613274449495127
Positive-Promotion54,1,1,1,1,0.00020305276411533918,0.0
PoisonWaffle3,1,1,1,1,0.00020305276411533918,0.0
BaseHitToLeft,1,1,1,2,0.00020305276411533918,0.0
secretstash24,1,1,1,1,0.00020305276411533918,0.0
Crafty_Try_423,1,1,1,1,0.00020305276411533918,0.0
Connect_Progress_488,1,1,1,2,0.00020305276411533918,0.0
purplehippobitches,1,1,1,2,0.00020305276411533918,0.0
Legitimate-mostlet,6,7,6,7,0.00020296858669867674,0.00045548620788611794
Phantomm7,1,1,2,2,0.00020270189145958316,0.0
Professional_Hair550,1,2,1,3,0.00020228932502886746,0.0002290871622141691
DFX1212,1,1,1,2,0.00020228932502886746,0.0
D0ct0r_H0td0g,2,1,2,1,0.00020173351907582657,0.00025830774254971
mdnz,3,3,3,3,0.00020151798885181078,3.9241958929018926e-05
elehisie,3,2,4,3,0.0002010171173073739,6.776445076912652e-05
WolfAutomatic7164,3,1,3,1,0.00020097898888332441,0.0001694111269228163
boomer1204,3,2,3,2,0.00020097898888332441,0.0001694111269228163
PokeRestock,3,4,3,4,0.00020085974092537133,3.767391143214772e-05
imworkingonmyself,6,1,6,1,0.0002007158410398733,0.0009873050579703843
Peliquin,4,4,5,5,0.000200203738187743,0.0009497431468826435
BigfootTundra,5,5,5,5,0.00019998078002040758,0.0005705412236274895
RealPrinceZuko,1,1,1,1,0.00019991680013118726,0.0
TouchOk9657,1,1,1,2,0.00019991680013118726,0.0
WaferLongjumping6509,1,2,1,2,0.00019991680013118726,0.0
ScoobDoggyDoge,1,1,1,1,0.00019991680013118726,0.0
HappyZombies,9,1,9,1,0.00019979554992333515,0.0015553956821331787
nboro94,6,4,6,4,0.0001997444252971259,0.004550745341087866
calvintiger,3,1,3,1,0.0001995182481217986,9.951622814298243e-05
jhkoenig,2,2,3,4,0.0001993942823298276,0.0
Born-Rate-6692,8,2,8,2,0.00019916213580434714,0.0033401723965367667
PurpleDancer,1,2,1,2,0.00019896582423291491,0.0
Consistent_Laziness,8,10,11,10,0.00019879955774697924,0.003103341969483194
Shaved-extremes,1,1,1,1,0.00019866171063456586,9.415313250884772e-06
deviantbono,5,2,6,2,0.00019866155130480206,0.0001898903499133777
TracePoland,7,8,8,10,0.00019841801701011848,0.0005200036611699521
Nissepelle,4,4,5,7,0.0001978688428253869,2.8823215658929423e-05
UnderwaterB0i,2,1,2,1,0.0001978045891286805,6.776445076912652e-05
TrumperineumBait,4,1,4,1,0.00019737654152402276,0.0002456157507487006
Livid_Independent135,2,2,2,3,0.0001969515426348204,6.776445076912652e-05
okcool2357,4,1,4,2,0.00019693231861430584,0.0003388222538456326
Comedy86,6,4,6,4,0.00019688745606144517,0.000578695235353829
Welcome2B_Here,5,5,6,6,0.0001968756544004311,0.0002804860546728902
PseudoElite,10,1,10,1,0.00019647817108628778,0.0007873027209952439
Silver-Parsley-Hay,4,2,4,2,0.0001960160291769385,0.005526445580994415
Mike312,7,5,8,6,0.00019572835330152865,0.0005158299058573305
Acrobatic_Pie_3922,7,2,7,2,0.00019536790056740296,0.001045514014105837
Chokedee-bp,3,1,3,1,0.00019524385952891676,0.00020363747914514782
kylife,10,4,11,4,0.0001950266125337699,0.0007227509384999435
CrazyFree4525,4,3,5,4,0.0001950247023978273,0.00021579789805038836
btoned,12,14,12,15,0.00019500900143503764,0.01879706634775317
lalavieboheme,13,1,13,1,0.0001949621040517321,0.005584886627961411
lavransson,9,2,10,2,0.0001944178113233428,0.0007488698531753817
VeeFu,3,2,3,2,0.00019407709429338914,0.00015185331716015163
look_a_male_nurse,3,1,3,1,0.0001938571167931872,0.0001118013392466624
AnubisIncGaming,4,4,5,5,0.00019367614903167824,0.0001531204613204655
Digital-Chupacabra,2,3,2,3,0.00019287639759684306,0.00038645379654130983
raisamit209,6,1,6,1,0.00019286962084531296,0.007463239770324313
Evaderofdoom,7,2,7,2,0.00019260147349964648,0.0024920539221126906
Street_Anxiety2907,5,5,5,5,0.0001923483833999271,0.0009485334727584801
dantheman91,1,2,2,3,0.0001916602105270964,2.661282349564713e-06
Bitter-Good-2540,5,2,5,2,0.0001912099726672087,0.0024112346866944625
_lazyLambda,1,1,3,3,0.00019099121797890386,0.0
Acrobatic_Penalty224,2,1,2,1,0.0001908597007986497,6.480616746901223e-06
drew_eckhardt2,1,2,2,3,0.0001905264771773242,0.0
MyGruffaloCrumble,7,5,10,5,0.00019022267721288363,0.00027574861227699823
Ok_Split4755,14,0,14,0,0.00019002578111203424,0.0011320317601595283
mvw2,6,3,6,3,0.0001899793841585976,0.0036570516906392586
dopeless-hope-addict,3,1,3,1,0.00018992177153865042,8.202223457385762e-06
backwardbuttplug,4,2,4,2,0.0001898796781238568,0.000655167811687008
Gotanypaint,2,1,2,1,0.00018981762789271935,1.6785855291210675e-06
SomeGuyNick,10,1,10,1,0.000189728035940187,0.002793227421012996
Pure_Tax_3312,3,1,4,1,0.0001895003017547357,0.0
geebee123456789,3,3,3,3,0.0001895003017547357,0.0
Fresh-Possibility-75,7,2,7,2,0.00018922409938304356,0.001333399199773173
lppedd,5,4,5,4,0.00018898579565378677,0.003217445747838146
thelexstrokum,6,3,6,3,0.0001887825834878081,0.0029651358680358487
JamesIsaacNerdtron,2,2,2,3,0.00018861269851194021,6.776445076912652e-05
annon8595,8,4,8,4,0.00018774949771942996,0.0053328255305525605
clrbrk,4,1,4,1,0.00018772044742056175,0.0002742238435391427
vvf,4,5,7,8,0.00018765405178154936,0.00042210057348745437
techleopard,11,12,12,13,0.00018761823535623466,0.014268971653094148
br_k_nt_eth,9,3,9,3,0.00018726793224111153,0.006952517232406262
throwaway0845reddit,6,2,6,3,0.0001864864392832787,0.00294350939178447
Hot-Comfort8839,8,4,8,4,0.00018620014629022597,0.0012701533983325638
GarbageCleric,6,1,6,1,0.00018586287291843607,0.0004913978816033998
AdObjective7323,8,4,8,4,0.00018579231686651613,0.0006217353458202791
Lor1an,2,2,5,5,0.00018553307610406181,0.0
Illustrious_Comb1498,2,1,2,1,0.00018541324813367427,2.4174931165858534e-05
PugglePack83,1,2,1,3,0.00018541083771254105,0.0012431425602469036
alloutofchewingum,1,2,1,3,0.00018541083771254105,0.0005328315505619575
Hereforthetardys,1,1,1,1,0.00018541083771254105,0.0
brad-corp,1,1,1,1,0.00018541083771254105,0.0
IcySalt1504,1,1,1,1,0.00018541083771254105,0.0
Harbinger_Kyleran,1,1,1,1,0.00018541083771254105,0.0
Lego-Under-Foot,9,2,9,2,0.0001852289616027897,0.0005991364685829465
lennon818,12,4,14,4,0.00018485398592074588,0.0014443829995066876
LDel3,3,1,3,2,0.0001847262931121138,0.00021666935289850267
Dzone64,5,2,5,2,0.00018465109688962865,0.0002872625559694106
Acanthopterygii_Fit,1,1,1,1,0.0001843547320109475,0.0
Imminent1776,1,1,1,1,0.00018435178398885476,0.0
symbiatch,6,7,9,8,0.00018408521095380505,0.0038800278243476816
PapowSpaceGirl,1,1,1,1,0.00018394891810846775,0.0
capntail,3,1,3,1,0.0001837322885033381,0.0007556827111208082
octipice,6,4,6,4,0.0001834218316564551,0.00039353304108149086
larrylion01,6,3,7,3,0.00018287913268593407,0.0003103757315779751
KitchenFullOfCake,5,3,6,3,0.00018258656055387924,0.0003400561594420023
BigMax,6,4,6,4,0.00018241565065309204,0.0013478949972845506
Various_Cabinet_5071,3,3,4,5,0.00018232883058194512,0.0001138229534414396
ma7ch,3,1,3,1,0.00018207090731575359,0.00041097713652412255
ftw_c0mrade,6,4,6,4,0.00018178920006201726,0.00036846069185411564
LongCod582,2,1,2,1,0.00018174194798379213,6.776445076912652e-05
PossibleTop6848,1,2,1,2,0.00018128199766162778,0.0
avacapone,1,1,1,1,0.00018128199766162778,0.0
Supfoo75,1,1,1,1,0.00018128199766162778,0.0
casual_juantee,1,1,1,1,0.00018128199766162778,0.0
PostMelon22,9,1,9,1,0.00018124315836351616,0.0012666108906652864
HonkinSriLankan,9,1,9,1,0.0001810887960118825,0.004242284202995215
visualfusion,3,2,3,3,0.0001809657172123859,6.776445076912652e-05
LouPlooplooPloop,3,1,3,1,0.0001807438067718871,0.004681659209205253
case31,9,1,9,1,0.00018063132071031453,0.006244467171670256
4-ton-mantis,4,3,4,4,0.00018018722335604322,0.0006973709767995846
e430doug,4,6,4,7,0.00018015922000195266,0.000958391422984955
BlueVoid88,7,3,8,5,0.00018015053831374966,0.000316604878129941
byshow,3,2,3,3,0.00018001456862454392,6.779456830280169e-05
muscleLAMP,6,2,6,2,0.00017994631565441352,0.002145013767434729
Keep_ThingsReal,8,6,10,7,0.00017976781051020596,0.0003362742200621137
Character_Sail5678,2,1,2,1,0.00017955436283542418,6.776445076912652e-05
Vast_Location4178,5,2,5,2,0.00017945382070263505,0.003936842482451606
KeeperOfTheChips,4,3,4,3,0.00017920729100487392,0.000324213995919985
Italophobia,4,2,4,3,0.000178781449065882,0.00037327544847059487
justaburnerbtch,3,1,3,1,0.00017835346026036537,0.00013552890153825303
Magdaki,8,4,10,4,0.00017802499986407388,0.00029908733843700153
canisdirusarctos,4,2,5,2,0.00017774283548524177,8.627334962580473e-05
thephotoman,5,5,5,6,0.00017772166264917787,0.0027042855578775903
UnexpectedAnanas,12,7,12,7,0.0001774653133526866,0.0020594584960443255
Ok-Replacement9595,7,2,7,2,0.00017729268350948242,0.0009194565242335925
srone,7,1,7,1,0.0001772420692602144,0.0016655114865036479
XWasTheProblem,6,2,7,2,0.00017682942388308993,0.0004362697741659306
apexvice88,2,5,2,6,0.0001763962656851473,0.0006396446307682888
Glum_Worldliness4904,4,5,4,5,0.0001763648437792345,0.0003150677714423134
BodheeNYC,1,1,1,1,0.000176170531103789,0.0
UrineArtist,9,3,10,3,0.00017533164691727027,0.012299526020183965
TheMorningMoose,6,4,8,5,0.00017520883317471154,0.0002034702928177212
earik87,4,3,4,3,0.00017516659271708877,0.0035212628044463483
ketamarine,3,3,6,5,0.0001746037949643147,0.0036543109484764307
Personal-Molasses537,1,4,1,4,0.00017451176592724898,0.0008318748966204936
Phillyfan_10,2,1,2,1,0.00017403419330073785,0.00034392660241982885
edendestroyer,1,2,2,2,0.00017393458735741644,0.0
HirsuteHacker,1,2,2,3,0.00017393458735741644,0.0
MrKnives,1,1,1,1,0.00017390139497884747,0.0
mrspygoodboy,1,1,1,1,0.00017390139497884747,0.0
SiSkr,1,1,1,2,0.00017390139497884747,0.0
Boxinggandhi,9,1,9,1,0.00017389209504620307,0.0011306260807626741
Shoddy-Asparagus-937,4,4,7,7,0.00017369506172192976,0.0035869982607124283
-Dargs,13,2,14,2,0.0001735043114879648,0.0010173921007790624
starcraftre,6,1,6,1,0.0001733788176536886,0.00034326778074530924
kodaxmax,2,3,2,4,0.00017335748712735442,0.002036531028462676
asdf_lord,3,1,3,1,0.00017331035695384938,0.0002380410279561429
Bannedwith1milKarma,6,3,6,3,0.00017325309553953115,0.0004140438991620033
SanityAsymptote,7,6,7,6,0.0001731789919130154,0.0006665443337980695
BalaxBalaxBalax,12,0,12,0,0.00017294789756634588,0.00075984695033107
maria_la_guerta,5,4,7,5,0.00017294230975683478,0.0003051521700245265
jashsayani,7,1,7,2,0.00017254513519828404,0.0010119820557435476
GItPirate,8,3,8,3,0.00017238652159882708,0.003093612658120712
Lame_Johnny,1,1,1,1,0.00017161390914934314,0.0
Prime-119,1,1,1,1,0.00017161390914934314,0.0
mx3goose,5,1,5,1,0.0001716028181200443,0.0004894591485076261
TRO_KIK,5,4,6,4,0.00017114236719776977,0.00033324570190362065
amakai,5,3,5,3,0.00017113464978798728,0.000937214709427218
Additional_Law_492,6,5,8,5,0.00017100208257182366,0.000474878212223201
MarathonMarathon,4,3,6,4,0.00017099860587582372,0.00017486918376835223
HC_recruiter,5,2,5,2,0.00017095169107041628,0.002449515935116438
ContactFar2256,5,2,6,3,0.00017087807044387695,0.00040658670461475913
ColdCouchWall,1,1,1,1,0.00017075138831838097,6.926260999372398e-05
FaerieStories,4,4,7,6,0.0001707020417660167,0.0002566545718497405
OutrageousEar7515,1,1,2,3,0.0001706502911869558,0.0
sd2528,3,1,3,1,0.0001706226950081242,0.00022466368918253854
ssg_partners,1,1,2,3,0.0001705696704584475,0.0
liquidgrill,5,1,5,1,0.00017051831735594261,0.0008765434588536472
homezlice,4,2,4,2,0.00017023840412302548,0.0012542353227528536
Listerlover,5,3,5,3,0.0001698360268562316,0.005046350622391137
maceman10006,3,2,3,2,0.00016982753574289864,0.0009335241169133722
TechTuna1200,5,3,7,6,0.00016961293169664638,0.0019135315827724518
Jessicash,3,2,3,2,0.00016949436806106292,0.0002648291239970634
war321321,2,1,2,1,0.0001694377226967501,6.776445076912652e-05
medalxx12,1,1,1,1,0.00016933744104089153,0.0
Pitiful_Objective682,15,2,15,2,0.00016916394882052275,0.0046532740040424675
nomiinomii,1,1,1,1,0.00016901420983403214,0.0
Tenocticatl,3,5,3,5,0.0001679840279298514,0.0016495160666489999
Esseratecades,4,3,5,4,0.00016787822224779351,0.0033067451270078034
Proper_Desk_3697,3,2,3,2,0.00016770228720226657,5.542471040651247e-05
cbih,3,2,4,2,0.00016762818932688012,0.00017100294543233153
Velvetwhisper__,1,1,1,1,0.0001671606114192847,0.0
zeocrash,7,6,8,6,0.0001670595715872306,0.0004158221680876222
gloomygustavo,2,4,6,9,0.00016662640106507778,0.0012917064603829723
extraordinarykitty1,1,1,1,1,0.00016644487906995002,0.0
Willyscoiote,1,1,1,1,0.000166332503061358,0.0
nox66,6,6,6,6,0.00016570499973785147,0.0013570728233985568
AbstractLogic,2,2,2,2,0.00016565382941650196,0.0010434762899258594
ugh_this_sucks__,7,2,7,2,0.0001656174726637922,0.00033939807849507066
blindsdog,6,10,9,13,0.00016515175905828375,0.007172105987484054
Heavy-Focus-1964,8,3,8,3,0.00016513254632965642,0.000546749208755051
Internal-Fortune-550,5,1,5,1,0.00016458087689783627,0.003535615209062808
AnimaLepton,3,2,3,2,0.00016428796585602411,0.00015124646207234692
mango_boii,6,1,6,1,0.00016375920243763106,0.001959027130938306
Iceman_B,3,3,3,3,0.0001637469556243115,0.00013856523402036437
Wellcomefarewell,1,1,1,1,0.00016367550189413813,0.0
quisatz_haderah,1,1,5,5,0.00016362222104295332,0.0
Either-Strain-1506,3,1,3,1,0.00016344212809778056,0.00013552890153825303
StellaV-R,1,1,1,1,0.00016281773603059788,0.0
IndependenceMean8774,7,5,7,5,0.0001626795030468465,0.0038783254236212012
Approval_Duck,4,2,4,3,0.0001623274669969452,0.00012188343513551509
Trailblazertravels,1,1,1,1,0.00016197535000091762,0.0
not_so_impressed,5,2,6,3,0.00016154956757396272,6.897049701199433e-05
Fit_Composer_6343,11,0,11,0,0.00016108059269872863,0.0014622486184534197
Fast_Lane_Left,5,3,6,3,0.00016107520412934334,0.0021746026741746166
vorg7,1,2,1,3,0.00016089221443018231,3.228625351459713e-07
TuffNutzes,4,1,4,1,0.00016021383294849607,0.00029139090299895343
Hutcho12,5,6,5,7,0.00016011324265468788,0.000513140434865822
Edith_Keelers_Shoes,8,6,11,8,0.0001600933519422263,0.0007151713198584
Rude_Capital_3185,6,3,6,3,0.00016004247211271028,0.00027615091759226743
greenworldkey,7,1,7,1,0.00015980074016755266,0.0004795782312493659
idkhow2useredditt,3,3,4,4,0.00015979101391269018,9.260164060140859e-05
hugazow,2,3,6,7,0.0001597206652937741,3.372091559367853e-05
achomes,8,2,8,2,0.00015966409074049577,0.0006853181767358287
Omo_Naija,1,1,1,2,0.00015965000914790984,0.0
Downtown-Network-961,5,3,5,3,0.00015951480008769532,0.0027736480507158713
Acrobatic_Advisor_32,1,1,3,2,0.00015941068876802153,0.0
Objective_Ice_2346,2,1,2,1,0.00015892480188461753,0.0
CHERNO-B1LL,3,1,3,1,0.00015871671216598953,0.003274672316886355
rkozik89,8,5,9,5,0.0001586641298452915,0.0012065995095679137
radicalelation,4,2,4,2,0.00015852124762098528,0.0002530103050019297
KashikoiKawai-Darky,1,1,2,2,0.00015805322665095371,0.0
Sea-Independence-860,1,1,2,2,0.00015805322665095371,0.0
mmahowald,2,4,4,6,0.0001577372325721507,8.030537150633525e-07
ajd041,2,1,2,1,0.00015754606638786734,7.699710603367223e-05
etxipcli,4,5,5,5,0.00015745600559639495,0.0007057312961289181
ConsiderationSea1347,5,2,5,3,0.0001572157504312595,0.0003261932353223422
Sniflix,6,4,6,4,0.0001571565240406661,0.0018946347787759568
Wintaru,1,1,1,1,0.00015704397128061065,3.886185761052579e-06
g-unit2,2,2,2,2,0.0001569337494280646,1.2931012346877813e-05
Stormraughtz,2,2,2,2,0.00015675965400925183,0.0004424155946907627
HasFiveVowels,4,6,9,13,0.00015661069074521705,0.0002709360051171826
nyx_whispers,4,2,4,2,0.00015646182642110716,0.0003269332034380458
terrany,9,8,9,8,0.00015636553382758738,0.010759358166224867
xX420GanjaWarlordXx,4,3,4,3,0.000156081124752932,0.0017574860341332194
PartyPorpoise,4,1,4,1,0.00015587160562443198,0.00020329335230737957
Particular-Break-205,8,2,9,2,0.00015587074805000872,0.0035483299395738482
formysaiquestions,2,2,2,3,0.0001558531741821761,0.0003265197791524281
Cagel,8,1,8,1,0.0001557442960058679,0.0006546906876501205
EdCasaubon,3,1,3,2,0.00015563845764374009,0.0
Leggggggo11,9,1,9,1,0.00015549246894268717,0.0006843965737511771
Free_Breadfruit_8552,5,1,5,1,0.00015538005025250278,0.00025429874444487567
AnsibleAnswers,5,2,5,2,0.00015527330866367002,0.0032561898798697496
FriscoeHotsauce,3,3,4,4,0.00015511245088550976,0.00010842707192415233
fansonly,3,1,3,1,0.00015510938348082,6.776445076912652e-05
DaniSaysDinosaur,7,1,7,1,0.00015450675943961496,0.003600608247056433
6stringNate,4,1,4,1,0.00015430583719177338,0.0001788116525243052
jetx117,5,2,5,2,0.0001541731570113869,0.00013540192782323626
Saint--Jiub,2,1,2,1,0.0001540435107619577,6.776445076912652e-05
Kilane,5,2,5,2,0.00015387323277464945,0.0006193038691864698
WiglyWorm,7,4,7,4,0.00015384644611867452,0.0005129852179856218
ExtentOld2417,1,1,1,1,0.00015356595742808645,7.914341442815515e-05
Shelikesscience,1,1,1,2,0.00015356595742808645,0.0
Nedshent,4,2,4,2,0.00015315957507849761,0.0009226491210251667
okayifimust,3,4,3,4,0.0001531588070080114,0.00023126283277639974
high_throughput,2,3,2,3,0.000152952623756583,2.5949644974836128e-05
bigbagofpotatochips,5,1,5,1,0.00015295217471530815,0.00048733303761819665
Specialist_Pomelo554,5,1,5,1,0.00015287959198583294,0.004088594077949684
Chipotleislyfee,3,5,7,7,0.0001528335812636785,0.0002448542460221862
timmyturnahp21,7,4,8,6,0.00015278603234736103,0.00022448362734905444
Astronaut6735,3,5,4,7,0.00015275304845664898,4.386012394737356e-05
0ff_The_Cl0ck,4,2,4,2,0.00015257556655745173,0.00015559195175241693
SeerUD,3,1,3,1,0.00015248717272034321,4.3260158048545066e-05
SomewhereNo8378,7,2,7,2,0.0001524283206255206,0.0008866039607045084
ecethrowaway01,8,6,9,7,0.000152252602764641,0.0005571590767217766
tonystark_131,5,1,5,1,0.00015223604551720026,0.00013868464540010248
AkodoRyu,7,3,8,3,0.00015212688551641235,0.003744648503396046
9-11GaveMe5G,7,4,7,4,0.0001520153131823791,0.000932357594802507
GargantuanCake,4,2,4,2,0.00015184530491675293,0.0004715655419448031
oldtrenzalore,4,1,4,1,0.00015165204298327767,0.0004000919324340354
donku83,5,4,5,4,0.00015157629575316976,0.0005073391075081122
Malkovtheclown,2,2,2,2,0.00015138353357070533,0.000250771512754959
SeasonedAdManager,2,2,2,2,0.00015136014045349588,3.3882225384563257e-07
PM_ME_UR_ANTS,3,1,3,1,0.00015131551706895475,6.776445076912652e-05
ajamesyj,2,1,2,1,0.0001512724549105107,0.0007525476214412166
JustGulabjamun,1,2,1,2,0.00015117951161604565,4.231015233946233e-05
Legitimate_Ad785,3,3,3,3,0.00015115524198785593,0.00020329335230737957
helpmegetoffthisapp,2,1,2,1,0.0001510483766816411,6.776445076912652e-05
Available_Road_2538,4,7,4,7,0.00015094601084445123,0.004025783606104253
aabajian,6,5,6,5,0.00015077083462372793,0.00062229662165872
MrMo1,8,2,8,2,0.0001506038072427262,0.003927742532580135
k0nahuanui,6,2,6,3,0.00015050027914428833,0.00015355362456504406
politicalstuff,1,1,1,1,0.00015041700210759176,0.0
dougie-s,1,1,1,1,0.00015041700210759176,0.0
adad239_,2,2,3,4,0.00015019593197135889,2.612815774495904e-06
-CJF-,6,6,6,7,0.00015017942782208767,0.0006923281730096981
roxbox531,3,3,3,3,0.00015010737327839747,0.00036270405769715645
Illustrious-Event488,6,6,6,6,0.00015006157653371392,0.0005846779422244452
No_Preference_3601,2,1,2,1,0.00014965125853412658,6.776445076912652e-05
maximiller1,4,1,4,1,0.0001494805113128694,0.0008399074430858876
BayouBait,6,2,6,2,0.0001493844463385973,0.0010461501311181446
Dzotshen,7,2,7,2,0.00014932679131360126,0.0014114554313555427
Multidream,1,1,1,1,0.00014920017264515446,0.0
Horror_Response_1991,8,7,9,7,0.00014877706184912196,0.008924478717068302
theancientfool,3,3,4,3,0.0001485950068124324,9.832580041733027e-05
tinyhorsesinmytea,4,2,4,2,0.00014854000709803723,0.00047435115538388563
arkantis,8,1,8,1,0.00014808394864462374,0.00024298231895468708
DefiantFrost,1,1,2,3,0.00014781561339276898,0.0
crossy1686,4,1,4,1,0.00014757361964050635,0.0031314630713888247
shannister,3,1,3,1,0.00014743145525134382,0.0005401286512108024
martiantheory,6,4,6,4,0.00014738467288759433,0.003892833754069011
Embarrassed_Host_415,4,10,4,11,0.00014716984842955426,0.0002435395439124704
Telefonica46,5,2,5,2,0.00014702576441376553,0.0004858378260861784
IAmADev_NoReallyIAm,3,3,3,3,0.0001468321685186017,0.00014296697766452124
Competitive-Rise-73,1,1,2,2,0.00014676207731798385,0.0
gevuldeloempia,3,2,3,2,0.00014659853418351866,0.0004474163407212131
darth_koneko,8,3,8,3,0.00014645685161819276,0.006287534327279685
OccidoViper,4,3,4,3,0.0001463395593334204,0.0003388222538456326
Data-Fox,4,1,4,1,0.00014624939275190694,0.00034000219607251093
HulkHoganLegDrop,2,1,2,2,0.0001461302895950323,6.776445076912652e-05
RiftHunter4,5,3,5,3,0.00014593822884290114,0.0009304197322989343
gloomndoom,3,2,3,2,0.00014566081442575157,0.0008236348018608182
Runfaster9,6,1,6,1,0.00014563938753241323,0.00026980384293862644
Ant378,4,2,6,4,0.00014551271663220823,0.000136012047668406
SignalMaster5561,1,1,2,3,0.00014531122242521254,0.0
EarlMarshal,3,3,4,5,0.00014520967224491217,6.776445076912652e-05
esqvilyn,1,1,2,3,0.0001451393430427144,0.0
mlugo02,2,1,3,2,0.0001451384887492274,6.776445076912652e-05
daaamber,3,1,3,1,0.00014505567320585852,0.00038684987110012816
Kandiru,4,2,5,3,0.0001449227668151736,0.0002049330492424404
Salt-Wear-1197,7,1,7,1,0.00014473301280680827,0.0023181170009358735
faberkyx,2,1,2,1,0.00014458882917897298,6.776445076912652e-05
Terrible_Amount6782,1,1,1,2,0.00014458179537052274,0.0
kierkieri,2,1,2,1,0.00014448146178110808,6.776445076912652e-05
CatsGotANosebleed,3,1,3,1,0.00014444126385262978,0.0006190679775603237
frogfootfriday,1,1,1,1,0.00014436590259311237,0.0
sfaticat,3,2,3,2,0.00014429993589182288,0.0037936637222559357
HigherandHigherDown,4,2,4,2,0.00014423236954708683,0.00030244272009493874
swimeboo,3,1,3,1,0.00014421386369125626,0.0002718174831170393
StreetSpir1t,2,2,4,4,0.00014410412660853132,0.0
FundamentalSystem,5,3,6,4,0.00014397169107356966,0.0002689665940010776
I_hate_all_of_ewe,5,1,5,1,0.00014366856836766926,0.00043085866095761297
Left-Huckleberry369,3,2,4,2,0.00014335685510562547,0.001530651347811243
Psionatix,1,1,1,1,0.00014333774901009472,0.0
Loose-Recognition459,6,1,6,1,0.0001432443716279855,0.00021236545260737167
xxgetrektxx2,2,2,3,3,0.00014265585442271763,2.880184726088365e-06
ThaLunatik,3,1,3,1,0.00014256055092181746,0.0005915067907168006
Infamous_Ruin6848,5,2,6,2,0.0001425270428856759,0.00019912820559450395
bubblegum-rose,5,2,5,2,0.00014247810334829883,0.000376966341928463
erocuda,4,2,4,2,0.0001423046852130546,0.00017870297726920654
stinker-294,2,1,2,1,0.00014220389024418607,6.776445076912652e-05
BagholderForLyfe,2,3,2,5,0.00014207845277458577,4.290739899627266e-05
Ordinary-Sir7116,3,1,3,1,0.0001420525535767616,0.0001150901282364317
TreeEater9,2,2,2,2,0.00014203266386813215,0.0
No-Atmosphere8239,2,1,2,1,0.00014203266386813215,0.0
CcJeremy0508,2,2,2,2,0.00014203266386813215,0.0
ShinPaiDes,2,2,2,2,0.00014203266386813215,0.0
C_Pala,2,2,2,2,0.00014203035169193807,6.776445076912652e-05
SlightSurround5449,3,2,4,3,0.00014197941925087984,0.0003388222538456326
terjon,6,14,6,14,0.00014186697897152235,0.009758666871573281
flyinghi_,1,1,1,1,0.0001418354874875022,0.0
bahji,3,1,3,1,0.00014170220988657273,0.00010164667615368978
GlystophersCorpse003,3,1,3,1,0.00014164137326033832,9.027730719131381e-05
Anthropoly,6,1,6,1,0.0001415174810611177,0.00028697060111157924
son_et_lumiere,3,1,3,1,0.00014145263266676612,0.0006431105575071151
AnAncientOne,4,2,4,2,0.00014141801522239044,0.004569689909775093
StoicSpork,2,1,2,2,0.0001413887575900336,7.317093491183932e-06
FreeWilly1337,5,1,5,1,0.0001407990719385251,0.0004562849132913226
keyboard_operator,4,3,5,3,0.00014064674287790423,0.00030136542975395546
Enervata,1,1,1,1,0.00014059577815369868,6.620392451897314e-06
EdwardElric69,1,2,1,2,0.00014035045733592385,0.0001891679694010636
WhysoToxic23,4,1,5,1,0.00014030445603465937,0.00013552890153825303
nblastoff,6,2,6,2,0.00014025577310966054,0.00040658670461475913
divclassdev,2,3,2,3,0.00014014117737905452,0.0014597754259316554
ButchDeanCA,3,3,4,4,0.00014001596455539457,7.61847874558723e-05
Mysterious-Ocelot773,3,1,3,1,0.00014001217853068653,7.887790829491076e-05
WTAF__Trump,2,2,2,2,0.00013993341388696256,5.587303315354269e-05
Sorry-Leader-6648,4,2,4,2,0.00013984345712115008,0.0003325759647343453
YoureNotEvenWrong,3,2,4,2,0.00013938468821131112,0.00013552890153825303
Monarc73,3,4,4,4,0.00013912439609778306,0.002752312648368049
ask_carly,3,1,3,1,0.0001391061073692804,0.00010704154345147419
FollowingFeisty5321,7,5,7,5,0.00013894337561626302,0.004054263566442331
HashDefTrueFalse,2,4,3,4,0.00013894161304115767,0.0002582439417007135
BlackerFriday,1,3,1,3,0.00013882659434757353,1.919992771791918e-06
tentypesofwrong,1,1,1,1,0.0001386546252655016,0.0
Lost-n-Space,1,1,1,1,0.0001386546252655016,0.0
MissSalty1990,1,1,1,1,0.0001386546252655016,0.0
chompy283,1,1,1,1,0.0001386546252655016,0.0
julie3151991,1,1,1,1,0.0001386546252655016,0.0
kaykakez727,1,1,1,1,0.0001386546252655016,0.0
Dcmejia1,1,1,1,1,0.0001386546252655016,0.0
Popcorn_Dinner,1,1,1,1,0.0001386546252655016,0.0
Chaotic_Brutal90,1,1,1,1,0.0001386546252655016,0.0
Ok-Restaurant9301,1,1,1,1,0.0001386546252655016,0.0
AbleSilver6116,1,1,1,1,0.0001386546252655016,0.0
CollectingSpace27,1,1,1,1,0.0001386546252655016,0.0
blessitspointedlil,1,1,1,1,0.0001386546252655016,0.0
uMunthu,4,3,4,3,0.00013859515078350332,0.004391431901198809
isotope123,4,1,4,1,0.00013846436913915637,0.004129203639229903
Astral_Blossom,1,1,1,1,0.00013837239537621172,0.0
INFLATABLE_CUCUMBER,6,3,6,3,0.00013836626541720518,0.0008914035543842258
GuyNext,2,2,3,2,0.00013793167603962363,6.776445076912652e-05
TravelDev,2,1,2,2,0.00013753744796497305,0.00023452232461007762
JustMyThoughts2525,1,3,1,3,0.00013725750711798712,0.00016646763083505127
elemenopes,1,2,1,2,0.00013725750711798712,0.0
CapNCookM8,1,1,1,1,0.00013725750711798712,0.0
Aegis_Sinner,1,1,1,1,0.00013725750711798712,0.0
Professional_Name_78,1,1,1,2,0.00013725750711798712,0.0
WeHaveTheMeeps,4,6,6,9,0.00013697776361988086,0.001978073617539116
Magus44,4,1,4,1,0.00013689561878755678,0.0006480933545380832
Ok-Butterscotch-6955,5,4,5,4,0.00013680833903924143,0.00020226838235548651
Stingray88,2,2,2,2,0.00013678333373080338,0.001478851355645509
RabicanShiver,3,1,3,1,0.00013673216020512684,0.000779291183844955
garanvor,2,3,2,3,0.00013671507628368592,0.00015020047543536379
Aggravating-Salad441,7,1,7,1,0.00013659718067157858,0.0006051315919975767
red75prime,4,5,8,9,0.00013656548566296428,0.00020447295570965692
ocelot08,1,1,1,1,0.00013652190653374368,0.0
BlindWillieJohnson,5,4,5,4,0.00013637535466408786,0.004489358341050591
Relationship_Waste,4,3,5,3,0.00013625748455781128,0.0030688093588966034
NoesOnTheTose,2,1,2,2,0.0001361249498722063,1.7927103378075797e-07
SnapperMaster,4,1,6,3,0.00013610742121336738,0.00013552890153825303
DoctorAcula_42,1,1,1,1,0.00013569493735780325,0.0
SupermarketFluffy123,3,2,3,2,0.00013550818366074314,0.00044331546000597765
grumpyfan,6,5,6,5,0.0001354439257840606,0.0013251377338753688
j33vinthe6,3,1,3,1,0.0001353809968472563,6.776445076912652e-05
REMIZERexe,9,0,9,0,0.00013532690038361823,0.0006435015725765424
PaperHandsTheDip,3,2,4,3,0.00013509192343054552,6.482934130173632e-05
Singularity-42,7,7,7,7,0.00013493767852481065,0.007661419353588722
TrickshotCapibara,7,5,7,5,0.0001346161107458037,0.0005260781973204105
socoolandawesome,5,4,5,5,0.00013447856610241768,0.00031408383934093665
CrashTestDumby1984,5,4,6,4,0.0001344091309624379,0.0002939609812670163
TastyIndividual6772,3,1,3,2,0.00013411888618034457,0.00013552890153825303
endurbro420,3,3,6,4,0.00013410537204319611,6.536326525792697e-05
Cutwail,2,1,2,2,0.00013405056390020938,0.0
HuntsWithRocks,5,2,5,2,0.00013387692501828257,0.0042816633228498395
north_canadian_ice,6,3,6,3,0.00013381507538678253,0.0009510265389682065
Loud_Assumption_3512,1,1,1,1,0.00013373653817889283,0.0
RhapsodicGlitterBomb,1,1,1,1,0.00013373653817889283,0.0
jebushu,1,1,1,1,0.00013373653817889283,0.0
Christopher3712,6,1,6,1,0.00013359736909176288,0.0006432062957703524
wesborland1234,2,1,2,1,0.0001335129015019485,9.997948646717264e-05
Sussurator,2,3,4,3,0.00013344708599183109,0.007174862400518023
TopStockJock,4,5,4,5,0.0001333124488221946,0.0006061467785907764
MakingItElsewhere,6,5,6,5,0.00013325818572348442,0.001446589607595525
solid_reign,4,2,5,2,0.00013324812439441242,0.0005193825762962732
MulfordnSons,4,1,4,1,0.00013303894825474625,0.0036742413551060136
Historical-Wing-7687,6,2,6,2,0.00013294045062151402,0.0011286244116126048
_Darren,3,1,3,1,0.00013281920056177861,0.00010225403870675316
Rantheur,4,1,4,1,0.0001327788208795266,0.00022003949488004487
KnownTill6518,4,3,4,3,0.00013266505147182915,0.0003388222538456326
Academic_Sherbet_803,1,1,2,3,0.0001321791108231807,0.0
blablahblah,1,1,2,2,0.0001321791108231807,0.0
tryexceptifnot1try,5,4,6,4,0.0001321780782714445,0.0006285954839495575
roger_ducky,1,1,2,2,0.00013217480768761995,0.0
BeatTheMarket30,2,1,2,1,0.0001319546073062467,7.541974360963728e-07
executivegtm-47,4,1,4,1,0.00013178949984342012,0.0012005006725352234
theRealBigBack91,4,7,10,13,0.00013136252046182774,0.00014478996784455923
CanadianPythonDev,1,1,1,1,0.0001313405722569033,0.0
YakShavingCatHerder,1,1,1,2,0.0001313405722569033,0.0
serverhorror,1,1,1,2,0.0001313405722569033,0.0
trademarktower,7,3,7,3,0.00013119970790667417,0.0023986649300964382
Active-Play-3429,2,1,2,2,0.00013117545703646253,6.776445076912652e-05
TheMightyFlea69,5,1,5,1,0.0001310148635935533,0.00020769678153576508
bier00t,3,1,3,1,0.000130967113517214,0.00010161868374675918
pinguinblue,2,1,3,2,0.00013084131993938337,0.0
SourceOfConfusion,6,1,6,1,0.00013077339756296388,0.0029166356356677254
CreativeGPX,2,1,2,1,0.0001305554802107597,6.776445076912652e-05
pineappleninjas,2,1,2,1,0.00013044888599577495,0.0
redditRedesignIsBadd,3,5,4,6,0.00013043967923921095,0.00016088621159801556
Different_Case_6484,8,1,8,1,0.00013042338556779816,0.0012628709234590002
andhausen,4,1,4,1,0.0001303559719214551,0.0003069440205020304
aerost0rm,4,2,4,2,0.0001303359298115079,0.0004102410363597724
pkpzp228,5,5,5,5,0.00013021318325123586,0.00027634595189377636
frakkintoaster,9,2,9,2,0.0001301610197124053,0.0014066623955759023
Development-Alive,7,5,9,5,0.00013010035921871222,0.0019833392048570816
two_three_five_eigth,1,1,1,1,0.00012996907136302006,0.0
schacks,4,1,4,1,0.00012994208788304174,0.000490046616829038
Acrobatic-Ice-5877,1,2,1,2,0.0001298101388280466,0.0009364515050433599
SuspiciousBrain6027,1,1,1,1,0.0001298101388280466,0.0
Memoishi,3,5,4,6,0.00012963480407003335,0.00018775995323379926
mx5plus2cones,2,2,3,3,0.00012960155259315225,0.0
timelessblur,5,4,5,4,0.000129522301957204,0.0005335580228033438
D1rtyH1ppy,1,2,1,2,0.0001294791737615591,0.00013896286610203798
dsm4ck,1,1,1,1,0.0001294791737615591,0.0
grapegeek,1,1,1,1,0.0001294791737615591,0.0
Frustr8ion9922,1,1,1,1,0.0001294791737615591,0.0
SnooStrawberries7894,1,1,1,1,0.0001294791737615591,0.0
yummyjackalmeat,5,3,5,3,0.00012938810645034404,0.0003255475961807967
Chubuwee,4,1,4,1,0.0001293758203303969,0.00034311957912930844
FriendOfPistolPete,6,2,6,2,0.00012936735269699487,0.0012836311158904825
StrikingSignature563,3,1,3,1,0.0001293612211410312,0.0034157377352485386
BountyMakesMeCough,8,1,8,1,0.0001293257377203492,0.0003946309101086581
love_that_fishing,5,2,5,2,0.00012930539859920981,0.0008131734092295183
Crazy_Particular_743,2,1,2,1,0.00012924762184419886,2.258815025637543e-05
mx2301,1,1,1,2,0.00012908731845157192,0.0
Bromlife,4,3,4,3,0.0001289402183595516,0.00036313550945030963
nodearth,3,2,6,4,0.0001289263501698682,3.509378585154524e-05
sharpiemustach,3,3,3,3,0.00012884715297319167,0.00027869554864326306
minegen88,4,8,6,12,0.00012869760227070097,0.00034866056991122334
ShaveTheTurtles,2,1,2,1,0.00012825063984796874,0.00025208017531476337
Bro123450,5,1,5,1,0.00012817030042124887,0.00021745445596210041
ineenemmerr,2,1,2,1,0.00012814284373943946,6.776445076912652e-05
adjust_the_sails,2,2,3,2,0.00012811061848913034,0.00040658670461475913
mjd5139,5,1,5,1,0.0001280950565142496,0.003979129364736323
Space_Nerd_8999,1,1,1,1,0.00012802019641558156,0.0
BetterProphet5585,1,1,1,2,0.00012802019641558156,0.0
_176_,4,5,5,8,0.00012797821657024725,0.0003661145939936717
EastClevelandBest,3,4,4,4,0.00012796511549075898,0.00029319673218365677
ClittoryHinton,3,4,4,5,0.00012793858259228157,0.00017537945265947967
Great_Northern_Beans,5,3,5,3,0.00012788039614768679,0.000651998184727748
ambientta,6,1,6,1,0.0001278071034179715,0.0006776445076912651
masszt3r,1,1,1,1,0.0001277829430973569,0.0
ShamrockAPD,1,1,1,1,0.0001277829430973569,0.0
Sora_Dev07,3,1,4,2,0.00012762357156505743,0.00034399428835967433
Competitive-One441,2,1,3,2,0.00012746222979723247,5.274167394968823e-07
DarthJDP,8,3,8,3,0.0001273180607854213,0.001578658953343953
Mail_Order_Lutefisk,3,2,3,2,0.0001271119934706366,7.227744371407193e-05
ImportantStress7612,1,1,1,1,0.00012710751756471917,0.0
NothingVerySpecific,4,2,4,2,0.00012707198390011406,0.00030450270622240044
Suspicious-Walk-4854,5,5,5,6,0.00012706770945679073,0.0016683870063854708
DynamicHunter,10,15,13,16,0.00012689013442142218,0.0020873773325159354
foodandbeverageguy,5,1,5,1,0.0001267612591638121,0.0001641060406121445
globalaf,2,1,2,2,0.00012646345805111386,0.0
NoNeutralNed,6,2,6,2,0.00012639504607040168,0.000518218518341093
Claptown420,3,1,3,1,0.00012637844037173367,0.00024270228121938553
ewplayer3,9,1,9,1,0.00012627730611682554,0.0009562563465890155
keyboard_2387,4,3,4,3,0.00012627365518299324,0.0037536939440003703
Scorch8482,1,1,2,2,0.00012624006532310523,0.0
Nazarka15,1,1,1,1,0.0001261948152244181,0.0
no_brains101,3,2,3,2,0.00012607412106060886,0.00013552890153825303
gizamo,6,3,6,3,0.00012599570922198296,0.003735871116174686
Hesitation-Marx,5,3,5,3,0.0001259152615942315,0.0003260825064769266
svix_ftw,8,7,8,7,0.00012586875717471194,0.001209672587479687
Lou_Hodo,4,2,4,2,0.0001258478999569429,0.00020514886033676618
halfxdeveloper,4,2,4,2,0.00012582047752271723,0.0013264443645844058
zoinkinator,4,2,5,3,0.00012575186669825473,0.0007778875836845374
Colt2205,2,4,3,7,0.0001256534619442403,8.86244395246844e-05
Alternative_Delay899,6,4,6,4,0.00012526773543050505,0.0005029207651629621
PrudentWolf,6,2,6,2,0.0001252654109189246,0.0002825377443817024
Moistened_Bink,3,2,4,3,0.00012520950511031538,0.00020329335230737957
phoenix823,1,2,1,2,0.00012520605422665333,0.00010341231400974275
integer_hull,1,2,1,3,0.00012520605422665333,7.232563902544887e-06
reality_boy,3,2,3,2,0.0001250970566086109,0.00013552890153825303
mikexie360,5,1,5,1,0.0001250284111056979,0.00022290796147175936
kitsnet,3,4,3,5,0.00012498382771522398,0.00785043263280502
gramsaran,5,1,5,1,0.00012493820712597094,0.0004115356911005303
officerblues,5,5,6,5,0.000124888779513799,0.0004165703812532309
kellojelloo,6,4,6,4,0.0001248125127513797,0.00032324399833841305
callimonk,2,8,3,9,0.00012478101257778476,0.0035125744034631423
Danjeerhaus,6,1,6,1,0.00012476550277576619,0.00023678063803828341
shableep,4,2,4,2,0.0001247306649265852,0.0007171214225178001
preferablyno,3,2,3,3,0.0001246877335005759,3.889067136043994e-05
aladaze,3,2,3,2,0.00012435581319742345,0.0005424050691155567
Impossible_Box3898,2,4,2,5,0.0001243362785817107,0.0018558395453767633
Barkalow,3,3,3,3,0.00012428934499893394,0.00013552890153825303
Significant_Treat_87,4,2,4,2,0.0001240052252831117,0.0007773239185066858
Forward_Court_5212,1,1,1,1,0.00012394387168611953,0.0
old-fat,1,1,1,1,0.00012394387168611953,0.0
gonewild9676,3,2,3,3,0.00012375614931867148,4.358352752335269e-06
HagalUlfr,3,2,3,2,0.00012375288677574816,0.0003232516729405963
apoca1ypse12,7,1,7,1,0.0001237294987447634,0.004051072976660398
Guilty-Shoulder-9214,7,2,7,2,0.0001235133398964487,0.0015503414899693483
JohnBrownsErection,1,3,2,5,0.00012350325149695741,5.077338563349347e-05
Bibbitybobbityboof,1,1,2,2,0.00012350325149695741,0.0
marco161091,1,1,1,1,0.0001234907203983387,0.0
SignalOptions,6,4,6,4,0.00012336808557062665,0.0009859356859155425
potatosouperman,2,3,2,3,0.0001230442070376615,0.00016033313528737855
Toys272,4,3,5,3,0.00012290459607220414,0.0013436732582225402
whatever32657,3,2,3,2,0.00012283795316523838,0.0006352709450866451
bluegrassclimber,8,5,8,5,0.0001227809968430655,0.002425210733306402
WillSym,2,1,2,1,0.000122631472549448,0.004058187075060423
TokkiJK,4,2,5,2,0.00012251593316254446,0.00017752638752803227
hash303,4,1,4,1,0.0001221701801485158,0.0001375628974579024
phlostonsparadise123,6,5,6,5,0.00012210205378666438,0.007502817917500923
RevengeOfTheIdiot,4,4,4,5,0.00012203920685759637,0.002337246477006437
rottenbanana999,2,2,2,2,0.00012187406015378504,3.388222538456326e-05
MidsouthMystic,3,3,4,3,0.00012180104822296388,0.00027105780307650607
Mackinnon29E,5,3,5,3,0.00012165601500535384,0.0005346613984476734
pm_me_github_repos,5,3,8,3,0.00012160150716350016,0.0010646506563383685
MaxFish1275,5,3,5,4,0.00012156605131435275,0.0004600441140297369
Dave_A480,2,3,2,3,0.00012148243487915577,0.0015145957334204649
Stephson_218,2,1,2,1,0.00012148243487915577,6.776445076912652e-05
JacksonJ1969,2,1,2,1,0.00012139986766283325,0.0004863064464073845
NationalCurve6868,3,1,3,1,0.00012134320433269606,2.1094135020442966e-06
Commercial_Method253,5,1,5,1,0.00012114968014704238,0.000513116228512696
Inferno221,3,1,3,1,0.00012085471228518546,0.0023500478483154505
WarningUsed4549,1,1,1,2,0.00012079276569666077,0.0
CCB0x45,1,2,1,2,0.00012079276569666077,0.0
Snackatttack,3,1,3,1,0.00012078499901841479,4.944264725862743e-05
ITAVTRCC,3,1,3,1,0.00012067227707211864,0.00018149334227326232
Astrocoder,2,1,2,1,0.00012067019019755242,6.776445076912652e-05
ChurchillianGrooves,5,5,5,5,0.00012065958871475435,0.0007080934745269324
profesorgamin,1,1,1,1,0.0001205371317423633,0.0
Big_Ole_Mole,5,3,5,3,0.00012051658715538758,0.0008464909543344601
Elman89,1,1,1,1,0.0001205154802450712,0.0
Acceptable_Bat379,1,1,1,2,0.0001205154802450712,0.0
ProtonHyrax99,1,1,1,1,0.0001205154802450712,0.0
Good-Cap-7632,3,1,3,1,0.0001204128092963538,0.003866755181586392
dowcet,2,1,2,1,0.00012035262224357022,4.200521238405042e-05
CallsyReds,1,1,1,1,0.00012034116177894018,0.0
MiAnClGr,1,1,1,2,0.00012034116177894018,0.0
OttoVonJizzfart,2,2,3,3,0.0001203101974388498,1.5444410467310866e-06
Jakuraiswife,2,1,2,1,0.00012014954164504524,6.776445076912652e-05
henno13,6,1,6,1,0.00012005161443725373,0.0017261262025963322
RageFucker_,2,1,2,1,0.00012001845686894337,7.804379645960431e-05
HappyHuman924,3,2,3,2,0.00011988620894456961,0.00029486162794112547
AzulMage2020,2,2,2,2,0.00011975183517422257,0.0005817631355224551
techperson1234,4,1,4,1,0.00011967317135211688,0.0025290012155288507
Opposite-Program8490,4,1,4,1,0.00011964704234568027,0.0003912647982636171
Hustle000777,4,6,6,7,0.00011948239598230324,0.003456310396023289
Attila_22,4,2,4,3,0.00011931562909244118,0.0002737048046040106
Fresh-NeverFrozen,5,2,5,2,0.00011931528041410851,0.00032850030557648357
res0jyyt1,7,4,7,4,0.00011930944554681958,0.0028630411316087245
LeekTerrible,2,1,2,1,0.00011926409200838676,0.003566656831861476
HoboOperative,3,1,3,1,0.00011921271306025911,0.0005424799250071025
Cemckenna,6,3,6,3,0.00011917457043138,0.003882729878344826
xBesto,4,3,5,3,0.0001191442407843307,0.0003767281961315334
cjroxs,2,1,2,1,0.00011905581723524218,6.776445076912652e-05
SnooDoubts8688,2,2,2,2,0.00011896276533618745,0.0001965092020957423
YesterShill,8,1,8,1,0.00011888643735473103,0.007373980216731047
Prior-Soil,4,4,5,4,0.00011883828451899043,0.0014073508944053548
Low-Umpire236,7,2,7,2,0.00011880167906300768,0.004455862060078025
locke_5,3,3,3,3,0.0001187720919407379,0.0001273544752189872
KingBStriing,3,1,3,1,0.0001187250146664405,0.00013552890153825303
Marginallyhuman,5,2,5,2,0.00011870061545072463,0.0010523490770042389
illyay,3,3,3,3,0.000118429239356265,0.00017555705573718411
Environmental_Gap_65,3,1,3,1,0.0001182200064834143,0.0033846084344153066
Fi3nd7,2,1,2,1,0.00011818154678505404,3.735653958741663e-06
mapadofu,1,1,1,1,0.00011816172879462022,0.0
Excellent_Yogurt2729,2,3,3,4,0.00011781277493842258,3.839985543583836e-07
hopefullythathelps,3,3,3,3,0.00011754314999647861,3.764691709395917e-07
Nervous-Cockroach541,7,1,7,1,0.00011734897162506433,0.0038175055774844315
crazycatlady331,7,1,7,1,0.0001172496860662776,0.003654762711481556
DespondentEyes,5,6,5,6,0.00011718414134015899,0.018255681358878343
Mundane-Laugh8562,6,2,6,2,0.00011717106663889675,0.0006100865814588596
ep1032,4,2,4,2,0.00011702828049890376,0.00027831469872298745
hotel_air_freshener,4,1,4,1,0.00011697480124648823,0.000126927788731225
Gnaightster,9,1,9,1,0.00011690121746290806,0.0004254097979403957
windol1,4,1,4,1,0.00011683925876230218,0.00047819555437973813
RJ5R,5,4,5,4,0.00011680031019979331,0.006306803762631629
Sprinkle_Puff,2,1,2,1,0.00011671249471325584,0.00016217853242463673
Zolo49,2,2,2,2,0.00011668856648497447,7.568850533962537e-05
neckbeardsghost,1,1,1,1,0.00011660811635940358,0.0
No-Spoilers,4,3,4,3,0.00011655416179542341,0.00028614047722294193
AdmirableWrangler199,6,1,6,1,0.00011643721685467397,0.0004665221636905775
StageMajestic613,5,2,5,2,0.00011599451729964457,0.00041253373193813985
LazyPondSki,1,1,1,2,0.00011590339046533626,0.0
ithinkimaturtle,1,1,1,1,0.00011590339046533626,0.0
WRB2,1,1,1,2,0.00011590339046533626,0.0
ConsistentQuestion32,1,1,1,1,0.00011590339046533626,0.0
State_Dear,1,1,1,1,0.00011590339046533626,0.0
JD_EnableLeaders,1,1,1,1,0.00011590339046533626,0.0
Remarkable_Command83,1,1,1,2,0.00011590339046533626,0.0
ZachVorhies,3,3,5,4,0.00011587004374910158,0.00020329335230737957
HelenDeservedBetter,1,1,1,1,0.00011585688843182928,0.0
esalman,3,1,3,1,0.00011584780667002936,0.00011638606682403495
revnhoj,2,1,2,1,0.0001157560723582452,0.0
Dramatic_Ice_861,2,1,2,1,0.00011562253314060793,4.627078614810303e-06
DiscoQuebrado,2,2,2,2,0.00011560763035024102,6.776445076912652e-05
bombmk,2,2,2,2,0.00011550130493555487,6.776445076912652e-05
TobaccoAficionado,4,1,4,1,0.00011543657467403652,0.0002921111819171032
Diligent_Mountain363,4,2,4,2,0.00011541643152979327,0.0006271117943067671
rando08110,3,4,5,6,0.00011538470997801265,0.00014562445978294486
24BitEraMan,9,2,10,2,0.00011528647867903146,0.0012524732819212815
4look4rd,4,3,6,5,0.00011520346932674725,0.00010312423391347958
Teddy_RGB,5,1,5,1,0.00011510814401220927,0.0004601499544078522
Pathkinder,5,4,5,4,0.00011510806894595812,0.0004340835354367164
PuzzleheadedFont,6,1,6,1,0.00011506786302752422,0.00041438161469463646
GenericFatGuy,3,5,3,5,0.00011492610073221326,0.0004056622266913838
EbonySaints,4,2,4,2,0.00011489134932067965,0.0002237349610193523
StrangePut2065,5,2,5,2,0.00011480389427187296,0.00016788946503993013
louielouie222,2,1,2,1,0.00011477419781196842,0.00020329335230737957
CasualObserver9000,4,4,5,6,0.00011448437585504144,3.893572951755991e-05
throwaway2676,2,3,2,3,0.00011441263967230291,0.0002109413853263869
coopigeon,4,1,4,1,0.00011439361508372831,0.0005421156061530121
johnnybgooderer,3,3,3,3,0.00011430366741341591,0.00039932486337691206
SameSeaworthiness789,4,1,4,1,0.00011410849199912236,0.000339269518777549
-Gman_,6,2,6,2,0.00011404170428259508,0.00044350230664037625
BeReasonable90,4,2,4,2,0.00011396699481694273,0.0007262216407131676
Tearakan,6,9,6,9,0.00011385305369877306,0.0033977112188543113
Damn8ti0n,6,1,6,1,0.00011382144072636853,0.0013242760549518782
Rufus_king11,1,1,1,1,0.00011362428057848653,0.0
brufleth,1,1,1,1,0.00011362428057848653,0.0
RedditReader4031,4,3,4,3,0.00011358486162104731,0.000421858633202801
seenasaiyan,6,1,6,1,0.0001135716671461462,0.0005975306827041739
Laytonio,2,2,6,5,0.00011342589169969464,2.039208009256122e-08
Private_Kyle,5,1,5,1,0.000113351924613493,0.0003788492571494249
Zealousideal_Tea362,3,2,3,2,0.00011326160826566533,0.00032980939504321686
dicerollingprogram,3,2,3,2,0.00011309289440636879,0.00027375327008329005
Doubleu2020,9,2,9,2,0.0001127644435636959,0.0013441772879481746
AlmoschFamous,5,3,6,4,0.00011268573895707305,0.00042585125335024246
JonathanStuartTran,5,1,5,3,0.00011264290162846366,0.003654536829978994
dorkyitguy,7,3,7,3,0.0001125520980871673,0.0007227493618486866
real_men_fuck_men,1,1,1,1,0.00011248435914988476,0.0
714daniel,3,1,3,1,0.00011246994169288395,0.003400432144213789
Usual-Student-2146,2,3,3,3,0.0001124344431580501,6.776445076912652e-05
Bahamal1ama,4,2,5,2,0.00011243198162224904,0.00029516071326384283
According-Annual-586,3,1,3,1,0.00011237372548243818,0.00020329335230737957
MF-Geuze,3,1,3,1,0.00011235511522380321,6.776445076912652e-05
billet_aller_simple,4,1,4,1,0.00011233988331038593,0.00014845858100618196
FiveCrappedPee,5,1,5,1,0.00011230073246259372,0.0002567579149839123
ClamPaste,3,4,4,4,0.00011220205123858857,8.423466721703884e-05
Jayknife,5,1,5,1,0.00011188780310755167,0.003862250899692232
S3pD3cM0n,5,1,5,1,0.000111883564015219,0.00041876441819941717
radioactivecat,7,2,7,2,0.00011174820833872063,0.001140721624792481
Chemical-Wallaby-838,2,1,2,1,0.00011173423245905974,7.436448084588483e-07
Material-Macaroon298,6,3,6,3,0.00011162734581890428,0.0011569170900829983
explicit17,1,1,1,1,0.00011162482188619871,0.0
Graxin,1,1,1,1,0.00011162482188619871,0.0
Pristine_Toe773,7,1,7,1,0.00011157552740165233,0.0006780123488834584
Storm_Surge,4,3,4,3,0.00011153130354640119,0.00035473753694931735
Aquarius_K,2,3,2,3,0.00011151812572699885,0.0001678470716500801
Adventurous-Boss-882,4,5,5,6,0.00011147186290364951,0.002989370365231815
caliginous4,2,1,2,1,0.00011145826087296157,0.0005485032770968739
elementmg,2,1,5,4,0.000111339393680302,0.003384608434415304
Top_Substance9093,4,3,4,3,0.00011131568703958782,0.00017106029222540547
HeadEar5762,2,2,2,2,0.00011129011589278205,0.00013552890153825303
deejeycris,4,3,4,3,0.00011126903080051438,0.0002144901881824979
sandy_coyote,6,1,6,1,0.00011125535185424507,0.0004402204265593197
MaleficentCow8513,3,3,4,3,0.00011125188667216632,0.00019763819248914505
Ours15,2,4,2,4,0.00011108452441310738,0.0005596227430730349
stockmonkeyking,2,1,2,1,0.00011092257868014778,5.426153920653707e-06
SeaFox2142,3,1,3,1,0.00011091293114603083,0.0003680882997580646
Maleficent-Cup-1134,7,4,7,4,0.00011087422790142025,0.00048617384008681414
yerdick,2,1,2,1,0.00011086849773182731,6.923268053579093e-05
ianitic,3,2,4,3,0.00011074194268049538,6.776445076912652e-05
Karl151,4,1,4,1,0.00011069492220356123,0.00036052293386637827
james6969,2,1,2,1,0.00011062583282303197,0.0006776445076912651
esaith,1,1,2,2,0.00011050678947569646,0.0
fake-august,2,1,2,2,0.0001104442017490989,6.776445076912652e-05
Donald711,3,1,3,1,0.00011043653457749657,5.9549257004166885e-06
elegiac_bloom,1,1,1,1,0.00011036137733769799,0.0
Hour_Cost_8968,4,1,4,1,0.00011034164555205768,0.00044843411925929476
kaeji,1,1,2,2,0.00011031990037274226,0.0
maximuslife777,1,1,1,1,0.00011022639098552936,0.00013495989527703294
mosskin-woast,4,1,4,1,0.00011004030596802346,0.0003410074845684084
opensourcedev,5,2,5,2,0.00010998386023218977,0.0002515580084814024
Affectionate-Alps527,3,1,3,1,0.0001098462115502192,6.915953795400837e-05
thatgibbyguy,3,2,3,2,0.00010971977746087676,0.0004831944787757501
harrisofpeoria,3,3,3,3,0.00010953179266773561,0.0002353461105505603
JerseyDonut,1,1,1,1,0.00010936092444327792,0.0
sordidcandles,3,5,3,6,0.0001093539511406162,0.0012604773736157237
NahYoureWrongBro,1,1,1,1,0.00010933138334806561,2.0180655315701107e-05
CapitalRegular4157,4,1,4,1,0.0001092649617863275,0.0005228506072792464
Captain_Jellico,3,1,3,1,0.00010925816487044584,0.000371523592465531
EugeneDupree,1,1,1,2,0.00010923883895495335,0.0
Sea_Reach6233,1,1,1,1,0.00010923883895495335,0.0
Longjumping-Ad514,1,1,1,1,0.00010923883895495335,0.0
Eastern_Voice_4738,1,1,1,2,0.0001090886834630163,0.0
vimommy,1,1,1,1,0.0001090886834630163,0.0
BadAndFreekee,1,1,1,1,0.0001090886834630163,0.0
triggerhappy5,2,2,2,3,0.00010902333082678741,7.835814656306627e-07
Wild-Seaweed3834,3,1,3,1,0.00010902281914636717,0.0011535515805861187
jonstarks,5,2,5,2,0.0001089272293945657,0.0007160420191421568
EconoMePlease,3,3,3,3,0.00010886775976880069,0.00034222212007251616
renothedog,2,1,2,1,0.0001088568206468519,9.977276271138802e-05
troll__away,5,2,5,2,0.00010876215136381333,0.0008689265256672612
Sajwancrypto,1,1,1,1,0.00010862839398565879,0.0
LaFantasmita,5,6,5,6,0.0001083584286402303,0.0007663280730318165
soylamulatta,4,1,4,1,0.00010833456222559038,0.00020329335230737957
Noah_Fence_214,3,4,6,6,0.00010806077919117369,9.868170894212331e-06
currentfuture,2,1,2,1,0.0001079610750878828,7.061674693984784e-06
OneofLittleHarmony,4,3,4,3,0.00010786124885633742,0.00030364057919560634
ThanOneRandomGuy,1,2,1,2,0.00010775579022890579,0.00017152292983887348
Icy-Share-4751,3,2,3,2,0.00010772999675235413,0.00011285154427142924
keytotheboard,3,1,3,1,0.00010752325395115392,0.0017938080166953368
Fidodo,4,7,4,7,0.00010746676972159103,0.0012886410864375102
Electrical-Ad1886,4,4,4,4,0.00010723867671816243,0.003519774312110154
chickenMcSlugdicks,1,2,2,2,0.00010721355669789784,7.171685925778496e-07
timmy166,4,1,4,1,0.00010713832263274695,0.0005353597632293798
Minipuft,3,1,3,2,0.00010709347974156024,9.928996070185087e-05
_Heathcliff_,5,4,7,4,0.00010692375389554891,0.01443274540854737
Doombuggie41,5,3,5,3,0.00010688555828312496,0.0008868510491584845
ehtw376,4,1,4,1,0.00010687110514872244,0.0004524351048908531
harryoldballsack,4,1,4,2,0.00010677172030049442,0.00020329335230737957
Disgruntled-Cacti,5,7,5,7,0.00010673606051462906,0.0029125372067492663
MercyEndures,1,2,1,2,0.00010656901392004799,6.195236745265869e-06
PugilisticCat,1,1,1,1,0.00010656901392004799,0.0
Glove_Right,5,1,5,1,0.00010644602592039394,0.004221777977247872
PM_40,3,6,4,7,0.00010641015649676617,0.0016702585646429997
donjulioanejo,6,8,6,10,0.00010634948833444545,0.0003755515448765899
davidbasil,5,15,5,17,0.00010634351388697096,0.010199244079395852
AWeakMindedMan,3,1,3,1,0.00010625522569386696,0.0002670525045212999
ZAlternates,3,4,4,4,0.00010622655160916292,0.00010599058067289985
pibbleberrier,3,3,4,4,0.00010615162414411562,0.002225243048907213
rap709,5,3,5,3,0.0001060121467911395,0.0014778448107449981
Unlucky_Topic7963,3,4,4,5,0.00010594297598156587,0.00013465165532702077
Picnicpanther,4,6,8,9,0.00010581558091717103,0.00023092133395535955
TaohRihze,1,1,1,1,0.00010576348416262779,0.0
LowClover,1,1,1,1,0.00010576348416262779,0.0
yousuckass1122,5,4,6,4,0.00010576143711086318,0.00030635541507534683
Narf234,3,1,3,1,0.00010570488121896893,0.0008013143732824183
Synekal,7,1,7,1,0.00010566250026683384,0.0006923155414320967
OkEssay4173,6,1,6,1,0.00010556275546270807,0.0003918207132229684
FasterGig,5,4,5,5,0.00010549796970774535,0.0003985468119244782
Joo_Unit,3,3,3,3,0.00010547962751792552,0.0005779304352019189
Vengeance164,6,2,6,2,0.00010547546722140335,0.0004197992004779533
hpela_,2,2,2,2,0.00010547378534396024,3.476272872966974e-05
NSYK,7,1,7,1,0.00010533569353365852,0.00037909387393217706
Hairy_Air,3,3,4,3,0.00010522347341102374,0.0012012423142293265
DoctorSchwifty,2,1,2,1,0.0001051898032498011,7.32444860824613e-05
Tomazzy,1,1,1,1,0.0001050805658130203,0.00033129965760764804
Gold_Motor_6985,2,3,2,3,0.00010505221763040619,0.0004678185965587339
Substantial-Elk4531,7,7,7,7,0.000104883798041462,0.0031433630872919464
Deranged40,4,1,4,1,0.00010486965692157978,0.00020385805606378893
ArticleHaunting3983,3,2,3,3,0.00010479076477278026,1.3035272939226236e-05
BLAHBLAH1234BLAH1234,5,2,5,2,0.00010476002353010483,0.00016526488897195476
Sulleyy,1,2,2,4,0.00010471733897467634,2.481509938256952e-06
psdpro7,4,1,4,1,0.00010462270498881303,0.0005421156061530121
ampersand355,7,1,7,1,0.0001045681264563491,0.0004325032751060778
OneConfusedBraincell,2,1,2,1,0.00010446591318919342,9.10164893020487e-05
50FtosPalack,1,1,2,2,0.00010433822985304216,0.0
Valturia,2,1,2,1,0.00010431268362833718,7.027272737908049e-05
AnalogFeelGood,3,2,3,2,0.00010425034728229014,0.0004793265009493099
Species1139,4,1,4,1,0.00010421658100026861,0.0037363246198673645
Ok-Reflection-9505,1,1,3,3,0.00010399529123046576,0.0
NtheLegend,2,1,2,1,0.0001039367968420049,0.0
UltimateChaos233,4,2,7,4,0.00010390874785458073,0.00020329335230737957
reflect25,4,2,4,2,0.00010372728175375546,0.00020329335230737957
Independent-Mango813,5,4,5,4,0.00010359985748410627,0.00524256314085355
mmmaaaatttt,2,1,2,1,0.00010356946900986568,9.519917376124524e-06
Ok_Butterscotch_7930,4,2,4,2,0.00010345454853264218,0.0004256896624660561
SYNTHENTICA,6,1,6,1,0.00010330737907386161,0.0004443622084439714
Plantsandsmut,3,2,3,2,0.00010326891866473416,0.0033846084344153053
iHate_tomatoes,2,1,2,2,0.00010324278994920688,1.505876683758367e-07
PianoConcertoNo2,5,5,6,6,0.00010320277337467625,0.00028498014874675883
blazedjake,6,3,6,3,0.00010311687556728018,0.0004967508311216847
TheRealJamesHoffa,1,2,1,2,0.00010310755351941542,1.2055658597680655e-05
helloamigo,2,2,2,2,0.00010309115811200333,2.839279670811319e-05
tylerfulltilt,2,1,2,1,0.00010266741929711565,6.776445076912652e-05
DreamingMermade,2,1,2,1,0.00010266741929711565,6.776445076912652e-05
unholycurses,6,3,6,3,0.00010262402130077229,0.00014809276820143856
goddessofgoo,3,1,3,1,0.00010258872026943772,0.003923561699532426
VerbumGames,1,1,1,2,0.00010254068684452932,0.0
cinewolf,4,2,4,2,0.0001025355040123981,0.0003388222538456326
smares21,3,2,3,2,0.00010242589612548135,0.00014671304786973585
LatinLover88,2,2,2,2,0.00010232519294643091,0.00020532176331119204
balzam,4,1,4,1,0.00010232236931652929,0.00020329335230737957
AcuraLadCapeeTan,1,2,3,3,0.00010226941724907701,0.0
EssentiaLillie,2,1,2,1,0.00010218170080500591,9.840481313997185e-06
Boring-Staff1636,3,2,3,2,0.00010217370832888154,9.073842203414637e-05
raccoonDenier,4,1,4,1,0.00010203519910101104,0.001048336451045457
chickenxnugg,1,1,1,1,0.00010201506140041072,0.0
Dude-Lebowski,1,2,1,2,0.00010198726839582179,0.004061166860937213
lolliberryx,5,1,5,1,0.00010197143653494075,0.0005082333807684489
Snake_eyes_12,3,3,4,4,0.00010179964705086665,0.00013552890153825303
vortigaunt64,6,1,6,1,0.00010175933223188514,0.00045284926613649193
misingnoglic,4,3,4,3,0.00010162267719504795,0.0002689723365027673
rononoadakait,4,1,4,1,0.00010159124217430865,0.00032189963196846725
fakemoose,3,2,3,2,0.0001014844933360928,0.00021984525242948252
I_demand_peanuts,3,3,4,3,0.00010138557329430215,0.0001660604804436968
DesireeThymes,3,1,3,1,0.00010136801069000687,0.0005421156061530121
seeking-health,2,2,2,3,0.00010132569857113561,0.0001819951084644399
ChubbyVeganTravels,4,9,4,9,0.00010114888507614952,0.005651536617768432
antrage,3,3,4,3,0.00010113471604515054,0.00023256850190998807
dvb70,4,2,4,2,0.00010111145897873978,0.00027105780307650607
Honkmaster,8,0,8,0,0.0001010802798184353,0.0003899796533580614
Laruae,8,8,9,9,0.00010104932249302156,0.00042203614001722967
henryofskalitzz,5,3,5,3,0.00010104418965932786,0.00036591432445759323
Dude_man79,2,2,2,2,0.00010103669260446323,0.0036538591854712987
third-water-bottle,5,1,5,1,0.00010101461012899357,0.00028136986630098983
saamm444,2,0,2,0,0.00010090404730574207,6.776445076912652e-05
bootchmagoo,5,2,5,2,0.00010086299460600798,0.0001687128983287727
quotidian_qt,5,2,5,2,0.00010072301292717423,0.00030494002846106935
No_Salt_9004,2,1,2,1,0.00010065056893269643,0.00010648800240991657
CanvasFanatic,5,3,5,3,0.00010064228614763676,0.0007087439251555276
vigtel,2,1,2,1,0.0001005911372522778,0.0
Old_Faithlessness623,2,2,2,2,0.00010037707902043435,6.831601799021364e-05
lamponerosso,1,1,1,1,0.00010037020691413977,0.0
countercultural92,1,1,1,1,0.00010037020691413977,0.0
True_Window_9389,4,4,4,4,0.00010021567567607423,0.0008802096628141803
Antice,4,1,4,1,9.999385121461841e-05,0.00041152758114663886
SurgicalSlinky2020,4,1,4,1,9.988020323807039e-05,0.003856926656276117
No_Mercy_4_Potatoes,3,1,3,1,9.971893665074279e-05,0.0002974965537549061
Negative-Fun1985,3,4,3,4,9.944672934824454e-05,0.0026585205981982025
Morton_1874,2,3,2,4,9.942781549575585e-05,2.800508328328226e-05
theyrenotokay,1,1,1,1,9.935423548027883e-05,0.0
coreyander,3,2,3,2,9.933764916879828e-05,9.706378204924694e-05
AvocadoAlternative,4,1,4,1,9.921913723115388e-05,8.09847733807943e-06
the_Q_spice,4,4,4,4,9.920194056574156e-05,0.0005679130627217584
ThrowAway-stupidQ,2,2,3,2,9.912420047793423e-05,0.0003388222538456326
MoodFearless6771,3,2,3,2,9.91079660194425e-05,9.847464440120402e-05
Original-Poet1825,5,3,5,3,9.908315876465793e-05,0.004202719635312462
tylerthe-theatre,4,1,4,1,9.898400632196438e-05,0.00039634914168206994
IcyHeadTime,3,3,3,3,9.883093238845765e-05,0.0007771166665360355
runs_okay,3,1,3,1,9.880350130344013e-05,0.00020329335230737957
n1g3r6356,3,3,5,4,9.875456913058451e-05,6.776445076912652e-05
hamfinity,4,4,4,4,9.864906895856089e-05,0.0004452899296427682
Flat_Wasabi6243,1,1,2,3,9.862693483275706e-05,0.0
HopeSubstantial,1,1,2,2,9.862693483275706e-05,0.0
Rodman930,1,1,2,2,9.853496562291961e-05,0.0
NotAlwaysGifs,4,1,4,1,9.852668693296176e-05,0.0004368134068467907
deepasleep,5,2,6,2,9.850183803667838e-05,0.00022857322500312283
dancetothiscomment,6,1,7,1,9.846197684083101e-05,0.0006596902843488315
Immediate-Count-1202,3,2,3,2,9.84502693341454e-05,0.0004699832340213502
Federal_Emu202,4,3,5,3,9.844530268349372e-05,0.00029102506484882465
yipape,2,1,2,1,9.841303038820371e-05,0.00024083730544268456
FluffyCup8934,2,1,2,1,9.835478227686758e-05,7.853603490041427e-05
read_the_manual,1,1,1,2,9.819378361399716e-05,0.0
Murder_Hobo_LS77,3,2,3,3,9.819180720993073e-05,0.00019644051160628808
CranberryLast4683,5,1,5,1,9.812690335601319e-05,0.00015480813761766722
haskell_rules,4,4,4,4,9.809319420118412e-05,0.00017446648376762225
user303909,3,3,3,4,9.807517032360724e-05,0.00027105780307650607
Spiritual-Soup2551,1,2,1,2,9.805045033295942e-05,0.00037174475570582476
roguepen,1,1,1,1,9.805045033295942e-05,0.0
Suckmyflats,1,1,1,1,9.805045033295942e-05,0.0
randumpotato,1,1,1,1,9.805045033295942e-05,0.0
marrhi,1,1,1,1,9.805045033295942e-05,0.0
Fit-Bus2025,1,1,1,1,9.805045033295942e-05,0.0
Human-Search-6114,1,1,1,1,9.805045033295942e-05,0.0
kitten_huddle,1,1,1,1,9.805045033295942e-05,0.0
classicicedtea,1,1,1,1,9.805045033295942e-05,0.0
Dizz-ie10,1,1,1,1,9.805045033295942e-05,0.0
MixtureSafe8209,1,1,1,1,9.805045033295942e-05,0.0
brickout,4,2,4,2,9.803468251112183e-05,0.0012183658655455715
Olangotang,3,3,3,3,9.801404437898275e-05,0.0003574729621196618
43Gofres,3,3,3,3,9.799639557697232e-05,0.000141802266589207
MikeyLew32,2,1,2,1,9.798022366533073e-05,0.000365587877907758
Azmtbkr,2,1,2,1,9.796372122498681e-05,0.0
valkon_gr,3,4,3,4,9.789874368168567e-05,0.00035073062290528253
slowpoke2018,1,2,1,2,9.787140061493375e-05,0.0003388222538456326
Extension-Two-2807,3,1,3,1,9.781824298171254e-05,0.00015727335687817486
Acceptable-Cause-559,5,3,5,4,9.777463974057974e-05,0.0004135624293691744
firecorn22,2,1,2,1,9.771776171820483e-05,0.005351546504699145
MattyIce1220,5,1,5,1,9.746280693969662e-05,0.0007140438684771291
The_Double_EntAndres,4,1,4,1,9.726312230715627e-05,0.00014174330896398195
The_Redoubtable_Dane,5,4,5,5,9.72467373605948e-05,0.0014975254625878814
Western_Objective209,3,8,6,12,9.722400525550785e-05,0.00039094680043866515
DoubleOwl7777,2,2,2,4,9.718548284166896e-05,7.089234073885426e-05
Spirit_of_a_Ghost,3,1,3,1,9.718348880304509e-05,0.0002777958788419653
amnesic23,1,1,1,2,9.711809005717527e-05,0.0
ToWriteAMystery,4,2,4,2,9.711308871455323e-05,0.00019828828931333362
Fuehnix,5,5,5,5,9.707386676393447e-05,0.00032037901823868403
Geeseareawesome,2,1,2,1,9.696019972447672e-05,6.776445076912652e-05
Accomplished-Dot-608,3,1,3,1,9.693277149726505e-05,0.00020329335230737957
Bamulson,1,1,1,2,9.6869708846181e-05,0.0
griggsy92,1,1,1,1,9.6869708846181e-05,0.0
ImpactSignificant440,3,2,3,2,9.673869718445883e-05,0.0048143748763584395
Altruistic-Dream213,4,2,4,2,9.672757651169454e-05,0.00021041519107834099
neuronexmachina,2,1,2,1,9.664118328970595e-05,0.00012337707701091203
Zer_,3,5,3,5,9.66356272910443e-05,0.00040094771189253355
boringfantasy,1,1,2,2,9.652649511324236e-05,0.0
BackendSpecialist,4,5,4,5,9.650449599132667e-05,0.00020651283322736515
kingkeelay,1,1,1,1,9.649593294907198e-05,0.00024970044981495254
Useuless,1,1,1,1,9.649593294907198e-05,0.0
Impossible_Fennel_94,1,1,1,1,9.648622167403771e-05,0.0
strangway,2,2,2,2,9.648041280989274e-05,6.062084086122799e-05
mile-high-guy,2,3,3,4,9.639681622215223e-05,1.071187609860054e-05
Solid_Character9459,1,1,1,1,9.632818276040549e-05,3.9087757613699995e-06
inductiononN,3,3,3,3,9.630800452959793e-05,5.000246528360349e-05
znotss,2,2,4,5,9.618609213004084e-05,6.776445076912652e-05
bitemark01,1,1,1,1,9.614262149283311e-05,0.0007788775239136574
Aggravating-Gift-740,5,1,5,1,9.606547378226232e-05,0.00047435115538388563
iamcleek,2,3,3,4,9.605898071467223e-05,9.983649176187883e-05
Excitium,5,3,5,3,9.603192790926943e-05,0.0004841076486718438
pateff457,3,1,3,1,9.599368884279491e-05,0.0003787016180611085
FluxBench,1,1,2,3,9.597189086796374e-05,0.0
goldenfrogs17,1,1,2,3,9.597189086796374e-05,0.0
Resource_account,1,1,2,2,9.597189086796374e-05,0.0
somdcomputerguy,1,1,2,2,9.597189086796374e-05,0.0
rnicoll,5,2,5,2,9.593996907490224e-05,0.0005971914080068169
kogun,5,1,5,1,9.586205610111874e-05,0.0004705999031345735
Zestyclose-Sink6770,1,2,1,3,9.581128615939363e-05,2.2588150256375506e-07
whiteshootingstar,1,1,1,2,9.581128615939363e-05,0.0
Omgitschewy,1,1,1,1,9.581128615939363e-05,0.0
diamond_hands_suck,1,1,1,1,9.581128615939363e-05,0.0
Time_Athlete_1156,1,1,1,1,9.581128615939363e-05,0.0
LifelongStudent0,1,1,1,1,9.581128615939363e-05,0.0
A_Derrick,1,1,1,2,9.581128615939363e-05,0.0
JanitorOPplznerf,1,1,1,2,9.581128615939363e-05,0.0
rustyseapants,1,2,1,2,9.580700487577178e-05,0.00042206744746783306
Sraosha47,1,1,1,2,9.580700487577178e-05,0.0
MidwestDYIer,3,2,4,3,9.573367786348015e-05,0.00032269596095395927
TempAcct724,1,1,1,1,9.570318614719919e-05,0.0
ALostMarauder,5,3,6,3,9.568206567421847e-05,0.0003473825141059075
Dry-University797,4,2,4,2,9.566308748513267e-05,0.0019473374173050676
3RADICATE_THEM,2,5,2,5,9.560500199194955e-05,0.0026958187920604866
tc100292,4,2,4,2,9.558951399586031e-05,0.00044517096627794394
Chumbag_love,1,1,2,2,9.556016536317141e-05,0.0
Ok_Treat3196,3,3,5,6,9.555128379441007e-05,0.0
timelyparadox,2,3,6,5,9.55073298448467e-05,0.00013552890153825303
ComputerHelpPro,2,2,4,4,9.542344158255635e-05,0.0005878125329921568
TheKaizokuSenpai,2,1,2,1,9.539487003005449e-05,0.0003388222538456326
Independent-End-2443,4,5,4,5,9.535739060440147e-05,0.00343537637175896
gracecee,1,1,1,1,9.526139871656281e-05,0.0
b0w3n,5,4,5,4,9.523477020041112e-05,0.001298338874239991
icehole505,3,4,3,5,9.518643285498485e-05,0.0001984993598105084
EmbarrassedHelp,3,3,3,3,9.516720113966834e-05,0.004229958523393413
phate81,2,1,2,1,9.516535041350549e-05,0.00027696898914003366
gdirrty216,2,2,2,2,9.503888166847471e-05,0.00027105780307650607
gary-nyc,2,2,2,2,9.503888166847471e-05,0.00027105780307650607
Agifem,1,2,1,3,9.498925466871333e-05,4.979970423488753e-05
cmpxchg8b,1,1,1,1,9.498925466871333e-05,0.0
GeorgiaWitness1,1,1,1,1,9.498925466871333e-05,0.0
virginiawolverine,3,1,3,1,9.485741228063313e-05,0.00012200934046936868
Xylus1985,3,3,3,3,9.483536517118947e-05,0.0004036488946446534
the_fresh_cucumber,3,7,3,7,9.480123909813977e-05,0.000999366542294136
FirePlasm,1,1,1,1,9.476169775996317e-05,0.0
VGBB,1,1,1,1,9.476169775996317e-05,0.0
Sad-Replacement-5015,1,1,1,1,9.474089258677408e-05,0.0
Fragrant-Airport1309,1,1,1,2,9.474089258677408e-05,0.0
lagann41,1,1,1,1,9.474089258677408e-05,0.0
elizabeththenj,2,2,2,3,9.459389879930574e-05,0.0
BigDaddyNK,1,1,1,1,9.456502598152856e-05,0.0
Right-Effort-1271,1,1,1,1,9.456502598152856e-05,0.0
The_New_Animal,1,1,1,1,9.456502598152856e-05,0.0
abrahamguo,1,1,1,1,9.456502598152856e-05,0.0
CheapWeight8403,4,1,4,1,9.449196573830375e-05,0.00034279577497736073
sebrebc,2,1,2,1,9.438611877596134e-05,6.753856926656277e-05
ContigoJackson,2,1,4,3,9.437503586208147e-05,3.643209220622134e-07
sleep-exe,4,1,4,1,9.435708340015582e-05,0.0036792712170609313
Solar_Flare_00,3,2,4,2,9.427980950469157e-05,0.0004221413321450542
Horstov,4,2,4,2,9.426662375312402e-05,0.0003714446870453659
Brief_Ad_4825,1,2,1,2,9.424474193457542e-05,0.0017256217388358073
Pyromancer777,1,2,1,2,9.424474193457542e-05,8.777779344321805e-05
jonathanfv,1,1,1,2,9.424474193457542e-05,0.0
Same_Requirement_371,1,1,1,1,9.424474193457542e-05,0.0
iOSCaleb,1,2,1,2,9.414051660085984e-05,1.3576742767163821e-06
distractable,1,1,1,1,9.414051660085984e-05,0.0
jimbojsb,4,1,4,1,9.400518964594582e-05,0.0007039571534179727
UnappliedMath,2,1,2,1,9.396554279659941e-05,6.776445076912652e-05
anonymous_opinions,1,1,1,2,9.393751183416158e-05,0.0
McBeaster,1,1,1,2,9.393751183416158e-05,0.0
zeptillian,5,15,5,15,9.388480073151542e-05,0.0011328239896339948
pumpChaser8879,1,1,1,1,9.373866962354062e-05,0.0
WagwanKenobi,1,1,1,1,9.373866962354062e-05,0.0
Dr_Mousey,2,1,2,1,9.369830906054313e-05,6.776445076912652e-05
RainBoxRed,1,1,2,2,9.357537927399175e-05,0.0
Boristheblaze,5,1,5,1,9.345139371865349e-05,0.003579711566462649
daviaprea,3,1,4,1,9.344317349156243e-05,0.0034521470036818704
meowrawr,4,1,4,1,9.34301849337986e-05,0.00363643993630056
burntpecan,3,3,4,3,9.340035942710613e-05,0.00020106673950700052
gigitygoat,3,4,3,4,9.33260385573031e-05,0.0026743701150798694
nukem996,6,3,6,3,9.326874885069437e-05,0.003801435731162348
Lower_Sun_7354,1,1,1,1,9.324069453911925e-05,0.0
Pale_Sun8898,1,1,1,1,9.324069453911925e-05,0.0
Other_Scarcity_4270,2,1,3,3,9.320947722239552e-05,1.4117593910234692e-07
TheSecondEikonOfFire,3,8,4,8,9.319070728727499e-05,0.003291440984485832
SharkSymphony,1,2,1,2,9.317427581992311e-05,6.1966659745412396e-06
Outrageous_Apricot42,4,1,4,1,9.315773800615752e-05,0.00011182679563322743
anonybro101,8,1,8,1,9.315494343517191e-05,0.00040177924217669217
_hypnoCode,3,1,3,1,9.30361688980132e-05,0.00020725368048253874
brash,4,2,4,2,9.294355285933376e-05,0.0005436989215252843
CowBoyDanIndie,3,4,3,4,9.290952680228959e-05,0.002823944040173758
jamestakesflight,1,2,1,3,9.290239702996676e-05,0.0035192338099433056
One-Scientist-6997,4,1,4,1,9.289092832572701e-05,0.0002592445866537826
VeganShitposting,2,2,2,2,9.285982455678868e-05,0.00027105780307650607
glemnar,2,2,2,2,9.285982455678868e-05,0.00027105780307650607
Ordinary_Musician_76,2,2,6,5,9.266966502550063e-05,9.195311072870426e-05
Nice_Cod_4476,1,1,1,1,9.256228348509095e-05,0.0
PenPenGuin,3,1,3,1,9.256124009772414e-05,0.00015689419093354505
Dangerous_Ad_5046,2,2,2,2,9.224420301090823e-05,7.422461205348796e-05
chrisfathead1,4,3,4,3,9.223046794815424e-05,0.00041372138512767647
sebastouch,2,1,2,1,9.222269964387048e-05,0.00028450760458357415
___Archmage___,6,6,6,6,9.205581696970368e-05,0.0011567145367844854
swollen_foreskin,2,2,2,2,9.203958714569407e-05,0.00038487475389193976
cansofgrease,2,1,2,1,9.203630887366568e-05,0.00011395674167116503
TheNewOP,3,8,4,8,9.18855108622628e-05,0.0003100419783013569
Poddster,3,4,3,4,9.183467758427213e-05,7.330410392819872e-05
MountEndurance,2,2,2,2,9.180611979955753e-05,0.0002762525423296583
Buttafuoco,4,4,4,4,9.174504223249435e-05,0.00015619879424637066
Glum_Avocado_9511,5,1,5,1,9.150053669953875e-05,0.000791441211847995
hmr0987,4,1,4,1,9.14486806805897e-05,0.0036448478963317364
AttemptRough3891,3,2,3,2,9.14443015057142e-05,0.0016211822936205806
Sheila_Monarch,3,2,3,2,9.144065274844304e-05,8.775652408982952e-05
MagicBobert,4,2,4,2,9.141948115076665e-05,0.00020615269412726988
Bloodthistle,4,1,4,1,9.136167226450496e-05,0.0018367121768164674
Short_Ad3957,5,2,5,2,9.133909427877915e-05,0.0004019366154087953
horizon_games,4,4,4,4,9.13253804460096e-05,0.00021102117654054248
pheonixblade9,4,8,5,9,9.128295536990169e-05,0.0032186244255281143
Dizzy_Break_2194,2,1,2,1,9.115203201734218e-05,2.2998259824850595e-05
bd2510,4,1,4,1,9.11169075948224e-05,7.380809060729659e-05
helphouse12,2,2,2,2,9.10976017190391e-05,8.656692455634004e-05
FancyEntrepreneur480,4,5,4,7,9.103612443228945e-05,0.00012536646077664158
StomachDue6177,1,1,1,1,9.102134036883455e-05,0.0
greenmachine11235,5,1,5,1,9.100576601629881e-05,0.00036702708203060396
Melantos,4,1,4,1,9.092044283638326e-05,0.000519120245104778
allknowinguser,3,1,3,1,9.091427329558106e-05,0.00024303472185731371
Wingedchestnut,2,6,2,6,9.079721803955424e-05,0.0014510037833438572
Double_Confection340,3,1,3,1,9.07763158621175e-05,0.00047435115538388563
LVLimmensite,2,1,2,1,9.063353986710844e-05,3.519683289569465e-06
Swing-Too-Hard,4,2,4,2,9.05667111205155e-05,0.0003043033917887886
TemporaryInformal889,4,2,4,2,9.045341153380441e-05,0.00040194997668289474
DeCyantist,1,2,1,2,9.027366788097619e-05,0.0006155056862860075
rividz,1,1,1,1,9.027366788097619e-05,0.0
DifferentWindow1436,1,1,1,2,9.027366788097619e-05,0.0
kJer,4,2,4,2,9.012778024651036e-05,0.001216871905576011
curiouslyjake,3,2,3,2,9.00458125073388e-05,0.001363732607789812
HippieInDisguise2_0,4,3,4,3,8.99700776935489e-05,0.0002568652866484101
MadRussian387,2,1,2,1,8.97943175869493e-05,0.00047560951951820357
Boogerchair,2,2,2,2,8.97370453210465e-05,6.776445076912652e-05
hersheyphys,2,1,2,1,8.971169150964613e-05,0.0011611994358550906
bhuang18,4,1,4,1,8.957768511880129e-05,0.00044046892999932236
Tall-Introduction414,3,4,3,5,8.954717423624794e-05,0.0001708457577648377
obama_is_back,3,3,3,3,8.952539269823754e-05,4.879237348971396e-05
Live-Independent-361,2,3,4,5,8.951880026724369e-05,3.222677430348955e-06
Common-Pitch5136,1,1,1,2,8.948496426577439e-05,0.0
buriedxawake,3,1,3,1,8.94556465084032e-05,5.954777541187916e-05
GlorifiedPlumber,2,3,2,3,8.93312685415661e-05,0.00028877441472399055
AndyOB,6,1,6,1,8.928859141281433e-05,0.00037216104476555707
JEXJJ,5,6,5,6,8.927753172677767e-05,0.0005216215710343345
the_urban_juror,2,4,4,5,8.92575035191972e-05,6.316702799752202e-06
LordOfTheDips,3,4,3,4,8.917170838941449e-05,0.0001546389032797728
Vio_,3,1,3,1,8.909618974762563e-05,0.0007549220482684398
RandomiseUsr0,3,1,3,1,8.903462747178361e-05,0.0001862292094056053
powerlloyd,3,1,3,1,8.900709212947214e-05,0.0006059458269552311
Mike_Augustine,3,2,4,2,8.900081910038388e-05,0.00019682968022270944
Whitchorence,3,7,3,7,8.894107285676617e-05,0.0021276452224768473
kon---,4,6,5,7,8.893492912305844e-05,0.00708062346698507
SporksInjected,8,2,8,2,8.891740500857121e-05,0.0003486277711304014
Lemmus,5,1,5,1,8.883028611958885e-05,0.0003671504967581075
Marcostbo,5,5,5,5,8.874771645506302e-05,0.00432125282119915
Icy_Asparagus7500,3,5,5,6,8.863056850698901e-05,0.00014239871622166549
EdwardBigby,3,1,3,1,8.86303385173377e-05,7.527971579813452e-05
throwawayfromPA1701,5,4,5,4,8.861708006454769e-05,0.0020794447525395183
Aazadan,2,9,5,12,8.85998866959441e-05,0.0003066631125802845
forseti99,2,3,5,6,8.858147425494967e-05,6.776445076912652e-05
Wonderful-Habit-139,4,4,4,4,8.853459407785286e-05,0.0034165749395108033
olduvai_man,3,5,3,5,8.852050025514803e-05,0.000561012027018847
Whitesajer,3,7,3,7,8.841008672916943e-05,0.0013388456596047581
timc6,3,3,5,4,8.840731542970043e-05,9.293124649252621e-05
Esilai,5,3,5,3,8.83961276638749e-05,0.0002108414836003184
Tired__Dev,3,2,4,2,8.81641589082282e-05,7.677046995489249e-05
Big-Site2914,3,9,4,11,8.815252290669359e-05,0.0006925279433013873
gramathy,1,2,1,2,8.79750558171065e-05,0.0
Safe-Tree-7041,3,2,4,2,8.796094790582357e-05,0.00013153812540954267
Unlikely_Magazine,2,2,2,2,8.78399144321245e-05,0.00013717666391894134
jmmenes,3,5,3,5,8.780710563566168e-05,0.004359433340490818
TheOuts1der,3,1,3,1,8.774432751295555e-05,0.00013552890153825303
OkEntrepreneur3150,4,1,4,1,8.773821723999611e-05,0.00047435115538388563
Maskeno,4,3,5,4,8.756845312631253e-05,0.0003871725053307887
minimaxir,5,2,6,2,8.756793591742052e-05,0.00022777396263566567
CheapChallenge,3,5,4,6,8.755822011518814e-05,0.00020452494859631688
newrock,1,1,1,1,8.74963612184529e-05,0.0
AsparagusFun3892,3,3,3,3,8.748726383298237e-05,6.776445076912652e-05
coconutpiecrust,4,5,4,5,8.736693294179478e-05,0.0010453978082783479
AppleTree98,4,3,4,3,8.730571275755827e-05,0.0005078047849812037
TheRealK95,1,1,1,1,8.730101571682786e-05,0.0
Sea_Survey6580,2,1,2,1,8.727125383262497e-05,6.776445076912652e-05
darkkite,4,3,4,3,8.708950335004168e-05,0.00035123803862838145
vulgrin,5,5,5,5,8.707187314262466e-05,0.003728074515865158
Austin1975,2,5,2,5,8.704040620744207e-05,0.005633895414874611
altgrave,2,4,2,4,8.702545344004467e-05,6.803927326391241e-05
Gary_FucKing,2,1,2,1,8.685045989112414e-05,4.257388139414218e-05
el_f3n1x187,2,2,2,2,8.684704470312986e-05,7.719517759233211e-05
Inner_Web_3964,4,2,4,2,8.678166981877206e-05,0.00015214654933193295
Whatcanyado420,2,2,4,5,8.67697189952143e-05,2.8514558090084534e-05
proxy_noob,6,1,6,1,8.673469079366976e-05,0.00041060518700251604
Rick-Pat417,2,1,2,1,8.669060191686941e-05,1.1614165093900494e-05
gwonskie,2,1,2,1,8.661233473204745e-05,6.776445076912652e-05
JallexMonster,3,2,3,2,8.660389884058243e-05,0.00017094348915040197
DogtorPepper,4,8,6,9,8.647869030918482e-05,0.0004299180801810552
EvangelineRain,3,5,5,6,8.635042958598648e-05,0.00013552890153825303
_TRN_,1,2,1,3,8.630406158134406e-05,9.33883951413242e-05
amazinggun,1,1,1,1,8.630406158134406e-05,0.0
neb_flix,1,1,1,1,8.630406158134406e-05,0.0
Dmaa97,1,1,1,1,8.630406158134406e-05,0.0
BrofessorFarnsworth,2,2,2,2,8.614045543455542e-05,0.001522118839213445
worldofzero,2,2,4,3,8.612554590860075e-05,6.776445076912652e-05
Famous-Composer5628,4,5,7,8,8.60907621636124e-05,7.721174026994993e-05
cheerycheshire,1,1,1,1,8.600102114481701e-05,0.0
ajhigfhiujaghuiodfui,1,1,1,2,8.600102114481701e-05,0.0
Doctective,2,3,2,3,8.599761808731898e-05,0.0001999566250510144
cooolestcucumber,3,2,3,2,8.598973494312092e-05,0.00013162268127067507
GOgly_MoOgly,3,1,3,1,8.597526342713726e-05,0.0001668647949743808
phaaseshift,3,2,3,3,8.589641937044116e-05,0.0004275358843498257
hisjoeness,1,1,1,2,8.584011177476537e-05,0.0
nolongerbanned99,4,2,4,2,8.582346648042207e-05,0.0003388222538456326
lyfe_Wast3d,3,1,3,1,8.579836712220202e-05,0.00015749599890649762
snackofalltrades,2,2,2,3,8.568939454457144e-05,8.052667759668324e-05
micrib1,5,5,8,7,8.56723931181547e-05,4.414833719334067e-07
unconceivables,3,2,3,2,8.556579973287375e-05,0.00016795681743573515
desrtfx,2,2,2,2,8.547281396004781e-05,0.00013552890153825303
jaydogggg,4,1,4,1,8.543923466870438e-05,0.00040636270205743905
raining_sheep,3,1,3,1,8.541554032821455e-05,6.92520316668842e-05
Ani-3,1,2,1,2,8.530254826965243e-05,4.741163336094714e-06
No_Wedding_7273,2,1,2,2,8.525280313574453e-05,0.00013552890153825303
drykarma,4,2,4,2,8.525069754327387e-05,0.0001666681909629304
robocop_py,3,2,3,2,8.523427628558721e-05,0.0002774913008909856
AHistoricalFigure,4,2,4,2,8.52263412766781e-05,0.0011877184701777777
BBonthe23,1,1,1,1,8.519477641117221e-05,0.0
inconspicuos_volcano,2,1,2,1,8.511590343621367e-05,3.388222538456326e-05
jojojostan,2,2,3,3,8.507867082223419e-05,6.776445076912652e-05
techyg,2,1,2,1,8.488191476400245e-05,6.776445076912652e-05
MHIREOFFICIAL,1,1,3,2,8.486592629429418e-05,0.0
meteorprime,5,5,5,5,8.479320934842621e-05,0.0005643989809374018
QuarryTen,1,3,1,4,8.479173142552949e-05,0.001083785184654864
master248,2,3,3,5,8.471193346523229e-05,0.0
jmking,4,6,4,6,8.465456160711065e-05,0.0038743206457269785
macademicnut,4,3,4,3,8.465456160711065e-05,0.00028118399448954443
googleduck,4,3,5,3,8.465456160711065e-05,0.00027105780307650607
Chrmdthm,1,1,1,1,8.459354497894823e-05,0.0
Crabiolo,4,1,4,1,8.453916246773496e-05,0.00020416918632066325
forgot_previous_acc,3,1,3,1,8.453389687418592e-05,0.00010136966709461788
Le-Charles07,3,1,3,1,8.448050004242816e-05,0.00047435115538388563
FredFredrickson,4,2,4,2,8.444903182140047e-05,0.00038886846814724634
odyseuss02,3,3,3,3,8.442362057548431e-05,0.0005261523419145046
expera,2,1,2,1,8.439012852962599e-05,7.198613016152348e-06
hkric41six,3,3,3,3,8.433997209650164e-05,0.0003346277451501903
DollarsInCents,2,3,2,4,8.429405581724176e-05,0.0003149656431632376
EvolutionCreek,1,1,1,1,8.404358259271368e-05,4.3460224154132126e-05
mrj123,3,1,3,1,8.386892430588791e-05,0.0037385285052115164
gcdhhbcghbv,3,1,3,1,8.380136189353304e-05,0.00021239451207980182
cosmic-creative,1,2,1,3,8.378247102004025e-05,0.0
fsk,5,9,7,11,8.371694008724009e-05,0.0007982025265558509
MeijiHao,2,1,2,1,8.369852954313753e-05,0.00013552890153825303
well-informedcitizen,4,2,4,2,8.368435335407566e-05,0.00012271371438391326
thelionsmouth,4,1,4,1,8.367172236612284e-05,0.00040658670461475913
IT_Chef,2,1,2,1,8.3666730991004e-05,1.8823458546979586e-07
Maduro_sticks_allday,1,1,1,1,8.350156203045847e-05,0.0
Inspector_Kowalski,1,1,1,1,8.350156203045847e-05,0.0
killer_one,2,1,2,1,8.339031016551763e-05,0.00021578291070436368
Zjoee,3,1,3,1,8.329196866300942e-05,0.003729332442276909
sjbrinkl,2,2,3,4,8.328326841993116e-05,0.0
Professional_Fix4663,3,1,3,1,8.326933761535766e-05,0.00013552890153825303
gannon585,4,1,4,1,8.322860804471206e-05,9.476228041730979e-05
BootShoeManTv,4,2,4,2,8.317869525148125e-05,0.0010536848580241787
Hog_enthusiast,4,6,5,6,8.306879804979338e-05,0.0015631621209030123
Successful-Rip-2372,3,1,3,1,8.303869591833392e-05,7.54111426334778e-05
Ahayzo,3,1,3,2,8.291494414109269e-05,0.00015067930920943488
JonathanL73,3,3,3,3,8.263627356900375e-05,0.00020917570310034674
petersellers,1,2,1,2,8.257443004857809e-05,0.0005426799856801913
zdubbzzz,1,4,1,4,8.257443004857809e-05,4.250473180703995e-05
versedaworst,1,1,1,1,8.257443004857809e-05,1.341676753102505e-05
Ciph3rzer0,3,1,3,1,8.249216514018803e-05,4.991074258615628e-05
roodammy44,4,7,4,8,8.247900422217595e-05,0.0005499311363813186
jfinch3,1,2,1,2,8.241761475098606e-05,1.7344316824041027e-05
mlitchard,1,2,1,4,8.241761475098606e-05,2.7294014893120404e-06
gua_lao_wai,1,1,1,1,8.241761475098606e-05,0.0
digicrat,1,1,1,1,8.241761475098606e-05,0.0
Melodic_Tragedy,1,1,1,1,8.241761475098606e-05,0.0
BlueberryPublic1180,1,1,1,1,8.241761475098606e-05,0.0
hahalua808,2,1,2,1,8.236966432370733e-05,2.587491254019451e-05
YakFull8300,2,2,4,5,8.234218650897216e-05,0.003384740769032968
we_are_sex_bobomb,4,3,4,3,8.230706573557063e-05,0.0010887132888502988
Affectionate_Ratio79,5,2,5,2,8.223429230401476e-05,0.00014856016582145637
PixelPhoenixForce,2,3,2,3,8.222944520819492e-05,0.00042034391951599535
AP_in_Indy,3,3,3,3,8.221159805650103e-05,0.0003840483789103959
AdmiralSWE,3,3,3,3,8.221159805650103e-05,0.00033054110205736907
cdoink,2,1,2,1,8.19653966141053e-05,0.00014521421974110328
spastical-mackerel,4,5,7,7,8.183596226320238e-05,0.0002484756259259917
colablizzard,3,1,3,1,8.178442835188154e-05,6.9429105920441e-05
No_Hunt2507,4,1,4,1,8.167307854520944e-05,0.0001660644704913589
CricketDrop,5,4,6,4,8.165691409301603e-05,0.00018203179060449198
Acrobatic_Umpire_385,2,1,2,1,8.16530399154679e-05,1.5974130097796258e-05
H1Eagle,2,5,5,8,8.158866863194825e-05,0.00014354443592827637
runningOverA,1,2,1,2,8.157179138045997e-05,0.00016231108895974915
Double-justdo5986,1,2,1,2,8.157179138045997e-05,0.00014591615410241025
Alarmed_Allele,1,1,1,1,8.157179138045997e-05,0.0
Purple-Cap4457,1,1,1,2,8.157179138045997e-05,0.0
xilvar,1,1,1,1,8.157179138045997e-05,0.0
RadiantHC,2,3,2,3,8.155883514217423e-05,0.0010113458681577673
erikraver,3,1,3,1,8.154043974751932e-05,0.00018835685383140305
Imsortofok,3,2,3,2,8.153930191327942e-05,0.00020329335230737957
natewOw,3,2,3,2,8.153930191327942e-05,0.00020329335230737957
qwertyorbust,3,2,3,2,8.153930191327942e-05,0.00020329335230737957
LongTailai,2,1,2,1,8.1535277544785e-05,0.00040658670461475913
slash_networkboy,3,4,3,4,8.14250190961951e-05,0.009511444862910697
Highlandgamesmovie,5,1,5,1,8.141382535516671e-05,0.00033435080160622153
AMFontheWestCoast,1,2,1,2,8.140836603672013e-05,8.445819829584646e-06
plastikmissile,1,2,1,3,8.134671328110046e-05,6.599477675915978e-05
ProcrastinateDoe,1,1,1,1,8.134671328110046e-05,0.0
Emotional-Tiger8457,1,1,1,1,8.133726053001947e-05,0.0
TariqKhalaf,1,1,1,2,8.133726053001947e-05,0.0
Ygnizenia,1,1,1,1,8.133726053001947e-05,0.0
Timely-Transition785,1,1,1,1,8.133726053001947e-05,0.0
octahexxer,2,4,2,4,8.119394475098038e-05,0.0003090011202030379
Delicious_Crazy513,1,1,1,1,8.11852549522517e-05,0.0
worldarkplace,1,1,1,1,8.11852549522517e-05,0.0
Burning_magic,6,2,6,2,8.117247204881948e-05,0.0026710390010185087
The_JSQuareD,2,2,2,3,8.109217303872651e-05,5.708536396365502e-06
AppreciatingGhosts,2,1,2,1,8.104196920852866e-05,0.0001691268146587248
XupcPrime,3,3,3,3,8.103520836552504e-05,0.00023637541512898553
PowerfulJello5139,2,1,2,1,8.098848413873923e-05,7.618983587524131e-05
United-Smile-1733,3,2,3,2,8.067771102878298e-05,0.00023717557769194282
Mad_Gouki,5,1,5,1,8.067585043724336e-05,0.00025852799860033354
SnarkyPuppy-0417,1,3,1,3,8.065848691485913e-05,0.0003660546403631014
Useful_Calendar_6274,1,3,1,4,8.065848691485913e-05,8.638209160260242e-05
KRONOS_415,1,1,1,1,8.065848691485913e-05,0.0
courtesy_patroll,1,1,1,1,8.065848691485913e-05,0.0
fougueuxun,1,1,1,1,8.065848691485913e-05,0.0
International-Bee688,1,1,1,1,8.065848691485913e-05,0.0
Electrical_Angle_701,1,1,1,1,8.065848691485913e-05,0.0
CyberMetry,1,1,1,1,8.065848691485913e-05,0.0
Hoplite76,1,1,1,1,8.065848691485913e-05,0.0
corradizo,1,1,1,2,8.065848691485913e-05,0.0
PrairiePopsicle,2,2,3,3,8.064216543604498e-05,6.776445076912652e-05
mobilehavoc,3,1,3,1,8.06313300151923e-05,0.0004457331805351124
why_is_my_name,2,3,2,3,8.062083471083121e-05,9.529700345871267e-05
Jolly-joe,5,4,5,4,8.059236816195707e-05,0.0005486633632676962
Brilliant_Step3688,4,1,4,1,8.042721855705128e-05,0.002759708857009803
Infinite-Horse-49,3,1,3,1,8.042099561916656e-05,0.00030494002846106935
Boysoythesoyboy,2,2,3,3,8.037870203229171e-05,8.788719209169577e-06
fuchsnudeln,1,2,3,4,8.037645749851407e-05,0.0
HonestCoding,2,1,2,1,8.032638555060205e-05,2.8861740083533133e-06
anonkitty2,4,5,5,5,8.027183890037567e-05,0.00029941884862265465
Dependent-Cash-3405,2,2,3,3,8.02516875323141e-05,1.2825617583588661e-05
Simple_Assistance_77,3,2,3,2,8.023397060496076e-05,0.0012235035956810823
twinelephant,5,1,5,1,8.021676854598998e-05,0.00023574602834864602
joanfiggins,2,1,2,1,8.013640513953624e-05,0.0
XanderWrites,3,3,3,4,8.01247559153285e-05,4.377157727337054e-05
Complete_Lurk3r_,2,1,2,1,8.007575689538343e-05,0.00011700059078373427
HayatoKongo,1,3,1,3,8.004840326886705e-05,0.0004013102442228738
AdventurousTime,1,3,1,3,8.004840326886705e-05,4.212061660995316e-05
spencer2294,1,1,1,2,8.004840326886705e-05,0.0
theilkhan,1,1,1,1,8.004840326886705e-05,0.0
abcpdo,3,2,3,2,8.002115758571314e-05,0.00020329335230737957
MrMichaelJames,3,2,3,2,8.002115758571314e-05,0.00018204281499820238
Lasagna8606,3,1,3,1,8.002115758571314e-05,0.00013552890153825303
Butthole_seizure,2,2,2,2,7.99548115674451e-05,0.00035679016457368704
urameshi,4,2,5,2,7.993390624165715e-05,0.00014573385646535382
m00fassa,3,1,3,1,7.993302125539687e-05,0.003390195945148804
Astralglamour,5,9,5,9,7.98539347064757e-05,0.00601734790767715
Tyrrox,1,1,1,1,7.983832406440524e-05,0.0
helloworldpi,3,4,3,5,7.978719508499194e-05,0.00013004295860016807
Fridux,3,1,3,2,7.97487754467524e-05,0.00013552890153825303
Background_Winter_65,2,2,2,2,7.973285990919588e-05,6.237469937262781e-05
No_Departure_1878,3,1,3,1,7.972530124196231e-05,0.0011109050498849776
magicsign,1,2,1,2,7.971048013085479e-05,4.034466205908322e-05
Public-Musician-196,1,1,1,1,7.971048013085479e-05,0.0
Zealousideal-Net2140,1,1,1,1,7.971048013085479e-05,0.0
divDevGuy,3,2,3,2,7.964904569071184e-05,0.0015237804335618932
guerrerov,2,1,2,1,7.962760180480705e-05,0.0010502355184457053
citron9201,1,1,1,1,7.957487967045136e-05,0.0
21_12user,2,3,5,6,7.954950283353656e-05,3.139241070807318e-06
No_Delivery_329,1,1,1,1,7.946284445001123e-05,0.0006279014076181729
Career_Coach_GT,1,1,2,2,7.942600748860615e-05,0.0
Diligent-Variation51,4,1,4,1,7.917648916436219e-05,0.00029415004400904155
Icy-Concentrate2076,3,1,3,2,7.913879903002803e-05,1.1772797634945408e-05
followthemissing,4,1,4,1,7.902946556860837e-05,0.00035925897424053384
longjaso,3,1,3,1,7.902572973462719e-05,0.00013552890153825303
Life_Detail4117,3,1,3,1,7.89837777009635e-05,0.00018638753515795359
specialpatrol,2,1,2,1,7.883479440036478e-05,0.0005093055480580395
5picy5ugar,2,2,2,2,7.868903196844873e-05,6.747836592491757e-05
iamapizza,4,4,4,4,7.865658668109494e-05,0.014298619167272814
zenbanana556,4,0,4,0,7.865622714435793e-05,0.00020329335230737957
obetu5432,4,1,4,1,7.863831879898691e-05,0.00019807113040162797
dragodrake,1,1,1,1,7.861016442591866e-05,1.5363352916309165e-05
LastTomatillo4202,2,4,2,4,7.85827731070891e-05,0.00013265083833756408
eatmeat,3,1,3,1,7.857941313572488e-05,0.00018814975766150285
Warrlock608,2,1,2,1,7.855206266936052e-05,4.9367745628383414e-05
BringBackSoule,2,1,2,1,7.850956792959795e-05,0.0002630774445840845
Reference_Freak,2,2,2,2,7.850301325814688e-05,0.00020329335230737957
Malacasts,2,2,2,2,7.850301325814686e-05,0.00020329335230737957
Justausername1234,2,2,2,2,7.850301325814686e-05,0.00020329335230737957
somehugefrigginguy,2,2,2,2,7.850301325814686e-05,0.00020329335230737957
digdoug76,3,1,3,1,7.849285118229326e-05,0.00040658670461475913
aegookja,1,2,1,2,7.84034666234148e-05,0.00013788112803500552
esaule,1,2,1,2,7.84034666234148e-05,0.00012646379466365554
yellowwleaves,1,1,1,1,7.84034666234148e-05,0.0
svart_blue,1,1,1,1,7.84034666234148e-05,0.0
JohnNDenver,5,2,5,2,7.835944055604805e-05,0.00020329335230737957
BiIlEGoat,3,1,3,1,7.83588194670694e-05,0.0002456164873918921
krische,3,1,3,1,7.82897751607202e-05,0.003668907143949362
appleparkfive,2,2,2,3,7.828142604201225e-05,0.00018316175254431903
weirdoldhobo1978,2,3,2,3,7.823666484497936e-05,7.214778770814506e-05
Gold4Lokos4Breakfast,3,4,3,4,7.823427697223555e-05,0.00016267780945502565
OkFineIllUseTheApp,1,3,1,3,7.822717224752407e-05,9.722535868903989e-05
BuckyLaGrange,1,1,1,1,7.821776017746355e-05,0.0
dgellow,4,2,4,2,7.818448283575702e-05,7.76840680451676e-05
HystericalSail,3,5,3,5,7.81337755086553e-05,0.00038681067169217
DmAc724,4,1,4,1,7.811652503864053e-05,0.00016157271896823105
AmethystOrator,3,2,3,2,7.81161753465178e-05,0.0010753502812108752
XxDarkSasuke69xX,2,4,3,5,7.810704433781065e-05,2.2633242348483185e-05
analfizzzure,3,1,3,1,7.810669963563509e-05,0.000356070930696831
Lcsulla78,2,2,4,5,7.804158540540093e-05,0.0
EastCoastVandal,2,1,2,1,7.798466102523702e-05,6.776445076912652e-05
AlexWrightWhaleSex,1,1,1,1,7.798444173806558e-05,0.0
AntiauthoritarianSin,6,3,6,3,7.797158402583037e-05,0.0020271013540219484
dopef123,3,5,3,5,7.795995971060676e-05,0.001086660704329716
Jane__Delawney,2,4,2,4,7.784463963896057e-05,0.0012282986757289613
ResearcherWorking686,3,2,3,2,7.779257451642452e-05,7.33696392415504e-05
cottonycloud,2,2,2,2,7.778303100189963e-05,0.00020828417604226547
ExecutiveCactus,2,1,2,1,7.778268232356692e-05,0.0004614503932938003
Intiago,2,1,2,1,7.776856771081661e-05,3.0776066160358293e-06
Zently,6,1,6,1,7.776344429709366e-05,0.0002570830162058698
2_lazy,1,1,1,1,7.775717202389697e-05,0.0
hillsfar,3,3,6,5,7.763960705101814e-05,0.00029361747848746116
Frequent_Ad_9901,3,1,3,1,7.735678345558197e-05,0.0002581347533093899
illucio,3,1,3,1,7.732082332465918e-05,0.00030494002846106935
LetgomyEkko,1,1,1,1,7.731933951456346e-05,1.6681690877187332e-06
IllustriousEgg595,3,2,3,2,7.731642244454061e-05,0.00019842715283077556
anonymous393393,2,1,2,1,7.729680629121579e-05,6.776445076912652e-05
jaydogn,1,1,1,1,7.728027436465871e-05,0.0
greygray,1,1,1,1,7.728027436465871e-05,0.0
turt_reynolds86,1,1,1,2,7.728027436465871e-05,0.0
Dinkerdoo,1,1,1,1,7.728027436465871e-05,0.0
Chainsawjack,3,1,3,1,7.720759159274194e-05,1.696807143555587e-05
Double_Minimum,1,1,1,1,7.717232118904061e-05,0.0
Magner3100,2,3,2,3,7.708416608459143e-05,0.00013552890153825303
Vivid-Difference-49,2,3,2,3,7.708416608459143e-05,0.00013552890153825303
Many_Nature8377,2,3,2,3,7.708416608459143e-05,0.00013552890153825303
ixvst01,2,4,2,4,7.704663327885009e-05,0.0002610433795758865
paerius,2,2,3,3,7.692512737559189e-05,5.444323395126405e-07
metaldood,2,2,2,2,7.69014106970026e-05,6.821843479082566e-05
Legitimate_Cut_6254,2,3,3,3,7.683424724170903e-05,0.0003702891440314161
ApunBolaTuMeriLaila_,2,2,2,2,7.681810630771087e-05,0.0001354536077040651
Loganp812,1,1,1,1,7.679046438606407e-05,0.0
savingrace0262,5,0,5,0,7.67406813101866e-05,0.0002694955446668342
Legitimate-Eye-5733,1,1,1,1,7.658851201413764e-05,0.0
laughingfartsplease,5,1,5,1,7.652365359243174e-05,0.0003388222538456326
Caboose_Juice,1,1,1,1,7.64459124375552e-05,0.0
forma_cristata,2,1,2,1,7.642430065662629e-05,7.086727266026342e-06
Sad-Letter-869,2,1,2,1,7.642083781370825e-05,0.0019514036360079438
academomancer,3,2,3,2,7.636937411163399e-05,0.0003408670011379174
Responsible_Emu3601,1,1,1,1,7.628828448641308e-05,0.0
ImportantDoubt6434,3,6,4,6,7.62269325226975e-05,0.00011407483856097396
termd,3,2,3,2,7.621256583726426e-05,0.00040926200843328903
No-Market-4906,2,3,2,3,7.620474620577456e-05,0.0027600093614613694
Shejidan,2,1,2,1,7.619776731634809e-05,0.0038560231302658594
Weaux_Breaux,2,2,2,3,7.616694790015743e-05,8.645048175663438e-05
Calm-Reason718,1,1,2,3,7.613294875540609e-05,0.0
ThoseProse,1,1,1,1,7.613169870677167e-05,8.235708534985325e-05
staticjak,4,2,5,3,7.612471086817176e-05,9.377297309187606e-05
IsTom,1,1,1,1,7.611580840637072e-05,0.0
N0nprofitpuma_,3,4,3,4,7.611413531871937e-05,0.0002221129284924477
Valar_Kinetics,4,1,4,1,7.608071486979978e-05,0.0002085662725359141
b1ackfyre,4,1,4,1,7.605082136792108e-05,0.001021381418626385
uniquesoul666,4,2,4,2,7.598467607664627e-05,0.00031925647994699596
Oddsphere,1,1,2,2,7.59709907916529e-05,0.0
momjeans612,4,2,4,2,7.587536395263204e-05,0.00042863809686250425
greatersteven,2,2,3,4,7.586345084406373e-05,6.776445076912652e-05
amejin,2,3,3,3,7.581343319489495e-05,5.225633205063664e-05
msut77,1,1,1,1,7.577081151014549e-05,1.2100794780201165e-07
Azicec,3,4,4,4,7.565699898460695e-05,9.435011045208415e-05
Alterception,3,1,3,1,7.562931479210656e-05,0.00037270447923019585
Keldafrats,3,1,3,1,7.562216971271678e-05,0.00029373388667348183
Nouseriously,5,3,5,3,7.560088765945846e-05,0.0011911594950606156
Edward_Zachary,1,1,1,1,7.55347108353961e-05,0.00019893195953710297
bigsexymofo67,2,2,2,2,7.550396628930565e-05,0.00013552890153825303
bman484,2,2,2,2,7.547559718548005e-05,8.202103663216319e-06
zerovampire311,1,1,1,2,7.539398975599158e-05,0.0
alpacaMyToothbrush,4,5,5,6,7.533015001455616e-05,0.00022113491513324075
-Cagafuego-,1,1,1,1,7.524956108899315e-05,0.00040658670461475913
New-Veterinarian5597,3,1,3,1,7.524293741560363e-05,0.0006628308318519894
Minority_Carrier,2,1,2,1,7.503285480046645e-05,0.00014221133166048802
Troubleshooter11,2,1,2,1,7.501167538084864e-05,0.0003343294528325362
SirPitchalot,3,2,3,2,7.494220641306423e-05,0.00016838519482030633
Delicious-Moose9247,2,1,2,1,7.493308473778062e-05,6.776445076912652e-05
VengenaceIsMyName,3,8,3,8,7.480303317302784e-05,0.0031567170656636528
Mactoma,4,1,4,1,7.477556901428445e-05,0.00014357134042692764
Willing-Astronaut-51,2,1,2,1,7.470654885913329e-05,0.0003156829673906315
truupe,4,1,4,2,7.468826203393939e-05,0.00013564184228953492
UDonKnowMee81,4,1,4,1,7.46781217264852e-05,0.0036547627114815553
Fearless-Egg-6646,4,1,4,1,7.46781217264852e-05,0.0003388222538456326
PumpkinMyPumpkin,4,1,4,1,7.46781217264852e-05,0.0003388222538456326
xpxp2002,3,6,3,6,7.464104281874113e-05,0.0010083741664062833
Varrianda,1,2,1,2,7.44532932869904e-05,5.523284643675016e-05
SaltedPorcupine217,4,1,4,1,7.436642591522483e-05,0.00020329335230737957
_IsNull,2,1,2,1,7.432456370563895e-05,0.00027816051494721535
TonySu,1,1,2,2,7.42759478099383e-05,0.0
Independent_Pitch598,1,1,2,3,7.42759478099383e-05,0.0
wrgrant,2,1,3,2,7.425634368553042e-05,0.0
flexonyou97,2,1,2,1,7.420952727564962e-05,0.00040658670461475913
sedated_badger,2,1,2,1,7.420952727564962e-05,0.00040658670461475913
UnrelentingStupidity,4,1,4,1,7.419235497825518e-05,0.00021919662828955803
OutsideMenu6973,1,2,2,3,7.418182632422198e-05,9.159473074788985e-06
koolex,1,2,2,3,7.418182632422198e-05,4.773704932951393e-06
username_redacted,3,3,3,3,7.402921502431879e-05,0.0004069953066512184
kintsugiwarrior,3,2,3,2,7.400315333974845e-05,0.00010164667615368978
St00p_kiddd,1,1,1,1,7.395350608240689e-05,0.0
Timbo2702,1,1,1,1,7.394858027544808e-05,0.0
timtomorkevin,4,1,4,1,7.394476264639731e-05,7.415300294003921e-05
LuxNocte,2,1,2,1,7.39155054204298e-05,6.776445076912652e-05
lostcolony2,3,4,4,4,7.388588041932207e-05,0.0006639256518120238
Dependent_Pepper_542,4,3,4,4,7.387317774095644e-05,6.776445076912652e-05
HarithBK,1,1,1,1,7.383996264189635e-05,7.06591669881818e-05
Outlulz,3,3,3,3,7.377936300243136e-05,0.0020020163924613114
Primary_Crab687,4,3,5,3,7.374471756420099e-05,0.00024185959535400132
Winter-Eye6257,3,1,3,1,7.369826453923885e-05,0.00013552890153825303
TheKlaxMaster,2,2,2,2,7.365885365439681e-05,6.776445076912652e-05
caglayanyavas,1,1,1,1,7.364981692241117e-05,0.0
WolfFiveFive,1,1,1,1,7.364981692241117e-05,0.0
sonicmerlin,4,1,4,1,7.364170911944835e-05,0.0002710176198808177
Servbot24,2,1,2,1,7.361803066710672e-05,7.14075967176191e-05
cassanderer,3,2,3,2,7.359582514564913e-05,0.003695258456096038
smoked___salmon,3,2,4,3,7.358126199320831e-05,6.776445076912652e-05
Catch_ME,2,2,2,2,7.356543207946081e-05,0.0001519457551125626
Roraima20,3,1,3,1,7.342971506428261e-05,0.00027105780307650607
PlatformWooden9991,1,1,1,1,7.336700366745756e-05,0.0
eyecandy99,1,1,1,1,7.336700366745756e-05,0.0
seriousgourmetshit,1,2,1,2,7.336485209967719e-05,2.186099010447763e-05
lilbittygoddamnman,1,2,1,3,7.336485209967719e-05,3.1343747546227726e-06
Maddie_N,1,1,1,1,7.336485209967719e-05,0.0
Zealousideal-Net9726,1,1,1,1,7.336485209967719e-05,0.0
LoL_is_pepega_BIA,1,1,1,1,7.336485209967719e-05,0.0
ruggala87,1,1,1,1,7.329362261415158e-05,0.0
leesinmains3,1,2,1,2,7.328766749132833e-05,0.00020329335230737957
daveinmd13,1,2,1,2,7.328766749132833e-05,0.00020329335230737957
MountaintopCoder,1,2,2,3,7.325647111111006e-05,2.1314999969197978e-07
Foreseerx,2,1,2,1,7.319884084361144e-05,5.50016557966608e-05
Messy-Recipe,3,2,3,2,7.318781920524532e-05,0.003404299643229123
Angelgirl1208,1,1,2,2,7.30312436699628e-05,0.0
Rage_Blackout,1,1,1,1,7.299720478491279e-05,6.320229667517855e-05
DjiRo,3,1,3,1,7.285145682980273e-05,0.010794205286270056
LoganTheHuge00,3,1,3,1,7.284275193639225e-05,0.00040658670461475913
clean_sweeps,3,1,3,1,7.283258986053864e-05,0.0003388222538456326
Despair_Tire,3,1,3,1,7.283258986053864e-05,0.0003388222538456326
Lower-Instance-4372,2,1,2,1,7.279632700250663e-05,6.776445076912652e-05
abdul_Ss,1,1,2,2,7.278769167187835e-05,0.0
Great-Implement-3958,3,1,3,1,7.274000944793209e-05,6.776445076912652e-05
ScheduleSame258,1,1,4,4,7.273687863348918e-05,0.0
Saephon,4,2,4,2,7.266829595084723e-05,0.0003511350585453105
PsychologicalPen3895,4,2,4,2,7.254884766698597e-05,9.518836312893164e-05
TheThirteenthCylon,5,1,5,1,7.253101430442569e-05,0.00044129219532721396
Petdogdavid1,1,1,1,1,7.248816334786297e-05,2.53767111868352e-06
Alarming-Ordinary142,1,1,1,1,7.248816334786297e-05,0.0
jpoolio,1,1,1,1,7.248816334786297e-05,0.0
VibrantGypsyDildo,3,3,5,5,7.247865332881269e-05,0.00010214895871185605
Aliens_Unite,2,1,2,1,7.247454799827684e-05,0.00021088579528358683
BrofessorLongPhD,3,1,3,1,7.245660038973408e-05,0.0035957075512939515
LoveSonics,3,2,3,2,7.238253742765515e-05,8.244888052472062e-05
justinizer,2,1,2,1,7.228157749727581e-05,0.00026482113692277774
denizgezmis968,1,2,3,4,7.217684877784199e-05,2.3215598874608156e-07
hjablowme919,2,1,2,1,7.217325058043016e-05,0.00018012079510386624
Secret_Wishbone_2009,3,2,3,2,7.214811604651791e-05,0.0003471764314883021
OhItsBeenBroughten,1,1,1,1,7.214032326788265e-05,0.00040658670461475913
altyphony_08,5,0,5,0,7.212377918211676e-05,0.00021946473129522557
_9a_,3,1,3,1,7.208091426006285e-05,0.00020329335230737957
Massive-Pirate744,1,1,1,1,7.206002964308967e-05,0.0
cartrman,1,1,1,1,7.206002964308967e-05,0.0
Mtsukino,3,3,3,4,7.195488317515274e-05,9.91212244490699e-05
thy_bucket_for_thee,1,3,1,3,7.190384547782219e-05,1.759512729917777e-05
cloudhydex,1,1,1,1,7.190030440110229e-05,0.0
alisonandkenya,1,1,1,1,7.190030440110229e-05,0.0
ajiveturkey,3,1,3,1,7.187691963295818e-05,0.0001670683649695394
d_wilson123,2,2,2,2,7.184031459852776e-05,0.0002495761579259723
StrictLeading9261,2,2,2,2,7.184031459852776e-05,6.776445076912652e-05
AverageLiberalJoe,3,2,3,2,7.175322338054924e-05,0.0001512584954087498
Weekly-Trash-272,3,2,3,2,7.175322338054924e-05,0.0001392001492242056
Disencouraged_Otter,3,2,3,2,7.175322338054924e-05,0.00013552890153825303
WearyCarrot,2,5,2,5,7.162223616840929e-05,0.00047842237631930633
sam-lb,5,2,5,3,7.16072503854988e-05,0.00022517590002751168
cyber_r0nin,3,1,3,1,7.157311743819236e-05,0.0002585597156186579
iprocrastina,4,1,4,1,7.156699369009554e-05,0.00017601386084122584
total_bushido,4,2,4,2,7.152336805406409e-05,0.0036197342474435846
Beardbeer,4,2,4,2,7.152336805406409e-05,0.00024293214296263702
polymorphicshade,3,3,3,3,7.149692838009769e-05,0.0009343637785089532
upgrayedd69,1,1,1,1,7.149232711397627e-05,1.3552890153825305e-07
bdw8,1,1,1,2,7.145452838761891e-05,0.0
Dire-Dog,2,3,3,5,7.139304412925197e-05,6.846876184309266e-05
Vortex597,2,3,3,4,7.131157982255601e-05,8.684872702291138e-05
darkoath,3,1,3,1,7.12779709499834e-05,0.0003388222538456326
StrongBad_IsMad,2,1,2,1,7.120352264028979e-05,6.776445076912652e-05
budding_gardener_1,2,3,2,4,7.115523188206793e-05,0.0003194989636283927
kronosdev,1,1,1,1,7.115330797717198e-05,0.0
ImJustHere4TheCatz,3,1,3,1,7.113410327820081e-05,0.000136296498441943
Ray_Mang,4,3,5,4,7.110524110107379e-05,9.344366835641473e-05
JohnVonachen,1,2,3,4,7.10337487975923e-05,8.470556346140814e-08
dvisorxtra,1,1,3,3,7.10337487975923e-05,0.0
Jonno_FTW,4,1,4,1,7.098950211964398e-05,0.0002717435147807175
WinonasChainsaw,4,2,4,3,7.098644699507241e-05,0.0001102705257764093
szakee,4,1,4,2,7.094467858746358e-05,0.00025861325594819665
DFtin,4,1,4,1,7.08389135862635e-05,0.0006227083504654297
M4K1M4,2,1,2,1,7.083750758274947e-05,0.003545251312028157
ThrowRA_TheScotsman,1,1,1,1,7.083120703822681e-05,0.0
RogueStudio,1,1,1,1,7.083120703822681e-05,0.0
Own-Rip505,1,1,1,1,7.083120703822681e-05,0.0
Hefty-Security706,1,1,1,1,7.083120703822681e-05,0.0
paperic,1,1,1,1,7.083120703822681e-05,0.0
ZachEmerson,1,1,1,1,7.083120703822681e-05,0.0
silentcrs,3,4,3,5,7.080463495373569e-05,0.00011299676147141755
dd2469420,1,1,1,1,7.078475953604066e-05,5.8722049352218904e-05
Mystical-Turtles,4,5,4,5,7.078001372846851e-05,0.0008612249816344704
Droi,3,2,3,2,7.076638464386967e-05,0.00022963500471021966
danted002,2,2,2,2,7.069638410980965e-05,7.075983844393432e-05
DuxR,3,1,3,1,7.063637242422348e-05,0.00013893576825250314
Bushwazi,3,2,3,2,7.06038669953914e-05,0.00016206253485942827
incredible-mee,2,1,2,1,7.05557003534829e-05,4.5866153210738385e-05
Sauerkrauttme,5,3,5,3,7.042432398839282e-05,3.3508643537393776e-05
Illustrious_Age3185,1,1,1,1,7.039748091741982e-05,0.0
Kidd_Prince,1,1,1,1,7.037324451149293e-05,0.0
bulking_on_broccoli,1,2,2,2,7.03155484812517e-05,0.0
Marriedwithgames,3,6,3,6,7.026255164653924e-05,0.00022973680886642598
KrisRdt,2,2,2,2,7.023507905298296e-05,0.00010164667615368978
gotnotendies,2,2,2,2,7.023507905298296e-05,8.72630882755689e-05
EaseOk3940,1,1,2,2,7.020509831084331e-05,0.0
EgoDefenseMechanism,3,4,3,4,7.016283195669159e-05,0.0016896700432441798
wasabi-rich,1,2,1,2,7.00803074863696e-05,6.776445076912652e-05
PorcelainPrimate,2,2,2,2,7.006469136719127e-05,7.858356148898224e-05
RemarkablePound5541,4,3,4,3,6.997634096491709e-05,0.00016031091185047868
Deathmore80,4,1,4,1,6.996194261828187e-05,0.0002274590538315869
SloppyJank,1,3,3,4,6.99484350928327e-05,6.680218713192097e-06
lin_the_human,3,2,3,3,6.99358444357298e-05,0.0017607159206136603
Happytapiocasuprise,1,2,1,2,6.979945023788068e-05,0.0
Dakadoodle,1,1,1,1,6.979945023788068e-05,0.0
tiredswitfie,4,1,4,1,6.979016349804691e-05,0.0003388222538456326
ItzzBigAl,1,2,1,2,6.976986390135757e-05,0.00020329335230737957
DrSteveBrule_2022,2,3,2,3,6.975799558738742e-05,5.746460105034974e-05
rdmodsrtrsh,3,1,3,1,6.974933723406293e-05,0.0001000496831762176
Total_Tart2553,4,2,4,3,6.970514054568366e-05,0.00015827977101314083
JoshSamBob,1,2,1,2,6.968557750527329e-05,0.0005718127438560586
Fantastic-Weird,1,2,1,2,6.968557750527329e-05,0.0
DistributionRight814,1,1,1,1,6.968557750527329e-05,0.0
green-jellybean-,1,1,1,1,6.968557750527329e-05,0.0
JT-312,1,1,1,1,6.968557750527329e-05,0.0
OppositeWorking19,3,1,3,1,6.964228703248592e-05,5.843964868707589e-05
throwaway92715,3,3,3,3,6.961444271659303e-05,0.0002438813851625751
SonicFixation,2,2,4,3,6.953423939373245e-05,6.776445076912652e-05
Deep-Entry-8839,2,1,2,1,6.952401500825233e-05,6.776445076912652e-05
Cryowatt,2,1,2,1,6.943243908403684e-05,0.003654310948476425
Worldly-Pie-5210,2,2,3,2,6.942949879411422e-05,2.6098479097939923e-05
haksli,3,3,3,3,6.942714905445447e-05,7.858691025460877e-05
xT1TANx,5,1,5,1,6.940401195138873e-05,0.00031133639197412953
questionablejudgemen,2,1,2,1,6.936965992303896e-05,7.223381209455616e-05
Marceltellaamo,1,1,1,2,6.929905160294825e-05,0.0
innumerabilis_ludus,1,1,1,1,6.929905160294825e-05,0.0
huskersax,1,1,1,1,6.926623833083891e-05,5.555998568620028e-06
Am-Insurgent,1,1,1,1,6.924517982625242e-05,0.0
DrQuantum,1,1,1,1,6.924517982625242e-05,0.0
SomethingAboutUsers,1,1,1,2,6.924517982625242e-05,0.0
BamboozledBirdman,3,4,5,4,6.922677872033804e-05,0.00037666756756691205
cherry_slush1,3,3,3,3,6.922550035782539e-05,0.00017670082463624138
kannichausgang,1,1,1,1,6.919830380188366e-05,0.0
LorthNeeda,1,1,1,1,6.915867703100765e-05,2.9408466702117816e-05
UmatterWHENiMATTER,1,1,1,1,6.915867703100765e-05,0.0
Recent-Detective-247,2,1,2,2,6.905480648848246e-05,6.776445076912652e-05
ScholarNo5983,1,3,1,3,6.902907400434592e-05,0.00031092926952682067
jclarkxyz,1,1,1,2,6.902907400434592e-05,0.0
Never_play_f6,1,1,1,2,6.902907400434592e-05,0.0
Soy_tu_papi_,1,1,1,1,6.902907400434592e-05,0.0
altmly,3,1,3,1,6.897687939340697e-05,0.00015459899017896843
Guinness,3,2,3,2,6.894360654153638e-05,0.00039702662863982344
fustratedgf,2,2,2,2,6.876279008720934e-05,4.4476917307488844e-05
eightdx,2,2,2,2,6.872199669557981e-05,3.924663121295626e-05
Full-Chapter-7055,2,1,2,1,6.871693472541671e-05,0.00013552890153825303
bulldogbigred,2,1,2,1,6.871693472541671e-05,0.00013552890153825303
gotkube,2,1,2,1,6.870407205390453e-05,9.684068390942145e-05
anthematcurfew,2,1,2,1,6.869436953429153e-05,0.0001509346215000226
chili_cold_blood,4,2,4,2,6.869435232018178e-05,0.0005381229237691161
GongTzu,2,1,2,1,6.865512962875922e-05,0.00022505694960514615
cannonbll,3,1,3,1,6.859780137520827e-05,0.00021149333162276174
Bromatcourier,1,1,1,1,6.859473272259979e-05,0.0
No_Hunter8349,4,1,4,1,6.859284951828007e-05,0.0033876253515216143
GringoSwann,3,1,3,1,6.852563144495893e-05,0.003870980073775802
Shiva-,4,1,4,1,6.848124601841546e-05,0.00047716703483961396
recoil_operated,4,2,5,2,6.843339040489072e-05,0.0011672214694386067
Fun_Amphibian_6211,3,1,3,1,6.839717623900355e-05,0.0002095202977413765
SmoothTraderr,1,4,1,4,6.839588302312078e-05,0.0009536045826306821
PrivateMattersHelp,3,3,3,3,6.828979554274618e-05,0.00020329335230737957
sandysnail,2,3,2,3,6.826346625316533e-05,0.0002884461050119117
ahimaohw,1,1,1,1,6.818995672635243e-05,0.0
bradthebuilder7,1,1,1,1,6.818995672635243e-05,0.0
JSExperts,4,2,4,2,6.81895537340284e-05,0.00034941412953547136
Able_Elderberry3725,3,1,3,1,6.817693645887988e-05,0.000477277072188672
Chance_Orchid_3137,1,1,1,1,6.817551794248097e-05,6.080776249469869e-05
Countryb0i2m,4,1,4,1,6.813081349561253e-05,0.00025694462847796135
diagrammatiks,3,1,3,1,6.805383804414717e-05,0.00019504516332135698
MC68328,1,1,1,1,6.801830493662261e-05,0.0
atomslop76,2,2,3,2,6.794999537277143e-05,6.776445076912652e-05
No_Jelly_743,3,0,3,0,6.789909396665799e-05,0.00013552890153825303
QuickBenTen,4,1,4,1,6.789209014911824e-05,0.00024516446723106463
This_Animal_1463,4,1,4,1,6.78660687297666e-05,0.003678568748341049
storkfol,3,2,3,2,6.786060186098819e-05,0.00012907549287936987
Won-Ton-Wonton,4,5,4,5,6.783645514719256e-05,0.001999447718511834
ComputerSong,2,2,2,2,6.78354261230108e-05,0.0002139862650433128
biggysharky,3,4,3,4,6.774647761161084e-05,9.11356458981883e-05
tinastep2000,1,1,1,1,6.77123365268609e-05,0.00016400978448525183
_WDFTKJ_,2,1,2,1,6.76274061695737e-05,0.00040658670461475913
Lower_Monk6577,2,1,2,1,6.76274061695737e-05,6.776445076912652e-05
edvek,3,1,3,1,6.76168047801745e-05,0.0035200886308442768
NorthQuestDirection,1,1,1,1,6.75869072180903e-05,0.0003388222538456326
S1159P,3,2,5,2,6.755918972366489e-05,0.0034521470036818704
Calm_Bit_throwaway,3,1,3,1,6.755848008544218e-05,0.00020329335230737957
_autumnwhimsy,1,1,1,1,6.755777896112166e-05,3.472541139997906e-05
wiilbehung,1,1,1,1,6.755777896112166e-05,0.0
Ronak1350,1,1,1,1,6.755777896112166e-05,0.0
SabziZindagi,3,2,3,2,6.753994063157016e-05,0.0002039458988703415
quwin123,3,1,3,1,6.753803860374675e-05,0.00013552890153825303
twinpop,2,2,2,2,6.752933310516751e-05,0.0005009306962192495
Rubmynippleplease,3,1,3,1,6.75048049288468e-05,0.00013552890153825303
Soccermom233,2,2,2,2,6.7479100984595e-05,7.050138164185735e-05
wefr5927,2,2,3,3,6.743998561687062e-05,6.776445076912652e-05
AleksandrNevsky,2,2,2,2,6.740801724578526e-05,0.0002925966256166133
Dauvis,3,2,3,2,6.739894943757941e-05,0.0002444546295320232
Knifey_Hands,3,1,3,1,6.734985826718312e-05,9.54581423756788e-05
drwebb,1,1,1,1,6.732791395586589e-05,0.0
dragonaut47,2,2,2,2,6.722949938656333e-05,0.003408864926816011
Averystupidguy,2,1,4,2,6.7221216563345e-05,0.0
IxbyWuff,1,2,1,2,6.719879039785043e-05,2.8385731310529417e-05
DeathChill,2,1,2,1,6.719678868844022e-05,1.1058845139623832e-05
PasswordIsDongers,3,2,3,2,6.718249061463762e-05,0.0004340954402566852
asdfmatt,1,2,1,2,6.716053604262762e-05,0.0
isdsr,2,1,2,1,6.714541170689357e-05,6.816350809032248e-05
RussBot10000,3,1,3,1,6.711686456264597e-05,0.00013552890153825303
dr_deb_66,3,1,3,1,6.706282171284018e-05,0.00023953882105460928
cosyattic,2,1,2,1,6.705285121619593e-05,3.236334641233978e-05
ofthrees,4,6,5,7,6.702914165149045e-05,0.00027605978771910364
Zedilt,3,1,3,1,6.698739444003162e-05,0.00025590878394999845
bfg2600,1,1,1,1,6.688416885342575e-05,0.0
paulHarkonen,4,1,4,1,6.68727645036122e-05,0.00029670756841409016
Coal_Morgan,3,2,3,2,6.686018411418415e-05,0.00033211208987869847
JustTryinToLearn,2,3,3,3,6.685373320011812e-05,6.776445076912652e-05
ikk_ah,2,2,2,2,6.685115091311293e-05,9.663203626928173e-05
Willing_Parsley_2182,2,1,2,1,6.685115091311293e-05,6.776445076912652e-05
maikuxblade,4,2,4,2,6.682550283741961e-05,0.00038494692867804744
lucky_719,3,4,3,4,6.68121969955549e-05,0.0001477460330395415
Life-Principle-3771,3,2,4,3,6.679605826815467e-05,0.00013761154142865183
totaleclipseoflefart,4,2,5,2,6.677667999845803e-05,0.00011203028742391717
N7Valor,4,5,4,5,6.677650292864378e-05,0.001631251304687248
Zealousideal-Rent-77,3,4,3,4,6.677367748900239e-05,8.891003403419011e-05
serg06,3,2,4,4,6.677194124149135e-05,4.6092301040990454e-05
mjgdk,1,1,1,1,6.677020746858584e-05,0.0
JMEEKER86,4,1,4,1,6.67355678390538e-05,0.00021592700443670722
LaykenV,1,1,1,1,6.672776422449396e-05,0.0
JinimyCritic,3,1,3,1,6.668618448340703e-05,0.000428138636758268
s-e-b-a,2,6,5,10,6.666335829726056e-05,0.00010608943806005715
balinteegor,2,1,2,1,6.666209346576192e-05,0.0
DigNitty,1,1,1,1,6.666031479833362e-05,0.0
DanTheMan827,1,1,1,2,6.666031479833362e-05,0.0
bobbiroxxisahoe,2,1,2,1,6.664714596914732e-05,0.0001479988470326809
ClothesDizzy6812,2,2,3,2,6.663793421406198e-05,0.0016358773143763953
almost1it,3,1,3,1,6.66357141524689e-05,0.00028707681118599613
BTTLC,3,2,4,2,6.660860537571811e-05,5.8962883248664226e-05
seanx40,2,1,3,1,6.658785853894417e-05,0.00013552890153825303
PwnTheSystem,1,2,1,3,6.658553339255507e-05,0.0
senpairazzledazzle,4,0,4,0,6.655401557288871e-05,0.00027105780307650607
aabil11,3,2,3,2,6.652060537412017e-05,0.00013364780578744835
jdc123,3,2,3,2,6.647710963951438e-05,0.0033452511136163147
SeaworthySamus,2,1,2,1,6.632992344467868e-05,0.0002026667863257146
Neither_Vermicelli15,1,1,1,1,6.621914688873101e-05,1.1632753801113882e-06
Psychological_Bat975,3,1,3,1,6.621237359045093e-05,0.00021290122074653353
Delicious_Bell9758,2,2,3,4,6.619372044460413e-05,0.0
addiktion,3,3,3,3,6.615979041742583e-05,0.00014708025849964002
neon_farts,1,1,1,1,6.610926184200741e-05,0.00040658670461475913
Kpopcornchips,1,1,1,1,6.607324240468846e-05,4.420823693033491e-06
Material_Policy6327,3,2,3,2,6.6056586545146e-05,0.000359081988008661
LyptusConnoisseur,3,1,3,1,6.604655828317168e-05,0.00020329335230737957
theducker,1,2,1,2,6.598681356810422e-05,3.447564975569945e-05
GoldenxTrigger,1,1,1,1,6.595194188330466e-05,0.0
tb5841,3,3,4,4,6.595162769839083e-05,0.0
Sidion,3,4,3,4,6.586634776365865e-05,0.006151999248593159
InterlinkCommerce,3,4,3,4,6.586634776365865e-05,0.00020007932062958788
bootyhole_licker69,2,3,2,3,6.584683199213654e-05,0.0002307196855207969
pydry,4,4,4,4,6.584419113086722e-05,0.00024295862334905037
Fancy-Victory-5039,3,3,3,3,6.580521086178487e-05,6.776445076912652e-05
throwaway737166,1,1,1,1,6.577810745000376e-05,1.5774637445708802e-06
hopefullyAGoodBoomer,4,1,4,1,6.572786825484715e-05,0.00021515961772180405
Janus_The_Great,2,1,2,1,6.571294821949564e-05,0.0002536450304600824
SpicyOpinion69,3,1,3,1,6.56052408844129e-05,0.00042875649308016706
greenjobscom,1,2,1,2,6.559090960909756e-05,9.316539532365408e-05
johnb_5462,1,2,1,2,6.559090960909756e-05,2.753595021606078e-05
Beneficialsensai,1,1,1,1,6.559090960909756e-05,0.0
drrevo74,1,1,1,1,6.559090960909756e-05,0.0
Inspector330,1,1,1,1,6.559090960909756e-05,0.0
Equivalent_Foot_3037,1,1,1,1,6.559090960909756e-05,0.0
CodeToManagement,2,5,2,5,6.55365723648643e-05,0.0002702940598543548
TorrentsAreCommunism,1,1,1,2,6.547606928071713e-05,0.0
CarefullEugene,1,1,1,1,6.547606928071713e-05,0.0
Choice_Run1329,4,0,4,0,6.546535059114417e-05,0.00020329335230737957
epicstar,2,1,2,1,6.545757548931733e-05,6.776445076912652e-05
andrew2018022,1,3,1,3,6.54541086372848e-05,0.0001991246772423526
3qtpint,1,1,1,1,6.54378901345057e-05,4.925594269401499e-05
ConflictPotential204,1,2,1,3,6.542536046033956e-05,1.6218060986347157e-05
LookHairy8228,1,1,1,1,6.542536046033956e-05,0.0
Howdareme9,1,1,1,1,6.542536046033956e-05,0.0
delacrank-86,1,1,1,1,6.542536046033956e-05,0.0
I_saw_it_on_tv,1,1,1,1,6.539572275696897e-05,0.0008657358847185372
imaginary_num6er,4,3,4,3,6.537920817535538e-05,0.0008228443554555689
Hates_rollerskates,2,1,2,1,6.533695874869107e-05,0.0036547627114815553
Berkyjay,5,2,5,2,6.531620235895129e-05,0.0005900960689737996
Civil-Sea226,2,2,2,2,6.529593302227204e-05,0.0005222046395458259
raynorelyp,2,2,3,2,6.529593302227204e-05,0.00026556482451989673
HaydenJA3,2,1,2,1,6.525283950826045e-05,6.776445076912652e-05
RegretNo6554,1,2,3,3,6.524725505594367e-05,0.0
ShowCharacter671,1,2,3,5,6.523125307378384e-05,0.0
Culverin,1,1,1,1,6.522219222570299e-05,0.0
Greedy_Baseball_7019,2,2,2,2,6.518266370510596e-05,2.2593747803129616e-05
evangelism2,3,3,3,3,6.504143432033041e-05,0.0021912260683730487
MachineGlumkelly,3,2,3,3,6.503565968127222e-05,6.792256782092115e-05
DoitsugoGoji,1,2,1,2,6.501973328616441e-05,1.1443637075178294e-05
failedTec,2,1,2,1,6.493667907481964e-05,6.776445076912652e-05
EuropaWeGo,2,4,2,4,6.490532400965204e-05,0.000501207158906979
theregoesmyfutur,1,1,1,1,6.490305487507634e-05,0.0
Worldly-Bid-3591,4,1,4,1,6.489517661561964e-05,0.0004068009201212738
redkit42,2,2,3,3,6.481491052936316e-05,6.776445076912652e-05
AnxiouSquid46,2,1,2,1,6.479018228652235e-05,0.00027175141900357054
confused_patterns,1,2,1,2,6.474372491813652e-05,5.716299121052832e-05
orangeflyingmonkey_,2,2,2,2,6.472855617727796e-05,6.776445076912652e-05
betrothalorbetrayal,1,1,1,1,6.470134153880023e-05,0.0003388222538456326
Immediate-Ad7071,1,2,1,2,6.465288186271064e-05,2.251285642218751e-05
Sonic13562,1,1,1,1,6.465288186271064e-05,0.0
Leoneche,1,1,1,1,6.457868840487109e-05,0.0
MikeInPajamas,2,1,2,1,6.457481920505023e-05,0.0001572464638301399
WEEGEMAN,1,1,1,1,6.453864887745524e-05,1.58113154709617e-05
fade2black244,1,2,1,2,6.444281232946248e-05,8.956360428669442e-05
Technical-Fly-6835,3,2,3,2,6.443611442464495e-05,0.0014897285605572936
csgraber,3,4,3,4,6.435100827847135e-05,6.511870842895276e-05
MagicCuboid,4,1,4,1,6.43344266690888e-05,0.00018975671021823922
InVultusSolis,1,2,1,2,6.430225290891985e-05,0.00010164667615368978
areyawinningdiners,1,1,1,1,6.430225290891985e-05,0.0
AparsaSh-Dev,1,2,1,2,6.428929886992609e-05,3.589677003284851e-06
SenoraRaton,2,2,4,4,6.428360346106009e-05,0.0
ziguslav,2,2,4,4,6.414895493182721e-05,0.0
Mimical,4,1,4,1,6.412990217629227e-05,0.003587224142214992
Allenlee1120,4,2,4,2,6.412990217629227e-05,0.0002831109309158469
Obant,4,1,4,1,6.412990217629227e-05,0.00027105780307650607
Living_Pie205,4,1,4,1,6.412990217629227e-05,0.00027105780307650607
johnjohn4011,4,1,4,1,6.412990217629227e-05,0.00027105780307650607
cms5213,4,1,4,1,6.412990217629227e-05,0.00027105780307650607
Gorge2012,2,3,2,3,6.405574436080416e-05,0.0002259382213266569
diffusedlights,2,1,2,1,6.405119511050986e-05,6.776445076912652e-05
BrennusSokol,2,1,2,1,6.405119511050986e-05,6.776445076912652e-05
Miamithrice69,1,2,1,2,6.396095050519412e-05,0.00014634633175422676
RIOTDomeRIOT,2,1,2,1,6.393638363341948e-05,0.0
SlyCooper007,4,1,4,1,6.392586155325052e-05,0.00025233750799173477
caiera1,1,2,1,2,6.390596279781879e-05,8.76155685940136e-05
djnotskrillex,3,4,3,7,6.389301360253992e-05,1.1607763112253668e-05
gayteemo,3,1,3,1,6.388348722477246e-05,0.00013552890153825303
maverick1127,2,1,2,1,6.379360773743227e-05,0.0004921229641510266
neverseen_neverhear,1,1,1,1,6.378307777515121e-05,0.00017284126742009073
JollyToby0220,2,2,2,2,6.373423706516077e-05,8.101001083212441e-05
merkmerthews,1,1,4,3,6.351895700133343e-05,0.0
breadbedman,4,1,4,1,6.35103121902759e-05,0.0006091309713756513
logicbound,1,1,1,1,6.349142688274453e-05,0.0003388222538456326
Arclite83,2,3,4,4,6.348266778111503e-05,0.00013617348263360622
Hashfyre,2,1,2,1,6.344426458384406e-05,6.776445076912652e-05
VastAmphibian,3,4,4,5,6.340330006878989e-05,0.0002530737162587739
messem10,1,1,1,1,6.339471657288765e-05,0.0
GameAddict411,2,1,2,1,6.337140324324271e-05,6.896298701035436e-05
debategate,1,3,2,3,6.335372825635752e-05,9.323414622043083e-05
Available_Pool7620,2,2,2,2,6.334381810822048e-05,1.5268580218752947e-05
ChatGRT,2,2,3,3,6.333005213079495e-05,3.846679854684281e-05
fiscal_fallacy,2,2,2,2,6.329221968824472e-05,0.000513923359766448
dukeofgonzo,2,3,3,4,6.324219952443152e-05,2.3150791646168372e-06
letsridetheworld,2,3,2,3,6.324138829737255e-05,0.00031263838353727747
Ill_Paper_6854,4,1,4,1,6.3207136243319e-05,0.00020959679076166168
Ill_Trip8333,2,1,2,1,6.313956123925247e-05,0.000978296819015872
HalfAsleep27,1,2,1,2,6.313909328546421e-05,1.0326246322061622e-05
resuwreckoning,1,3,3,5,6.302271467863068e-05,5.6470375640938766e-08
Goducks91,2,3,2,3,6.302029467519321e-05,0.00033301655791138923
Linds2022,3,3,3,3,6.297494317885235e-05,0.00022881508030044132
RaindropsInMyMind,3,1,3,1,6.296375046266247e-05,8.768504419846669e-05
Different_One6884,1,1,1,1,6.291993405712621e-05,0.0
Green_Water8532,1,1,1,1,6.291993405712621e-05,0.0
manojbakshikumar,1,1,1,1,6.291993405712621e-05,0.0
built_the_pipeline,5,5,5,5,6.287670940177091e-05,0.0014509978149426
coinbase-discrd-rddt,1,3,2,3,6.287604575563372e-05,0.0
Delicious_Yogurt_476,1,1,1,1,6.287406253567157e-05,0.0
aarongifs,3,2,4,2,6.283487352129134e-05,0.00019917838828256216
Careless-Maize-8915,2,1,2,1,6.274840216372023e-05,0.00022094456479799414
Red-Droid-Blue-Droid,3,1,3,1,6.270904655212184e-05,0.0005925048940891342
Repulsive-Year896,2,1,2,1,6.268913162485447e-05,6.776445076912652e-05
PiccoloAwkward465,1,2,1,2,6.2639103384327e-05,0.00011073886392120215
MattsFace,1,1,1,1,6.2639103384327e-05,9.750597609580878e-05
ProbablyWrongAgain24,1,1,1,1,6.2639103384327e-05,9.750597609580878e-05
Helplessadvice,3,1,3,1,6.26328519015805e-05,0.00031813377945653785
The-original-spuggy,3,4,3,4,6.2624984460077e-05,0.00029354230630242075
RednevaL,2,1,2,1,6.259239295983065e-05,0.0024622203841814187
brooklynlad,3,3,3,3,6.258564155924255e-05,0.0019227236698615348
dont_touch_my_peepee,1,1,1,1,6.253084299371544e-05,0.0
metehankasapp,1,1,1,1,6.253084299371544e-05,0.0
LingeringDildo,2,1,2,1,6.250904978108021e-05,0.00012958224158226284
vips7L,4,2,4,2,6.247356678049183e-05,0.00035575042733569477
icaaryal,1,1,1,1,6.241184263058755e-05,2.325324579170212e-06
Downtown_Isopod_9287,1,1,2,3,6.24108273058846e-05,0.0
Prior_Leader3764,3,1,4,1,6.237045021733263e-05,1.0170717055721975e-05
SekhWork,3,6,4,8,6.2305582466113e-05,0.00019043527263445798
b_a_t_m_4_n,4,3,4,3,6.228437031034573e-05,0.001192938408753565
deathrowslave,4,3,4,3,6.228437031034573e-05,0.00029828053103236906
Herefordragonquest,3,1,3,1,6.228437031034573e-05,0.00027105780307650607
Cluelessinthlfe,3,1,3,1,6.228437031034573e-05,0.00027105780307650607
Losaj,3,1,3,1,6.228437031034573e-05,0.00027105780307650607
wpapafranksss,3,1,3,1,6.228437031034573e-05,0.00027105780307650607
nlaverde11,3,1,3,1,6.228437031034573e-05,0.00027105780307650607
nthpwr,3,1,3,1,6.228437031034573e-05,0.00027105780307650607
Kermit_the_hog,3,1,3,1,6.228437031034573e-05,0.00027105780307650607
CoffeeHQ,3,1,3,1,6.228437031034573e-05,0.00027105780307650607
Kain222,3,1,3,1,6.228437031034573e-05,0.00027105780307650607
GotSomeUpdogOnUrFace,3,1,3,1,6.228437031034573e-05,0.00027105780307650607
paulwesterberg,3,1,3,1,6.228437031034573e-05,0.00027105780307650607
ye_olde_green_eyes,2,1,2,1,6.227597008596282e-05,0.0002103528282445126
mamasbreads,2,1,2,1,6.227597008596282e-05,6.822195447878888e-05
digdaily,2,1,2,1,6.224729140260168e-05,6.776445076912652e-05
champ4666,1,1,1,1,6.224728962905216e-05,2.847739747640106e-06
Alwayscooking345,4,9,4,9,6.222772644070848e-05,0.00048698986945306093
lenin1991,2,3,3,3,6.220457608903912e-05,6.968217168374978e-05
Secret-Platypus-366,3,3,3,3,6.216888201192136e-05,0.00023591609779864532
Any_Dragonfly_9461,2,2,2,2,6.216869953137634e-05,0.00030147093974496113
codefyre,4,2,4,2,6.214926159107963e-05,0.00030834293361202983
ijpck,3,2,3,2,6.204664198416992e-05,0.0004758327774368435
Neomalytrix,4,3,4,3,6.20298492502938e-05,2.3066067665409285e-05
ThunderChaser,1,3,1,3,6.20285635691817e-05,0.00013685738627451467
uptokesforall,1,1,3,4,6.201277558341523e-05,0.0
Late_Sherbet5124,1,1,1,1,6.201237762894481e-05,2.0938345833418592e-05
No_Tone1704,1,1,1,1,6.201237762894481e-05,0.0
abbzug,1,1,1,1,6.201237762894481e-05,0.0
tthrowawayy98765432,2,2,2,2,6.196714484781905e-05,0.0034521470036818673
DatabaseHelpful6791,3,1,3,1,6.196714484781905e-05,0.0001587156258518536
Ycemann13,2,2,3,2,6.196714484781905e-05,0.00013552890153825303
TehLittleOne,2,2,2,2,6.196714484781905e-05,0.00013552890153825303
ReasonSure5251,2,4,2,4,6.196714484781905e-05,0.00013552890153825303
Successful-Title5403,2,2,2,2,6.196714484781905e-05,0.00013552890153825303
Ancient-Carry-4796,2,2,2,2,6.196714484781905e-05,0.00013552890153825303
Ready_Stuff_4357,2,2,3,2,6.196714484781905e-05,0.00013552890153825303
Cptcongcong,2,2,2,2,6.196714484781905e-05,0.00013552890153825303
UCRDonkey,2,2,2,2,6.196714484781905e-05,0.00013552890153825303
Gorbit0,2,2,2,2,6.196714484781905e-05,0.00013552890153825303
Ariakkas10,2,2,3,2,6.196714484781905e-05,0.00013552890153825303
outworlder,2,2,2,2,6.196714484781905e-05,0.00013552890153825303
Thugosaurus_Rex,2,2,2,2,6.196714484781905e-05,0.00013552890153825303
YaPhetsEz,2,2,2,2,6.196714484781905e-05,0.00013552890153825303
velolove42,2,2,2,2,6.196714484781905e-05,0.00013552890153825303
Iron_Baron,2,2,2,2,6.196714484781905e-05,0.00013552890153825303
IamMichaelBoothby,2,2,2,2,6.196714484781905e-05,0.00013552890153825303
Fantastic-Wealth6090,2,2,3,2,6.196714484781905e-05,0.00013552890153825303
NewShadowR,2,2,2,2,6.196714484781905e-05,0.00013552890153825303
domestic_omnom,2,2,2,2,6.196714484781905e-05,0.00013552890153825303
RamaMitAlpenmilch,2,2,2,2,6.196714484781905e-05,0.00013552890153825303
DukeOfGeek,2,2,2,2,6.196714484781905e-05,0.00013552890153825303
LifeMoratorium,2,2,2,2,6.196714484781905e-05,0.00013552890153825303
stuffitystuff,2,2,2,2,6.196714484781905e-05,0.00013552890153825303
eastcoastflava13,2,2,2,2,6.196714484781905e-05,0.00013552890153825303
sdpr,2,2,2,2,6.196714484781905e-05,0.00013552890153825303
rlowens,2,2,2,2,6.196714484781905e-05,0.00013552890153825303
KyotoCrank,2,2,3,2,6.196714484781905e-05,0.00013552890153825303
iggy14750,3,2,3,2,6.196714484781905e-05,6.776445076912652e-05
alwyn,4,1,4,1,6.193464166125798e-05,0.00010287729563016409
dreadthripper,3,1,3,1,6.185696233607744e-05,0.0002807557050724536
Signal-Implement-70,2,5,2,5,6.183625872532274e-05,0.0005000311324042428
Jealous_Parfait_4967,3,2,4,3,6.183466624613144e-05,9.11078180261233e-05
RickSt3r,4,4,4,4,6.173831284999868e-05,0.0003370260352309511
sumpfkraut666,2,1,2,1,6.164899991221782e-05,0.0
Brambletail,2,3,2,3,6.164837045455511e-05,2.1038375857797672e-05
e-chris,2,1,2,1,6.154897745471069e-05,0.00022557687056201647
Shingley3,2,1,2,1,6.153594753060897e-05,0.00015696657475695064
CavCoach,2,1,2,1,6.149010773316688e-05,0.0
mawdurnbukanier,2,1,2,2,6.137890250643385e-05,6.776445076912652e-05
ch4dr0x,3,1,3,1,6.136160437737245e-05,0.003666361086954406
garbage-account69,3,1,3,1,6.136160437737245e-05,0.0002263622809388621
Complete_Category_86,2,1,2,1,6.130451312309938e-05,6.776445076912652e-05
Room-Cleaner-335,4,1,4,1,6.126588788555051e-05,0.000195615454026997
abdallha-smith,1,1,1,1,6.126511431181041e-05,2.508410074311003e-05
PapayaHumble2740,4,0,4,0,6.117221712321916e-05,0.00019466056327212231
Lumbergh7,1,2,1,2,6.110284752037967e-05,0.0
pravis,3,2,3,2,6.097415039944281e-05,0.0003388222538456326
Drone30389,1,1,1,1,6.097206103762366e-05,0.0
CardboardJ,2,4,2,4,6.096048453454091e-05,0.0016142588903083578
El_Don_94,2,2,2,2,6.07251586776204e-05,6.776445076912652e-05
Vbryndis,1,2,1,2,6.068762709081311e-05,6.721267177703938e-05
Mister_Kister,3,7,4,8,6.06623711518803e-05,0.00040697392589513886
CatoTheMiddleAged,2,1,2,1,6.0651731836425444e-05,0.00023091760171134126
mstater,2,2,2,2,6.0650651866003176e-05,0.00017084587912601903
Noglues,4,1,4,1,6.0570081355770764e-05,0.0002105108041273929
knokout64,4,1,4,1,6.055036220448851e-05,0.000119872126989485
filter-spam,3,2,3,2,6.054912287459562e-05,9.035972299124334e-05
DoubleAGlasses,2,1,2,1,6.05487309432399e-05,4.7919200972047895e-05
SACRED-GEOMETRY,1,1,1,1,6.054466591616994e-05,0.0
Anxious_Alps_4150,3,2,3,2,6.050046421534011e-05,0.0003525751799945486
katyfail,2,1,2,1,6.0484515694397164e-05,7.641645451992999e-05
moisanbar,3,1,3,1,6.048217143622631e-05,0.00015478139229897712
iamthe0ther0ne,2,1,2,1,6.044900052025279e-05,0.0003388222538456326
ikonoclasm,2,2,2,2,6.044900052025279e-05,0.0001615609814067394
ethanjf99,2,1,2,1,6.044900052025279e-05,6.776445076912652e-05
Lenel_Devel,2,1,2,1,6.044900052025279e-05,6.776445076912652e-05
Marchesa_07,2,1,2,1,6.044900052025279e-05,6.776445076912652e-05
ZuesMyGoose,2,2,2,2,6.0438838444399175e-05,0.0003751973830550217
at-the-crook,2,2,2,2,6.0438838444399175e-05,0.00027105780307650607
Packrat1010,2,1,2,1,6.0438838444399175e-05,0.00027105780307650607
altiuscitiusfortius,2,1,2,1,6.0438838444399175e-05,0.00027105780307650607
Aaod,2,1,2,1,6.0438838444399175e-05,0.00027105780307650607
TheNatural14063,2,4,2,4,6.0407635426728195e-05,0.00047179184066922574
PoMoAnachro,1,4,1,5,6.040257558636715e-05,0.0008579576082052728
Artistic-Error00,1,1,1,1,6.040257558636715e-05,0.0
arm14789,1,1,1,1,6.040257558636715e-05,0.0
Hybrii-D,1,1,1,2,6.040257558636715e-05,0.0
Technical-Fruit-2482,1,1,1,1,6.040257558636715e-05,0.0
Sweet_Witch,1,1,1,1,6.040257558636715e-05,0.0
GreatMinds1234,1,1,1,1,6.040257558636715e-05,0.0
cidvard,3,2,3,2,6.0283487428270006e-05,0.00013015819532877205
JMartheCat,3,1,3,1,6.027454453470777e-05,0.00013552890153825303
BlubberyBlue,1,1,2,2,6.0269892604127915e-05,0.0
twentythirtyone,1,2,3,3,6.02247570880132e-05,0.0
MetalHead2025,1,1,1,1,6.011674811946521e-05,3.0522443433522916e-05
Dame38,2,1,2,1,6.006900840763907e-05,6.776445076912652e-05
Master_Professor_963,1,1,1,1,6.0063907979547e-05,0.0
Ok_Astronaut_6043,1,1,1,2,6.006063124366115e-05,0.0
Fit_Peach-,2,1,2,1,6.0059636630919194e-05,6.776445076912652e-05
FintechnoKing,3,1,4,2,6.004510026796888e-05,0.00013552890153825303
DGTHEGREAT007,1,1,1,1,6.002215667080143e-05,1.0619865161478514e-05
LowStatistician11,1,1,1,1,6.002215667080143e-05,0.0
Cadowyn,1,1,1,1,6.0012946149915855e-05,0.0
jammythesandwich,4,1,4,1,5.998253219356173e-05,0.0005529240154480228
dizekat,1,1,1,1,5.993054480799751e-05,0.00018766631067122577
nyan-the-nwah,1,1,1,1,5.985226006795123e-05,0.0
eddyb66,3,1,3,1,5.984671033814636e-05,0.0001341820309620642
Derebeare,2,1,2,1,5.979253118282361e-05,0.00016930134450372477
Ok-Seaworthiness7207,3,4,3,4,5.978731398456307e-05,0.0003202476463026319
chilidetective,3,1,3,1,5.972064106573956e-05,0.0035862137603543806
SWSucks,3,1,3,1,5.968968666394961e-05,0.00036707232993741097
Swarmwise,1,3,1,4,5.963611774320537e-05,7.668617535978484e-05
51Charlie,1,2,1,3,5.963611774320537e-05,4.8932614735435894e-05
21shadesofsavage,1,1,1,1,5.963611774320537e-05,0.0
mljrg,1,1,1,1,5.963611774320537e-05,0.0
PilsnerDk,1,1,1,1,5.963611774320537e-05,0.0
niconeke,1,1,1,1,5.963611774320537e-05,0.0
Junior-Sky4644,1,2,3,4,5.95884569561619e-05,6.776445076912652e-05
chefboiortiz,1,2,4,4,5.95884569561619e-05,6.776445076912652e-05
quantum-fitness,2,2,2,2,5.949440772565785e-05,0.00011802751540788166
dingus_chonus,1,1,1,1,5.9488761180099864e-05,0.0
Immediate_Fig_9405,1,1,1,1,5.946903299345574e-05,0.001419684493676252
TallCoin2000,1,2,1,2,5.946903299345574e-05,6.224678611299562e-05
wtg2989,1,1,1,1,5.946903299345574e-05,0.0
BoredGuy2007,1,1,1,1,5.946903299345574e-05,0.0
April1987,3,1,3,1,5.946747057900162e-05,0.0008104639454175765
Always_Scheming,1,5,1,5,5.94465631823883e-05,0.0006747133157334593
Formal-Author-2755,4,0,4,0,5.938347441559693e-05,0.00020329335230737957
VoidNinja62,2,3,2,3,5.937202374645882e-05,0.00021916616810526915
Djcnote,4,1,4,1,5.9358343097724856e-05,0.00027105780307650607
ragnarockette,3,2,4,2,5.929309132702738e-05,0.00014963933858787046
Substantial_Sound272,3,4,3,4,5.922599653430178e-05,0.0016639702582775418
Silent_Glass,2,1,2,1,5.918483623562615e-05,0.0002318390739213273
retornam,1,2,2,3,5.916943705606678e-05,4.959202913429811e-07
WeWantMOAR,3,1,3,1,5.916200464954849e-05,0.000134874484562338
hrss95,2,1,2,1,5.909785330837046e-05,1.8141766859889338e-06
lil_gingerale,2,1,2,1,5.909454996187667e-05,0.0001358480633419535
OHHHHHHHHHH_HES_HURT,2,1,2,1,5.907557905573096e-05,7.91410971325588e-06
Oriin690,3,2,3,2,5.9041613845031344e-05,0.001313611731136331
abandoned_idol,4,7,4,7,5.899087989551939e-05,0.0007973330432853884
brwnwzrd,2,1,2,1,5.8981392811840425e-05,0.000332798787866223
abdomino,2,1,2,1,5.8930856192686526e-05,1.1263606451567296e-05
xBrashPilotx,1,2,1,2,5.893085619268651e-05,0.003451921122179305
duggedanddrowsy,1,2,1,2,5.893085619268651e-05,0.00013552890153825303
hellowhatmythere3,1,2,2,2,5.893085619268651e-05,0.00013552890153825303
wewerecreaturres,1,2,2,2,5.893085619268651e-05,0.00013552890153825303
antenonjohs,1,2,1,2,5.893085619268651e-05,0.00013552890153825303
MauryPoPoPo,1,2,1,2,5.893085619268651e-05,0.00013552890153825303
hobbykitjr,1,2,1,2,5.893085619268651e-05,0.00013552890153825303
retupmocomputer,1,2,1,2,5.893085619268651e-05,0.00013552890153825303
jastop94,1,2,2,2,5.893085619268651e-05,0.00013552890153825303
DuvalDad904,3,1,3,1,5.8928239530395195e-05,0.00030332993902391794
rs1408,1,1,1,1,5.890104309859785e-05,2.742130731675238e-05
MattJFarrell,3,2,3,2,5.889908003439004e-05,5.4325211478706304e-05
Scoopity_scoopp,2,3,2,3,5.88859307352591e-05,0.0004698164562107601
MrLanesLament,2,1,2,1,5.888421953384393e-05,0.00027105780307650607
HeavilyBearded,2,1,2,1,5.888421953384393e-05,0.00027105780307650607
stentor222,1,1,1,1,5.8834376396739067e-05,0.0
necromenta,1,1,1,1,5.8761480465928465e-05,0.0
Sasquatchgoose,4,2,4,2,5.874380637562765e-05,9.038489597276307e-05
SparkStormrider,2,2,2,2,5.8738763056148275e-05,0.003508549291829037
GLight3,3,1,3,1,5.8705118670242335e-05,6.776445076912652e-05
asfrels,1,1,1,1,5.866254899952897e-05,0.0
Psycho_Syntax,4,2,4,2,5.8624864971754595e-05,0.0002521187308184464
110397,1,1,1,1,5.860734219162229e-05,0.0
SpiritedHistory8467,2,2,2,2,5.854470464602835e-05,0.00025973556850668995
gwoad,2,1,3,3,5.849853217014754e-05,2.2259760366864746e-05
allegrovecchio,1,2,1,2,5.844912200494958e-05,0.00013552890153825303
rosietherivet,2,1,2,1,5.838609191476502e-05,0.0
joeyjiggle,3,2,3,2,5.8243485353869906e-05,0.0001775656526133935
CodFull2902,1,2,3,3,5.819138310305049e-05,0.0
IndividualCurious322,2,3,2,3,5.811201749254318e-05,0.000514516083715423
ChampionHumble,1,1,1,1,5.8053715823664674e-05,0.00013151899882558895
Biotruthologist,2,1,2,1,5.801584066844785e-05,6.776445076912652e-05
actuarally,1,2,1,2,5.798517609425641e-05,2.338874133281925e-05
Cruxwright,1,1,1,1,5.798517609425641e-05,1.802224483599731e-05
SwagMaster9000_2017,1,1,1,1,5.795374685017248e-05,0.0037211718732352976
Unicorn_Puppy,1,1,1,1,5.795338559031363e-05,0.0001562643619358169
musafir6,4,1,4,1,5.794543224514857e-05,0.0002707410360165959
tickled_your_pickle,4,1,4,1,5.793302646822254e-05,0.0002362911765519729
emitahc,2,1,2,1,5.7930845700141965e-05,8.529998846815487e-08
Electronic-Lab-1061,2,1,2,1,5.7903492397422726e-05,0.00010671869551317044
SmokeyJoe2,3,4,3,4,5.7841395612000845e-05,0.0031342029062547097
BioEradication,1,4,1,4,5.776429615803748e-05,0.0002558777676873924
0xchamin,3,2,3,2,5.7737525423285426e-05,6.776445076912652e-05
Vycaus,2,1,2,1,5.772413608986676e-05,2.1638915446865094e-05
Available_Editor4383,1,2,1,2,5.769848525454281e-05,0.0
USPS_Nerd,1,1,1,1,5.76709399510518e-05,0.0
CallinCthulhu,1,1,1,1,5.765593543696895e-05,0.0
EfficiencyNervous132,1,1,1,1,5.7645687995197875e-05,0.0
inputwtf,2,1,2,1,5.762817327718352e-05,0.00014162108043948667
GovernmentOpening254,4,6,4,6,5.7615624673436076e-05,0.00031578668252446737
The_Krambambulist,3,1,3,1,5.7546503161876064e-05,4.7872863139431184e-05
Lepurten,1,1,1,1,5.741271186512026e-05,0.0
Every_Tap8117,2,1,2,1,5.740456197351385e-05,0.00026717926775406326
Less-Opportunity-715,3,4,3,4,5.739641208190745e-05,0.0005059222270383048
MinimumArmadillo2394,3,1,3,1,5.739641208190745e-05,0.00027105780307650607
always-so-exhausted,1,4,1,4,5.738521722731447e-05,0.00023431186237163137
yepthisismyusername,3,3,3,3,5.73799514998365e-05,0.0007033098793298258
RaccoonDoor,1,2,1,2,5.736899441255688e-05,0.0002260739847104512
AtomicSymphonic_2nd,3,1,3,1,5.730750864026195e-05,0.0003872428758048721
lavahot,1,3,3,4,5.7292393110567705e-05,3.411376250014675e-06
tomthespaceman,3,1,3,1,5.7222937223803694e-05,5.945703106372618e-06
Artistic_Soul_24,1,1,1,1,5.716228335801318e-05,0.0
dwitman,2,1,2,1,5.714548212602183e-05,0.00013552890153825303
Hungry_Attention_981,1,1,1,1,5.713026359211285e-05,0.0
Supersonicfizzyfuzzy,1,1,1,1,5.707344051370692e-05,6.580688629885623e-06
Intelligent_Ice_113,3,1,3,1,5.70626386797667e-05,0.00022504782419863128
BandiDragon,3,2,3,2,5.7058699587243735e-05,0.0002420093585141612
Ok-Point-1656,1,1,1,1,5.703868766789736e-05,0.00027105780307650607
zertoman,3,2,3,2,5.7032978858334956e-05,0.0037183696751120947
Professional-Fuel889,3,4,3,5,5.7032978858334956e-05,0.00018623189146166748
MonkeyCobraFight,2,1,2,1,5.7028727770099607e-05,0.003519572632197148
Prize-Living7895,3,1,3,1,5.701026053524927e-05,0.0001694111269228163
PaddingCompression,3,1,3,1,5.701026053524927e-05,0.0001505207573516285
LustyLamprey,3,2,3,2,5.6991721081377236e-05,0.00016547204396484875
haberdasher42,2,1,2,1,5.6922765261001535e-05,7.480911978777401e-05
Didymograptus2,1,1,1,1,5.6836416752735155e-05,0.0
cwolker,4,4,4,4,5.682605503979667e-05,6.3055526715958455e-06
Lordert,1,2,2,2,5.677990495656539e-05,0.00020329335230737957
DrowningKrown,3,2,3,2,5.673780057393369e-05,0.00047420018124111015
a_sedated_moose,2,1,2,1,5.668219399627756e-05,0.0033921117115086503
Illustrious_Night126,4,2,4,2,5.6668268568875154e-05,0.00023857115172657347
mebesasporfa,3,4,3,4,5.663010190438264e-05,0.00022710768196481103
CautionarySnail,4,1,4,1,5.6592540269425094e-05,0.00014627286318137997
mysteresc,1,1,1,1,5.659091567224575e-05,0.0
PluotFinnegan_IV,1,1,1,1,5.6571756670452e-05,0.0
itmustbeniiiiice,1,1,1,1,5.657012062267348e-05,0.0
yomvol,2,2,2,2,5.654326288109655e-05,0.00011892893188556403
junkman21,4,1,4,1,5.6530338114890594e-05,0.00041419290342806773
ThePiousInfant,2,1,2,1,5.651867076122563e-05,0.00022080199477116503
roseofjuly,4,6,4,6,5.649205423173084e-05,0.0021508871395358575
Zephyr4813,3,1,3,1,5.636512350110448e-05,0.00010690364618189313
exu1981,1,1,1,1,5.631032063776506e-05,0.0
Curious_Olive_5266,3,1,3,1,5.630096809165022e-05,0.00011800922632509726
Hellchron,1,1,1,1,5.6281258600267785e-05,2.126301820917722e-05
SevenTwoSix9,1,2,1,2,5.6229740823361227e-05,0.0004516758269700866
mattspeed112,1,1,1,1,5.6229740823361227e-05,4.06929572704948e-05
theorizable,1,2,2,4,5.620085399574837e-05,8.006244368648652e-07
TiredAndMadAboutIt,3,1,3,1,5.616061862552787e-05,0.00016217649401220472
BobbywiththeJuice,3,3,3,3,5.612224744808554e-05,0.0011695897261623056
reall33tpower,1,1,1,1,5.6111987892655286e-05,0.00017353145626790084
MadamPardone,1,1,1,1,5.6108225092173727e-05,2.1455986007192585e-05
IsReadingIt,2,1,2,1,5.609943857605459e-05,6.225164120742371e-06
RyanCargan,3,1,3,1,5.6087494602275985e-05,0.0035423492196888923
Backwards_is_Forward,3,1,3,1,5.6087494602275985e-05,0.0005191876056738551
Jaleno_,3,1,3,1,5.6087494602275985e-05,0.00022776364985361075
linuxhiker,3,1,3,1,5.6087494602275985e-05,0.00021066453239420012
CaffeinatedT,3,4,3,4,5.60691167059514e-05,0.00044719847973614626
ForsookComparison,4,7,4,7,5.605412098599514e-05,0.00024516974363695285
PTBTIKO,2,1,3,1,5.603963898875126e-05,6.776445076912652e-05
Lopsided-Practice-50,2,1,2,2,5.6020889559396856e-05,0.0
goldenguyz,2,1,2,2,5.5991279479061855e-05,6.776445076912652e-05
SuperStingray,2,2,3,2,5.595815006768412e-05,1.7206855636474283e-06
jawshoeaw,2,1,2,1,5.593183720375098e-05,0.0003388222538456326
deadpanrobo,1,1,1,1,5.587568064888932e-05,5.669247729810127e-07
Sleakne,1,1,1,1,5.587568064888932e-05,0.0
phageon,2,2,3,2,5.580972088521793e-05,0.00019512433845262218
mpsamuels,1,1,1,1,5.5807842182977534e-05,0.0
olivegardengambler,1,2,1,2,5.573675451482663e-05,1.4451414328937336e-05
Tooslowtoohappy,2,1,2,1,5.5736513351678694e-05,6.733026603183759e-05
UseWhatever,4,1,4,1,5.573199615195934e-05,0.00013482495758493826
CumboxMold,1,1,1,1,5.5726226745966514e-05,3.0431647203747382e-06
monkeydave,1,1,1,1,5.5711274766266376e-05,0.0
dmadcracka,1,1,1,1,5.5711274766266376e-05,0.0
shalste2,2,2,3,2,5.5681014240833337e-05,8.787360096839925e-07
SpyDiego,2,2,2,2,5.565727815383536e-05,0.0001525771566184325
kaizenkaos,3,4,4,4,5.5641346206151236e-05,0.00027879805636390017
Typical-Tax1584,3,2,3,2,5.5641346206151236e-05,0.000147138404050378
entropicdrift,3,2,3,2,5.5641346206151236e-05,0.00013664085457132827
grumpy_autist,2,2,2,2,5.559647251449486e-05,0.00014974409469480386
bespectacledboobs,2,1,2,1,5.555088021596089e-05,0.00027105780307650607
Ill_Literature2038,2,1,2,1,5.552221216648093e-05,8.174475325417664e-05
Icy-Stock-5838,2,5,2,5,5.550577398898131e-05,0.0004853823087192965
crimsonhues,3,2,3,2,5.5498338732978776e-05,0.00013552890153825303
bobrobor,1,3,1,3,5.548406875734212e-05,0.00030395477388291847
crozzy89,1,1,1,1,5.548406875734212e-05,0.00027105780307650607
xterminatr,1,1,1,1,5.548406875734212e-05,0.00027105780307650607
Martzillagoesboom,1,1,1,1,5.548406875734212e-05,0.00027105780307650607
CupPuzzleheaded1867,1,1,1,1,5.5462028906953266e-05,2.581502886442915e-07
QuailBrave49,2,2,2,2,5.539934179133783e-05,9.336680613040908e-05
theclash06013,2,2,2,2,5.537151385230796e-05,0.0005625293946166845
oreosnatcher,2,1,2,1,5.5362385026244655e-05,1.321741101958283e-06
DogsAreMyDawgs,2,1,2,1,5.529128150782929e-05,8.91017012091507e-05
numeralbug,1,1,1,1,5.5263393689849075e-05,0.0
myHer0Zer0,1,1,1,1,5.5263393689849075e-05,0.0
Hugo1234f,1,1,1,1,5.5263393689849075e-05,0.0
FatDog69,1,1,1,2,5.5263393689849075e-05,0.0
ItsSadTimes,2,1,2,1,5.517420438018541e-05,0.00014561775245542502
YourVelourFog,2,2,2,2,5.5164728669302715e-05,0.0002381972123484626
PossibilitySea9720,2,1,2,1,5.5164728669302715e-05,0.00021761316124896735
LookingForChange,2,1,2,1,5.5164728669302715e-05,0.00018452720620768895
PauI_MuadDib,1,1,1,1,5.512764976155866e-05,6.580688629885623e-06
SanityInAnarchy,2,4,3,4,5.511687305577799e-05,0.0002110642226850625
Ajitter,2,1,2,1,5.5115303722805766e-05,3.204328957945978e-05
foonek,2,2,2,2,5.5095817181864765e-05,4.29477213911363e-06
Things-I-Say-On-Redt,3,3,3,3,5.507111837897404e-05,0.00011633235779662719
EpicProdigy,2,2,2,2,5.502145101506999e-05,8.968763483584537e-05
cnydox,2,2,2,2,5.502074089208137e-05,9.189110670786453e-05
oalfonso,2,2,2,2,5.4980468179044244e-05,0.0005316931049878465
rolandParker11,2,1,2,1,5.495062046185004e-05,0.0
East_Indication_7816,4,6,4,7,5.493302584568937e-05,0.0012259693758576988
Old-Possession-4614,1,2,1,2,5.489253176006926e-05,5.143640207030559e-05
n00bi3pjs,2,2,2,3,5.4866595039557056e-05,9.992000397922878e-05
LsForDays,1,1,1,1,5.486154285843292e-05,0.00030857874819062377
WheredMyBrainsGo,1,1,1,1,5.486154285843292e-05,0.0
tuna_safe_dolphin,4,2,4,2,5.4834588614187675e-05,0.0008317020687834448
MusicalMastermind,4,1,4,1,5.4816049160315655e-05,0.0002172469299722141
TKDbeast,2,1,2,1,5.479688909010457e-05,0.0
BerserkGuts2009,2,3,2,3,5.4792560146670096e-05,0.00019342967969300612
My1point5cents,2,3,2,3,5.4792560146670096e-05,6.776445076912652e-05
Fenix42,2,3,2,3,5.4792560146670096e-05,6.776445076912652e-05
pete_norm,2,3,2,3,5.4792560146670096e-05,6.776445076912652e-05
bronfmanhigh,2,2,2,2,5.478873919849815e-05,0.001051667015690206
Chuck_MoreAss,3,4,4,5,5.477997099853033e-05,8.720900451065903e-05
billndotnet,1,1,1,1,5.47524741250342e-05,6.883008830112551e-06
almo2001,3,1,3,1,5.474992777449364e-05,0.00339928043214619
alexyong342,3,3,3,8,5.4636658916668986e-05,6.80598281886205e-05
scarywolverine,2,1,2,1,5.4592786930201566e-05,1.9949959343423178e-05
foxacidic,2,1,2,1,5.4579512350563336e-05,0.00014337027793215361
NoKarmaNoCry22,3,2,3,2,5.452111329173338e-05,0.000679576134313727
plyswthsqurles,2,2,3,2,5.444154480049956e-05,0.0009892358435980018
badwolf42,2,2,2,2,5.4430996274288076e-05,7.172188745561442e-05
lambdaline,3,1,3,1,5.438638492689269e-05,0.00020648923332395577
bobinhumanresources,2,1,2,1,5.435951522022614e-05,6.776445076912652e-05
Starkrossedlovers,2,1,2,2,5.435951522022614e-05,6.776445076912652e-05
elmatador12,4,1,4,1,5.433873732011258e-05,0.00023921402945789342
1egg_4u,2,1,2,1,5.431974593645137e-05,0.0001383094762890439
Kalslice,2,1,2,1,5.431715093007164e-05,5.569454768520156e-05
CaterpillarReal7583,2,1,2,1,5.429669425738556e-05,0.00013021093069012055
No_Replacement4304,1,1,1,1,5.427597029748456e-05,0.0
mangosawce9k,2,2,2,2,5.4241962736329444e-05,0.0004856999680560485
Prudencia,2,1,2,1,5.421943554225832e-05,1.1373678197273067e-06
exneo002,3,2,3,3,5.416378770491402e-05,0.0006564021897898825
stuporman86,1,1,1,1,5.415312198860731e-05,0.0035865464977073006
lostacohermanos,2,1,2,1,5.413949068703085e-05,3.2897713808000684e-05
Flyinmanm,3,4,3,4,5.410417452256423e-05,0.00022350553366831745
Stilgar314,4,2,4,2,5.409779789551662e-05,0.0019402498656846574
Illustrious-Trick525,3,1,3,1,5.407766882663804e-05,0.00010069479430372545
CarmenxXxWaldo,1,2,1,2,5.406513789286308e-05,6.391825635023808e-05
EndlessPotatoes,1,2,1,3,5.406513789286308e-05,0.0
lafangah,1,1,1,1,5.40614652312271e-05,0.0
WarperLoko,1,1,1,1,5.404289796424823e-05,0.0
z500,1,1,1,1,5.404289796424823e-05,0.0
daedalus_structure,3,1,3,1,5.402186936625275e-05,0.00021119386142818072
zacce,2,3,2,3,5.402043953398697e-05,0.0013668371926348574
Substantial_Meal_530,2,1,2,1,5.39917952876958e-05,0.00010173757124021913
Forgotten_lostdreams,2,1,2,1,5.396662948232799e-05,0.0
Orlonz,1,2,1,3,5.396068241701655e-05,1.904998085249134e-05
lordmycal,1,1,1,1,5.394129417014693e-05,0.0
blisseybloom,2,1,2,1,5.3931211542908525e-05,0.0006490486283571678
GeneralBend1,2,1,2,1,5.3931211542908525e-05,7.273651500120297e-05
Pyju,1,1,3,4,5.391156787183021e-05,0.0
Awkward-Speed-4080,4,1,4,1,5.388789487445204e-05,0.00016696595965756363
LivingDracula,3,2,3,2,5.388789487445203e-05,0.004720301958927148
Neuro_88,3,1,3,1,5.388789487445203e-05,0.003270867932087333
PureWave9608,3,1,3,1,5.388789487445203e-05,0.0016306148089199725
Optimal-Sport-8706,3,0,3,0,5.388789487445203e-05,0.00013552890153825303
pilgrim103,3,2,3,2,5.388789487445203e-05,0.00013552890153825303
neepster44,2,1,2,1,5.387991678959253e-05,1.1233025819323847e-06
Ass_Matter,3,2,3,2,5.383956713954755e-05,0.00014389831738848295
Jefftopia,1,2,1,2,5.379191030344597e-05,7.632614383836083e-05
songhyeondeok,3,1,3,1,5.3756196463902647e-05,0.006768765105825482
IntrepidLock7540,4,1,4,1,5.373968646396638e-05,0.0001457519289805722
KwisatzHaderach94,2,1,2,1,5.365913484200419e-05,0.0001219706023462185
EdMcMuffin,1,1,1,1,5.3558217622656865e-05,1.7632254516843687e-05
CatrionaShadowleaf,1,1,1,1,5.3558217622656865e-05,0.0
Lonestamper,2,1,2,1,5.353613285242407e-05,7.597282244629119e-05
tuan_kaki,1,2,1,2,5.3517469464650595e-05,8.708613189892562e-05
eden_sc2,2,1,2,1,5.349096647124337e-05,0.0004421597520428973
TiddiesAnonymous,3,2,3,2,5.345043971472776e-05,0.0006496816502897309
Ok_Tone6393,2,1,2,1,5.342735400299382e-05,9.354371860636557e-05
_karamazov_,2,1,2,1,5.341473146907811e-05,8.360775343957584e-05
ZestyclosePositive10,2,1,2,1,5.3406692077603894e-05,0.00020318041155609768
chouettelle,2,1,2,1,5.3406692077603894e-05,0.0001694111269228163
forShizAndGigz00001,2,2,2,2,5.338778641790864e-05,0.003454001744304651
CheesyRamen66,2,2,2,2,5.338778641790864e-05,0.0001881474443902444
surfinglurker,2,1,3,3,5.330952769832387e-05,0.0
PicklesAndCoorslight,2,2,2,2,5.327059487093189e-05,0.00027105780307650607
ButterflySammy,2,4,2,4,5.3270588367279535e-05,0.00011632217107503934
scrotalsac69,3,2,4,2,5.3264913666662615e-05,0.00019387702393867937
CorndogQueen420,3,1,3,1,5.32542883136756e-05,0.00013072754291301592
Kapps,3,1,3,1,5.321364509027396e-05,0.00018440300902580056
JoeChio,2,2,2,2,5.3198162961594524e-05,8.544933897683632e-05
NoSleep2135,3,1,3,1,5.3173849462631964e-05,0.0001717378441031545
Lakeview121,3,2,3,2,5.313874390346741e-05,0.00027105780307650607
Shad0wAVM,1,1,1,2,5.310121674373226e-05,0.0
kerbear1125,1,1,1,1,5.310121674373226e-05,0.0
Distinct_South6316,3,1,3,1,5.3099103433279466e-05,0.0001709658085025568
valleyman86,1,1,1,1,5.3065289953633675e-05,0.0
RandyMuscle,2,2,2,2,5.292376655958189e-05,0.00017386651081168945
Nubenebbiosa,1,1,1,1,5.2911078873891544e-05,0.0
rapaxus,1,2,1,2,5.28261984961369e-05,0.00023806525934984176
MotanulScotishFold,1,1,1,1,5.2779265259076996e-05,1.1710109262692345e-05
anon36485,1,1,1,1,5.2779265259076996e-05,0.0
puripy,2,2,2,2,5.274006919603325e-05,9.52074482906863e-05
0Pat,2,1,2,1,5.273940869535178e-05,0.0039493358324523805
Prestigious-Board-62,2,1,2,1,5.2687343825774186e-05,0.00023717557769194282
ElementalEmperor,2,2,2,2,5.2594425541105735e-05,5.618804253317393e-05
Elitefuture,2,2,2,2,5.257656511401093e-05,0.00019565497658039874
Status_Quarter_9848,1,1,3,3,5.2553258607044426e-05,0.0
ValitoryBank,1,1,3,4,5.2553258607044426e-05,0.0
protienbudspromax,1,2,3,3,5.25456549741349e-05,6.776445076912652e-05
onions-make-me-cry,1,2,2,3,5.25456549741349e-05,6.776445076912652e-05
Certain_Chef_2635,1,2,2,3,5.25456549741349e-05,6.776445076912652e-05
SDNick484,1,2,2,3,5.25456549741349e-05,6.776445076912652e-05
betadonkey,1,2,2,3,5.25456549741349e-05,6.776445076912652e-05
FoxMeadow7,1,2,2,3,5.25456549741349e-05,6.776445076912652e-05
Electrical_Top656,1,2,2,3,5.25456549741349e-05,6.776445076912652e-05
Own_Egg7122,1,2,3,3,5.25456549741349e-05,6.776445076912652e-05
spoonybard326,1,1,1,1,5.2541887348078544e-05,7.751114659022768e-05
DigitalMonsoon,1,2,2,3,5.250490174772559e-05,0.0
Loganjonesae,1,1,1,1,5.248249251697766e-05,2.5863432043549955e-06
aichexx1,2,3,2,5,5.2476170372479515e-05,2.7907121828650592e-06
kernalsanders1234,1,2,1,2,5.246620515856987e-05,4.165902790284439e-06
asiancury,1,2,1,3,5.246620515856987e-05,3.591218777232195e-07
bodymindtrader,2,1,3,2,5.241808783293958e-05,4.7058646367448965e-07
iH8thots,2,1,2,1,5.241594200797425e-05,0.0001440561734793334
Pristine-Raise6829,1,1,1,1,5.239643087038289e-05,6.888901282007821e-05
Remarkable_Quit_3545,2,3,2,3,5.23804025846464e-05,0.0016782124423064858
Cummiekazi,1,1,1,1,5.2377458493439995e-05,1.2864978305108416e-06
CerealArsonist26,1,1,1,2,5.2377458493439995e-05,0.0
Strict-Signature-123,3,0,3,0,5.236936917743415e-05,0.00020329335230737957
lifesnofunwithadhd,2,1,2,1,5.234782893795862e-05,0.003647907034710986
calcteacher,3,2,3,2,5.23387223696041e-05,0.00019240985930980497
febreeze1,1,1,1,1,5.23348047611385e-05,0.0
Gloomy-Pineapple1729,4,1,4,1,5.23075804116778e-05,7.974478326495051e-05
daysofdre,1,1,2,2,5.2207464702306336e-05,0.0
Catadox,3,4,3,4,5.218424345471696e-05,0.0006226928882975334
MarmiteSoldier,2,2,2,2,5.218106631508887e-05,0.0010299776759931237
Spursious_Caeser,2,2,2,2,5.218106631508887e-05,0.0005578198397569371
Coercitor,2,2,2,2,5.218106631508887e-05,0.00010164667615368978
ximaera,2,2,3,2,5.218106631508887e-05,9.447747056038574e-05
snowmaninheat,2,2,2,2,5.218106631508887e-05,7.966177292598653e-05
istarisaints,2,2,3,2,5.218106631508887e-05,7.436403142080207e-05
Then_Promise_8977,2,2,2,2,5.218106631508887e-05,7.11877719851337e-05
FootballRough9854,2,1,2,1,5.218106631508887e-05,6.776445076912652e-05
AlternativeApart6340,2,1,2,2,5.218106631508887e-05,6.776445076912652e-05
WizardSleeveLoverr,2,1,2,2,5.218106631508887e-05,6.776445076912652e-05
CptJackParo,2,1,2,1,5.218106631508887e-05,6.776445076912652e-05
Puzzleheaded-Tip660,2,1,2,1,5.218106631508887e-05,6.776445076912652e-05
Shadowizas,2,1,2,1,5.218106631508887e-05,6.776445076912652e-05
stout-krull,2,1,2,1,5.218106631508887e-05,6.776445076912652e-05
Urcleman,2,1,2,1,5.218106631508887e-05,6.776445076912652e-05
Wrong-Charity9041,2,1,2,2,5.218106631508887e-05,6.776445076912652e-05
Coramoor_,2,1,2,1,5.2140055890767246e-05,6.827268414989497e-05
Competitive-Load6424,2,1,2,1,5.206974232202792e-05,3.587295371398506e-06
caiteha,2,2,2,2,5.2042363008505485e-05,0.001903829437998288
Thefuzy,2,1,2,1,5.2042363008505485e-05,0.0005370280703459344
Comfortable_Gas9850,2,1,2,2,5.2042363008505485e-05,0.00013552890153825303
serendipity_stars,3,1,3,1,5.203742200904963e-05,0.00014374895114966654
Tall-Archer5957,1,3,2,3,5.194407891044899e-05,2.9439177724737112e-05
prof_dr_mr_obvious,2,3,2,3,5.192502947838168e-05,0.0038562490117684247
JFFreezout,2,3,2,3,5.192502947838168e-05,0.0034521470036818704
nice--marmot,2,3,2,3,5.192502947838168e-05,0.00026659425641999335
Low_Shape8280,2,3,2,3,5.192502947838168e-05,0.00014581177492927432
LongDistRid3r,2,3,2,3,5.192502947838168e-05,0.00014399635012406626
OkStop8313,2,3,2,3,5.192502947838168e-05,0.00013552890153825303
dgreenbe,1,1,1,2,5.187553483035256e-05,0.0
yuppers333,2,0,2,0,5.176507019562411e-05,6.776445076912652e-05
10per,1,1,1,1,5.1764577892800915e-05,0.00016953082003182284
tan-job,1,1,1,1,5.1756180464295726e-05,3.388222538456326e-05
Old-Arachnid77,3,1,3,1,5.173615076015281e-05,0.0035196855729484307
ekjohnson9,3,1,3,1,5.173615076015281e-05,0.0035196855729484307
No-Sympathy-686,3,1,3,1,5.173615076015281e-05,0.0035196855729484303
Jamizon1,3,1,3,1,5.173615076015281e-05,0.0035196855729484303
metalreflectslime,3,4,3,4,5.173615076015281e-05,0.0019440505365981129
Toasted_Waffle99,3,3,3,3,5.173615076015281e-05,0.001048825133345822
ianc1215,3,4,3,4,5.173615076015281e-05,0.00022935506890428735
movealongnowpeople,3,1,3,1,5.173615076015281e-05,0.00020329335230737957
PokemonHunter85,3,1,3,1,5.173615076015281e-05,0.00020329335230737957
Longjumping_Lynx_972,3,1,3,1,5.173615076015281e-05,0.00020329335230737957
Wolfwerx,3,1,4,1,5.173615076015281e-05,0.00020329335230737957
ShirleyWuzSerious,3,1,3,1,5.173615076015281e-05,0.00020329335230737957
ComfortableWage,3,1,3,1,5.173615076015281e-05,0.00020329335230737957
acnh_in_waves,3,1,3,1,5.173615076015281e-05,0.00020329335230737957
pops992,3,1,3,1,5.173615076015281e-05,0.00020329335230737957
deprevino,3,1,3,1,5.173615076015281e-05,0.00020329335230737957
splitdiopter,3,1,3,1,5.173615076015281e-05,0.00020329335230737957
dangersdad08,3,1,3,1,5.173615076015281e-05,0.00020329335230737957
ProfessionalFirm6353,2,1,2,1,5.1699071852408755e-05,0.0004847306846926576
TheVintageJane,2,3,2,3,5.1699071852408755e-05,0.0003885640569673081
Impossible-Bed3728,1,1,2,2,5.163571883027798e-05,0.0
nicolas_06,2,4,2,5,5.160772360561299e-05,2.0266290664950715e-05
neanderthalensis,1,1,2,2,5.160637732918406e-05,0.0
chunkypenguion1991,3,3,3,3,5.1554968398839364e-05,0.00018941108268909435
Foreign_Addition2844,2,2,2,2,5.15374012629882e-05,0.0003093072903874442
Significant-Chest-28,2,2,2,2,5.151969485414104e-05,0.0
delipity,2,1,2,1,5.150784693309106e-05,0.0
soricellia,2,1,2,1,5.1488947301482326e-05,7.887385416693541e-05
Yohfay,3,1,3,1,5.148299183290051e-05,0.001452135226450682
dweeb93,3,1,3,1,5.1450196404038083e-05,0.00024015242276515927
Mindless_Training_85,2,1,2,1,5.143763920161883e-05,6.852832464406631e-05
Dreadsin,1,6,1,7,5.1410644205939065e-05,0.00045340442377187704
5eppa,2,1,2,1,5.1379979081264004e-05,2.2088159009019e-05
SudburySonofabitch,2,1,2,1,5.134806380018543e-05,7.009318149793857e-05
myquest00777,1,1,1,1,5.13404856490213e-05,0.0
VengefulAncient,1,2,1,2,5.129367526340221e-05,3.3048828381252873e-06
DeerGodIsDead,1,1,1,1,5.125998039214906e-05,0.0
platypod1,4,1,4,1,5.122972868430355e-05,0.00013684354087133496
MochingPet,4,4,4,4,5.1220016483348826e-05,9.612166177621352e-05
CubicleMan9000,3,1,3,1,5.11995363738377e-05,0.0003336578243031284
ALAS_POOR_YORICK_LOL,2,3,2,3,5.110922254982354e-05,7.607821213663099e-05
ForgotMyNameeee,1,1,2,2,5.109227494662137e-05,0.0
Xalazi,2,1,2,1,5.1028757257086396e-05,0.00013783342806111536
UnlikelyAir6432,2,2,2,2,5.09870800030119e-05,6.776445076912652e-05
Diligent_Day8158,1,1,1,2,5.096233118114614e-05,0.0
CosmosCabbage,2,2,2,2,5.09179213117776e-05,0.0001561233133089967
Quenz,2,1,2,1,5.091772417837329e-05,8.992089774327617e-05
dronedesigner,1,1,1,1,5.0882316681608486e-05,0.00018012445176345424
move_machine,1,1,1,1,5.0882316681608486e-05,1.9746920960190024e-05
rabidstoat,2,1,2,1,5.08226913613489e-05,1.9636731421893788e-05
TroubledWatersssssss,2,2,2,2,5.081479676865011e-05,7.160102629897323e-05
foundafreeusername,3,4,3,4,5.081338482717954e-05,0.0004774496940765648
ElGuano,3,1,3,1,5.081338482717954e-05,0.0001947757171996624
little_moustache,3,1,3,1,5.081338482717954e-05,0.0001911568523897239
chiefmackdaddypuff,2,2,2,2,5.0801077746674e-05,6.776445076912652e-05
Ok-Animal-6880,3,3,4,3,5.079106021060944e-05,2.0381210907070464e-05
gnivriboy,2,7,2,7,5.076363528862496e-05,0.00011173259148400008
MistryMachine3,3,3,3,3,5.0756915869268514e-05,0.00011515049643873849
Chao-Z,2,4,2,5,5.073979687235714e-05,0.00025774748252480284
Generalfrogspawn,3,1,3,1,5.0728217253713805e-05,0.00017066087994325346
pimpeachment,2,4,2,4,5.07209515303941e-05,0.0013035765842029264
Mister_Sal_A_Mander,2,3,2,3,5.070354770307687e-05,0.0008919221402525622
real-to-reel,2,1,2,1,5.069170649794861e-05,0.0004138097966489016
xxxxsteven,1,2,1,2,5.066292198752261e-05,7.531616887171977e-05
monicachicken,1,2,1,2,5.066292198752261e-05,5.277358178157356e-05
chrlatan,1,2,1,2,5.066292198752261e-05,7.0033110031077084e-06
20Wizard,2,1,2,1,5.066292198752261e-05,6.315758200641131e-06
Objective-Style1994,2,2,2,2,5.066292198752261e-05,0.0
tehAwesomer,2,1,2,1,5.063614160078357e-05,0.00018376238084867732
Marsman121,2,1,2,1,5.0515233396289884e-05,0.00010354340709589024
TheDubh,2,1,2,1,5.04667864011726e-05,0.00015498022439736485
vanishing_grad,1,1,1,1,5.0447351726408917e-05,0.0
justbooleandawg,1,1,1,1,5.035151699410595e-05,1.3552890153825303e-06
IroquoisPliskin_UK,1,2,1,2,5.030517906331253e-05,1.888426306349605e-05
jasonbw,1,1,1,1,5.030517906331253e-05,0.0
FreckleException,1,1,1,1,5.030162276462797e-05,0.0
vivalapants,2,3,2,3,5.029638711130859e-05,0.00012198089321853918
Antique_Eye_3200,1,1,1,1,5.0222090585731686e-05,0.0
who_am_i_to_say_so,2,7,2,8,5.021573323057052e-05,0.0014127759348826438
GonePh1shing,2,1,2,1,5.017874038908501e-05,0.00021977565645913772
SanguineL,2,1,2,1,5.0175486850909007e-05,0.00016092733921210824
AdministrativeMail47,3,2,4,2,5.0015914236753144e-05,0.00016909777306538162
doobiedoobie123456,2,2,2,2,4.997313451570209e-05,0.00032276339434267245
FocusedForge,2,1,2,1,4.994761391787476e-05,0.003544700256984225
Sprinklypoo,2,2,2,2,4.992537174001581e-05,0.00010096431273371019
lightknightrr,2,1,2,1,4.9890618894206254e-05,0.003519459691445867
Loose-Shock-7625,2,2,2,2,4.9890618894206254e-05,0.0032334015954429206
suckerforthevillains,2,3,2,3,4.9890618894206254e-05,0.0005038784708050389
snmnky9490,2,2,2,2,4.9890618894206254e-05,0.00048148242820187157
DiverVisible3940,2,2,2,2,4.9890618894206254e-05,0.00023525272591742242
felis_scipio,2,2,2,2,4.9890618894206254e-05,0.00022021117206736385
RamenNoodleSalad,2,1,2,1,4.9890618894206254e-05,0.00020329335230737957
BigWhiteDog,2,2,2,3,4.9890618894206254e-05,0.00020329335230737957
OnlyTrust6616,2,1,2,1,4.9890618894206254e-05,0.00020329335230737957
Ohitsworkingnow,2,1,2,1,4.9890618894206254e-05,0.00020329335230737957
Known_Host5241,2,1,2,1,4.9890618894206254e-05,0.00020329335230737957
_MysteriousHour_,2,1,2,1,4.9890618894206254e-05,0.00020329335230737957
pogkaku96,2,1,2,1,4.9890618894206254e-05,0.00020329335230737957
AHumanBeing217,2,1,2,1,4.9890618894206254e-05,0.00020329335230737957
Summer4Chan,2,1,2,1,4.9890618894206254e-05,0.00020329335230737957
fwubglubbel,2,1,2,1,4.9890618894206254e-05,0.00020329335230737957
ND7020,2,1,2,1,4.9890618894206254e-05,0.00020329335230737957
Caffeywasright,2,1,2,1,4.9890618894206254e-05,0.00020329335230737957
RipDove,2,1,2,1,4.9890618894206254e-05,0.00020329335230737957
fredandlunchbox,2,1,2,1,4.9890618894206254e-05,0.00020329335230737957
hazedfaste,2,1,2,1,4.9890618894206254e-05,0.00020329335230737957
Main_Lecture_9924,2,1,2,1,4.9872079440334234e-05,0.00018687578111241455
grendus,2,2,2,2,4.9850617777232885e-05,5.70515425720472e-06
enkanshi,2,7,3,9,4.984908918880207e-05,0.0003172818197989637
cucol,2,1,2,1,4.979848730043827e-05,0.0
itsthekumar,2,3,2,3,4.9794329589538405e-05,0.00011636897650192333
tameimponda,3,2,3,2,4.978170180640039e-05,0.0001289369785737857
CSAtWitsEnd,2,3,2,3,4.9760934405411835e-05,0.0001784413716783744
ptveite,2,1,2,1,4.973200616294292e-05,6.776445076912652e-05
silencedvoicesMST,1,1,1,1,4.9656321668788475e-05,8.351364217636218e-06
SorryWerewolf4735,2,1,2,1,4.964421835618482e-05,7.688366020593056e-05
Pleasant_Yak5991,2,1,2,1,4.9588905971739334e-05,0.0002846824508861988
BleedingTeal,1,1,1,1,4.957339343167959e-05,0.00027105780307650607
TrickiestToast,2,1,2,1,4.952760976652913e-05,7.452333229930303e-05
One_Outside9049,1,1,1,1,4.946215754797839e-05,0.00011518771859900523
TerminalObsessions,3,1,3,1,4.945537808810616e-05,0.00013590392275084285
theDarkAngle,3,2,3,2,4.943683878523381e-05,0.00016112083449618177
Kendertas,1,1,1,1,4.93253364584112e-05,3.456540594353409e-05
Chocotaco24-7,1,1,1,1,4.93253364584112e-05,1.2898199437747278e-05
Ok-Mycologist-3829,1,1,1,1,4.93253364584112e-05,0.0
bandalooper,1,1,1,1,4.93253364584112e-05,0.0
goofyboi,3,1,3,1,4.930146302490903e-05,0.00015492936667234382
SvenTropics,3,1,3,1,4.929443964563135e-05,0.0001495929218256635
PM_ME_YER_LIFESTORY,2,1,2,1,4.926308196964272e-05,0.0001378818338566255
ashdee2,3,2,3,2,4.924133651629104e-05,0.0001765471214637547
Myjunkisonfire,3,2,4,3,4.919756846765427e-05,0.0001404246659917191
byahare,1,1,1,1,4.914477765995633e-05,0.0
memphisjones,1,1,1,1,4.914477765995633e-05,0.0
username675892,1,1,1,1,4.914477765995633e-05,0.0
Johnnadawearsglasses,1,2,1,2,4.911421777709104e-05,8.930529188308788e-05
murmurwave,2,1,2,1,4.911330943892864e-05,0.00013552890153825303
Gradstudentiquette69,1,1,1,1,4.908388066524752e-05,0.0006174901528147527
sixstringninja,1,1,1,1,4.9074995894769075e-05,0.0
MaudeXer,1,1,1,1,4.902233433558083e-05,0.0
PicklePilfer,3,4,3,4,4.901848852419848e-05,3.5242249459094744e-05
HauntingObligation,1,1,1,1,4.898515109029439e-05,0.0
brocodini,2,1,2,1,4.896785296123298e-05,0.00013907513333386612
RaynOfFyre1,2,1,2,1,4.895381325834534e-05,5.510837492273634e-05
GrammmyNorma,3,1,3,1,4.8944853103241516e-05,0.00031028399638850335
Less-Fondant-3054,4,4,4,4,4.8920569568564756e-05,0.003404788809579616
BitSorcerer,2,2,2,2,4.891904013751214e-05,9.195369823853976e-05
Mayonegg420,1,2,1,2,4.891076170695992e-05,0.0002702297616060058
Ill_Tour_7294,1,1,1,1,4.884306822805555e-05,0.0
_zjbusch_,1,1,1,2,4.883860070475625e-05,0.0
newhunter18,2,1,2,1,4.8806596937864515e-05,8.719628753390047e-05
wenima,1,1,1,1,4.873925469166963e-05,0.0
TheDetailsMatterNow,1,1,1,1,4.873925469166963e-05,0.0
EstablishmentDry8995,1,1,1,1,4.869856433131277e-05,2.662995458892672e-05
Traditional-Hat-952,3,1,3,1,4.864481968927997e-05,0.00014716324328122415
Thebadmamajama,2,2,2,2,4.862361102905915e-05,0.00010445034540979886
Cirenione,1,1,1,1,4.8600013382034835e-05,0.00027105780307650607
abzka,1,1,1,1,4.8600013382034835e-05,0.0
Public_Fucking_Media,1,2,1,2,4.859219670335469e-05,0.00012963478901531557
Big-Don-Kedic,1,2,1,2,4.859219670335469e-05,4.5176300512751014e-08
Bugibhub,2,2,2,2,4.8591863490428434e-05,0.00010164667615368978
CardinalM1,2,3,2,3,4.855040199278398e-05,0.000290085549962978
LoweringPass,1,3,1,4,4.85240408183479e-05,0.0002673454097090537
Not-Reformed,2,4,4,5,4.852030182406413e-05,4.9360318718508794e-05
Dark512,2,1,2,1,4.850646999474634e-05,0.00016564566889044349
deft-jumper01,3,1,3,1,4.849661150662788e-05,0.0002547802805444243
Cultural_Structure37,1,3,1,3,4.845007262035202e-05,0.003293141614270155
olystretch,1,1,1,2,4.844650757238826e-05,0.0
Boring_Bullfrog_7828,1,1,1,1,4.8405448402745634e-05,0.0
scrndude,1,1,1,1,4.8395911222131834e-05,0.0009324361218634551
Otherwise-Green3067,1,1,1,1,4.8323062090010086e-05,6.261359296538272e-05
CandidateNo2580,2,1,2,1,4.828934137874386e-05,6.776445076912652e-05
Luciifuge,2,1,2,1,4.828934137874386e-05,6.776445076912652e-05
VTHokie2020,2,1,2,1,4.826625336532761e-05,1.4765772909383619e-05
mmcnl,2,1,2,1,4.823395727305161e-05,2.6479030981185406e-05
No-Profession-208,2,2,3,2,4.822688666779081e-05,3.4075641028273684e-05
Spill_the_Tea,2,1,2,1,4.82095293123025e-05,6.884611254771713e-05
big-papito,2,2,2,2,4.819054350595537e-05,0.00035213192209304975
persona-non-corpus,2,2,2,2,4.8190543505955354e-05,0.0003626760314663622
ChickinSammich,2,3,2,3,4.8105156802761436e-05,0.0003264085002036602
LoveToyKillJoy,1,1,1,1,4.805524910411333e-05,0.0
Irisheyes80d,1,1,1,1,4.804508702825971e-05,0.003519233809943303
ooqq,1,2,1,2,4.804508702825971e-05,0.0004019173738294193
karma3000,1,3,1,3,4.804508702825971e-05,0.0003649700216656825
NameIsFuckinTaken,1,1,1,1,4.804508702825971e-05,0.00020329335230737957
xpsychborgx,1,1,1,1,4.804508702825971e-05,0.00020329335230737957
nargolest,1,1,1,1,4.804508702825971e-05,0.00020329335230737957
Faulty_english,1,1,1,1,4.804508702825971e-05,0.00020329335230737957
Most_Expression_1423,1,1,1,1,4.804508702825971e-05,0.00020329335230737957
joevinci,1,1,1,1,4.804508702825971e-05,0.00020329335230737957
UpsetBar,1,1,1,1,4.804508702825971e-05,0.00020329335230737957
Wiskid86,1,1,1,1,4.804508702825971e-05,0.00020329335230737957
k8s-problem-solved,2,1,2,1,4.8027560824661714e-05,5.39870745494365e-05
0xfreeman,2,3,3,4,4.798102419740294e-05,7.672914013972494e-05
9peppe,1,3,4,5,4.795860157444029e-05,9.383315041785673e-05
MmmmSnackies,1,1,1,1,4.791461948365238e-05,0.0001497915002774928
creatively_inclined,1,2,1,2,4.7911267518410564e-05,0.00027060604007137857
Late-Dingo-8567,2,1,2,1,4.787223940905633e-05,0.00035947767332987566
Piccolo_Bambino,2,4,2,4,4.785264010706497e-05,0.0002886930483072745
sleeping-in-crypto,2,1,2,1,4.7847089174529256e-05,2.9235768915011754e-06
bad-egg-de-shihou,2,1,2,1,4.7832791326645296e-05,6.776445076912652e-05
SwankySteel,2,1,2,1,4.779586980357553e-05,0.0002996400102265928
SocietyPleasant7461,2,1,2,1,4.779586980357553e-05,0.00022896810107290847
Ecstatic-Book-6568,2,1,2,1,4.779586980357553e-05,6.776445076912652e-05
BackgroundShirt7655,2,1,2,1,4.778937452675519e-05,6.776445076912652e-05
XxSilkyJonsonxX,2,1,2,1,4.769661420506208e-05,0.00022333638630754783
Banmers,3,1,3,1,4.769101916638231e-05,0.0002249543885125783
NoFixedUsername,3,2,3,2,4.769101916638231e-05,0.00019396102515710338
ZootSuitRiot33801,1,3,1,3,4.767525699149961e-05,0.00021228404450116388
AltoCumulus15,1,1,1,1,4.767525699149961e-05,0.00010626109372080039
creaturefeature16,3,6,3,6,4.7545320756616234e-05,0.00412767712322433
WileEPorcupine,3,1,3,1,4.751830612410481e-05,0.00024016156960626444
CerealBit,2,1,2,1,4.7509392369195235e-05,6.08807523983919e-05
anemisto,1,2,1,2,4.739877976668415e-05,2.45968821898889e-06
Feather_Sigil,1,2,1,2,4.736881808740661e-05,4.7413212620509146e-05
AnAcceptableUserName,2,2,2,2,4.728802704872379e-05,8.136597526486677e-05
Ocean_Gecko,1,1,1,1,4.72579811265352e-05,0.0
Individual_Laugh1335,1,1,2,2,4.723854790292447e-05,0.0
StanleyLelnats,2,1,2,1,4.71544047800672e-05,0.00026102697953943034
Low_Anxiety_46,1,1,1,1,4.713234514990167e-05,2.1652430903948352e-05
RandomFan1991,2,2,2,2,4.7116034964163076e-05,0.0001141742154060126
ungido,1,1,1,1,4.711179336375432e-05,3.641912504832809e-06
Bosurd,2,1,2,1,4.7080418013573764e-05,0.00013406064258189378
crasscrackbandit,1,1,1,1,4.706065922181036e-05,0.0
thebochman,1,1,1,1,4.7059477333462685e-05,0.0
Capital-Register2815,1,2,1,2,4.699045200017028e-05,3.3995166135845135e-06
Defiant_Employee6681,3,1,3,1,4.698972299945747e-05,0.0003327430722463786
i_am_replaceable,2,1,2,1,4.698894787415489e-05,6.776445076912652e-05
TangledPangolin,2,2,2,2,4.694186819539768e-05,0.00022921038843197044
maybelying,2,1,2,1,4.694186819539768e-05,0.00020329335230737957
Mundane-Ingenuity-52,2,2,2,2,4.694186819539768e-05,9.895440712225186e-05
stillavoidingthejvm,3,1,3,1,4.693836063817151e-05,0.00016680560952116364
gunawa,2,2,2,2,4.6929394386390676e-05,2.223959534049661e-05
smokedpulledpork,2,1,2,1,4.6883290231252204e-05,7.290872397262584e-06
Level_Fee2906,1,2,2,2,4.6866775289665266e-05,8.024347315470942e-05
edelweiss_pirates_no,3,4,3,4,4.686650026520965e-05,0.0002812680683375371
Propheciah,1,1,1,1,4.680347664081332e-05,0.0
Cheese_Grater101,2,1,2,1,4.6768253233409025e-05,0.0017017674051344616
Aznable-Char,2,2,2,2,4.671042476134653e-05,6.227169344035063e-05
goodsam2,2,1,2,1,4.670501205275481e-05,3.1766539585361364e-05
Thim0ran,1,1,1,1,4.670079854573721e-05,0.0
Newmommalorey,1,1,1,1,4.670079854573721e-05,0.0
blueSGL,2,2,2,2,4.659926267188731e-05,0.00011178722714816771
OkPoet2105,2,1,2,1,4.655220223622298e-05,7.251968001822783e-05
johnnynutman,1,1,1,1,4.649046811770447e-05,0.0035192338099433017
ad9090i,1,1,1,1,4.649046811770447e-05,0.003519233809943301
Broad-Belt-5888,1,2,1,2,4.649046811770447e-05,0.0010311010142079276
Stefferdiddle,1,1,1,1,4.649046811770447e-05,0.00020329335230737957
ki11a11hippies,1,1,1,1,4.649046811770447e-05,0.00020329335230737957
ArtisenalMoistening,1,1,1,1,4.649046811770447e-05,0.00020329335230737957
j12,1,1,1,1,4.649046811770447e-05,0.00020329335230737957
ThanklessTask,1,1,1,1,4.649046811770447e-05,0.00020329335230737957
Frewdy1,2,2,2,2,4.6382999277793315e-05,0.0002030674708048158
13NeverEnough,2,1,2,1,4.6377927278219995e-05,0.00012165068412026027
penny_lane0324,1,1,1,1,4.637479070452505e-05,0.0
Basic-Tonight6006,2,2,2,2,4.637202306516521e-05,6.8696211967202e-05
Fuckoffujerk69,2,2,3,2,4.634600847703241e-05,6.888679337347766e-05
Lifeinthesc,2,1,2,1,4.6285759620566286e-05,9.111056911671335e-05
JimJamieJames,1,1,1,1,4.628441308995029e-05,0.0
abyssnaut,1,1,1,1,4.6283100664165064e-05,0.0
ObstinateHarlequin,1,1,1,1,4.625178363788329e-05,0.0
DrShocker,1,2,1,3,4.6182645436416566e-05,6.776445076912652e-05
winterbird,2,3,2,3,4.6168877483660856e-05,0.0010203239310885616
rockstarstatus-,3,3,4,3,4.616885624826033e-05,0.00016658443824070133
Formerruling1,3,2,3,2,4.604287587739408e-05,0.00016853637861464653
gabrielleduvent,1,1,1,1,4.602562340628736e-05,0.0
victorsmonster,2,2,2,2,4.6013684397906886e-05,0.0004671675426620281
Crossed_Keys155,1,2,2,2,4.6007301260272976e-05,0.0
CavulusDeCavulei,2,2,2,3,4.600161529933333e-05,1.3124987120379135e-06
Apprehensive-Ant7955,2,2,4,3,4.5954770202463264e-05,3.7270447923019587e-06
Tall-Appearance-5835,2,1,2,2,4.59470349866409e-05,6.776445076912652e-05
Liverpool--forever,1,1,1,1,4.58926847176212e-05,0.0
justhitmidlife,2,4,2,4,4.582485436521608e-05,0.00012342624992891707
BrydonM,1,2,1,2,4.576988803610468e-05,9.949959017840883e-05
Aggressive_Top_1380,1,1,1,1,4.575973471639561e-05,2.9176360747818363e-07
nyc311,1,2,1,2,4.575973471639561e-05,2.9176360747818363e-07
HedonisticFrog,4,5,4,5,4.568308966426038e-05,0.0006016379832604206
Strange-Ask-739,3,1,3,1,4.568308966426038e-05,0.00015550515622066792
SnooPies9001,2,1,2,1,4.567597190324319e-05,3.300161677316023e-05
Professional-Cry6299,2,1,2,1,4.565578627339032e-05,6.776445076912652e-05
Vemyx,3,2,3,2,4.5633714411197506e-05,0.00658358058870109
pixeladdie,1,1,1,1,4.562208925230839e-05,0.0
YourOwnMiracle,2,2,2,2,4.560758721788742e-05,0.0020872714725884613
Eighteen64,2,4,2,4,4.5576146012954994e-05,0.0003488914257595032
SoggyGrayDuck,2,4,2,4,4.5576146012954994e-05,0.00011950183162388299
DogadonsLavapool,2,4,4,4,4.5576146012954994e-05,7.295434463608759e-05
HenryDorsettCase47,3,3,3,3,4.5572935375447335e-05,0.0006032876114193524
Training-Fold-4684,1,1,1,1,4.556354712574649e-05,0.0
I_am_Kratos,1,1,2,2,4.555467792673725e-05,0.0
ImportantSquirrel,2,3,2,3,4.5542725770046524e-05,0.0002680857859062303
syntaxVixen,3,1,3,1,4.553927505208308e-05,0.00027267168174775964
SneakyMamba007,3,1,3,1,4.553927505208308e-05,0.0002582422038921357
stdoubtloud,3,1,3,1,4.553927505208308e-05,0.00016661443118713105
zutonofgoth,3,2,3,2,4.553927505208308e-05,0.00016208532575155205
Quinjet,3,1,3,1,4.553927505208308e-05,0.00015061145681240242
syntax138,3,1,3,1,4.553927505208308e-05,0.00014889140819653726
Abject-Kitchen3198,3,1,3,1,4.553927505208308e-05,0.00014876547462227456
Robdyson,3,1,3,1,4.553927505208308e-05,0.0001432812626644669
Lille7,3,1,3,1,4.553927505208308e-05,0.00014002288890377893
SeattleSombrero,3,1,3,1,4.553927505208308e-05,0.00013610903921434518
sarahinNewEngland,3,1,3,1,4.553927505208308e-05,0.00013552890153825303
corgisgottacorg,1,1,1,1,4.55269699780756e-05,3.179334810217378e-05
livinitup0,4,1,4,1,4.5525225108686474e-05,0.0002088574171808346
KevinCarbonara,1,5,1,5,4.5519987581737724e-05,0.00011368260284221408
kastbort2021,1,1,1,1,4.5519987581737724e-05,0.0
surferdude23_,1,2,1,2,4.551806025792698e-05,0.00013552890153825303
TheSpeakEasyGarden,1,1,1,1,4.551806025792698e-05,0.0
IAmJustShadow,2,1,2,1,4.547438833659871e-05,7.262578017363417e-05
chhuang,1,4,1,4,4.545718560065081e-05,0.00036604912054667417
ExplorerSad9265,1,1,1,1,4.545718560065081e-05,0.00020576642881311853
alexgoldcoast,1,1,1,1,4.545718560065081e-05,8.67736992965698e-06
anxiousnessgalore,1,1,1,2,4.541951721174738e-05,0.0
Serious-Meeting6725,2,1,2,1,4.5413160788239975e-05,6.776445076912652e-05
bankfraud1,2,1,2,1,4.540011228528955e-05,0.00010948668891783218
HolyPommeDeTerre,1,2,1,3,4.5343922633570255e-05,0.0004016405516032811
my_peen_is_clean,1,3,1,3,4.5343922633570255e-05,0.0002805090371668945
One-Program6244,1,1,1,1,4.5343922633570255e-05,0.0
cfm1337,1,1,1,1,4.5343922633570255e-05,0.0
terebat_,2,2,2,2,4.534108365126743e-05,2.637405658247804e-05
common-cardinal,1,2,1,2,4.5156399111817596e-05,0.0003535477435653982
aquakingman,1,1,1,1,4.5156399111817596e-05,0.0
CharlesV_,1,1,1,1,4.51527517457366e-05,0.0
Larcye,2,1,2,1,4.5144191133510915e-05,0.00013552890153825303
TLeafs23,2,1,2,1,4.512948074313574e-05,0.00010133435696793061
potatostudy,1,3,1,3,4.5085273236694724e-05,1.1519955996876794e-05
SassyBeignet,1,1,1,1,4.5085273236694724e-05,0.0
Leut_Aldo_Raine,1,1,1,1,4.5085273236694724e-05,0.0
BadGroundNoise,1,1,1,1,4.5085273236694724e-05,0.0
Wtopp3,2,1,2,1,4.507951456790427e-05,0.0001220454979130474
purrmutations,2,2,2,3,4.5060543244209334e-05,6.776445076912652e-05
Due_Annual9502,1,1,1,1,4.502592535452587e-05,0.0
Admirable-Cat7355,1,1,1,1,4.5010810557374385e-05,0.0
M4rmeleda,1,1,1,1,4.5010810557374385e-05,0.0
justanaccountimade1,1,1,1,1,4.5010810557374385e-05,0.0
Bizarro_Zod,2,2,2,2,4.5002660665767984e-05,0.0002867239148948193
millijuna,2,1,2,1,4.5002660665767984e-05,0.00020329335230737957
lewd_robot,2,1,2,1,4.5002660665767984e-05,0.00020329335230737957
Amplify_Magic,2,1,2,1,4.5002660665767984e-05,0.00020329335230737957
doxx-o-matic,2,1,2,1,4.4956112844674016e-05,6.046419469819618e-05
Xkwizito,2,1,2,1,4.490437732003202e-05,0.00013552890153825303
IamGumboDamnit,1,1,1,1,4.488737515448424e-05,0.0
NefariousnessDear778,1,1,1,1,4.486927597874663e-05,0.0
TopNo6605,2,5,2,6,4.4860614382215513e-05,0.00042258531202879896
spiritofniter,2,3,2,3,4.4826594416442385e-05,0.00026635076946782403
num8lock,3,1,3,1,4.482017997567006e-05,8.119497935936923e-05
CoherentPanda,3,3,3,3,4.475565610514305e-05,0.0002049855838309725
almisami,1,1,1,1,4.4723955919798543e-05,8.801083609051114e-06
Sworn,1,1,1,1,4.4723955919798543e-05,0.0
c_pike1,2,3,2,3,4.471665943732183e-05,0.00036936112381302924
Lukethduke,2,1,2,1,4.4625984829992513e-05,0.0002035924855767263
wocka-jocka-blocka,2,1,2,1,4.4625984829992513e-05,4.887664477024825e-05
heroyi,1,2,1,3,4.462113041753112e-05,3.017550761431741e-06
Ancguy,2,1,2,1,4.461650911910981e-05,0.00338864345644499
kingmanic,2,1,2,1,4.461650911910981e-05,0.000221029192417386
CoolbreezeFromSteam,3,1,3,1,4.461650911910981e-05,0.00010097711625095772
helpmehomeowner,2,1,2,1,4.461650911910981e-05,7.028679421442178e-05
thebeepboopbeep,2,2,2,2,4.4601353041129265e-05,0.00014626369210476057
Renovatio_Imperii,3,2,3,2,4.459295304582224e-05,5.9291647259093794e-05
thetimechaser,3,3,3,3,4.4533637435864064e-05,0.000393358927738789
CruxCrush,1,1,1,1,4.4466046279452876e-05,0.0
gngrbrdmn,2,1,2,2,4.4463058829926076e-05,3.2456585170908742e-06
AboutAWe3kAgo,3,2,3,3,4.444500378742729e-05,3.522259106342011e-05
merRedditor,2,2,2,2,4.444082635865697e-05,0.0019446365563986292
FormalLog9276,1,1,1,1,4.443958378656832e-05,5.4858641756179884e-05
AccordingWeight6019,1,2,1,2,4.4368361417978207e-05,0.00032179483158786365
Remarkable-Coat-9327,1,1,1,1,4.4368361417978207e-05,0.0
GoodishCoder,1,1,1,1,4.4368361417978207e-05,0.0
semiquaver,1,1,1,1,4.4368361417978207e-05,0.0
daniel_zerotwo,1,1,1,1,4.4368361417978207e-05,0.0
Swayfromleftoright,1,1,2,3,4.436615127064938e-05,0.0
thepixelatedcat,1,1,2,2,4.436615127064938e-05,0.0
kilometer17,1,1,2,2,4.436615127064938e-05,0.0
DoneShowinOut,1,1,2,2,4.436615127064938e-05,0.0
MythicMango,1,1,2,2,4.436615127064938e-05,0.0
DJ_Die,1,1,2,2,4.436615127064938e-05,0.0
_ECMO_,1,1,2,2,4.436615127064938e-05,0.0
franker,1,1,2,3,4.436615127064938e-05,0.0
indy_been_here,2,1,2,1,4.431835768822015e-05,0.00015139102010886042
terrazzoladyofSC,2,1,2,1,4.429568439857886e-05,6.776445076912652e-05
pissposssweaty,3,2,3,2,4.428229903120284e-05,7.229549856777613e-05
xvelez08,2,2,2,2,4.422785439147099e-05,0.00016792801919777685
emicurb,2,1,2,1,4.4205081234431916e-05,6.776445076912652e-05
Dull_Emergency4140,1,1,1,1,4.420468964758975e-05,0.0
Silverlisk,3,1,3,1,4.4163814364075554e-05,0.004004273287910048
PM_ME_UR__RECIPES,2,4,3,4,4.4142548818082734e-05,6.933412611276358e-05
Hodler_caved,2,2,4,4,4.40200088245353e-05,6.776445076912652e-05
buckeye2114,2,1,2,1,4.391277976936398e-05,6.782092114476746e-05
ljsv8,1,1,1,1,4.3905683811422234e-05,0.0
GenevieveLeah,2,1,2,1,4.387854248603778e-05,2.3881116224131904e-06
chipper33,3,4,3,4,4.3877634566240076e-05,0.0002782872061233512
baddspellar,1,1,1,1,4.379307009084862e-05,0.0
Meothes,1,1,1,1,4.379307009084862e-05,0.0
account312,2,3,2,3,4.374264644619943e-05,0.0008816811357638089
mysteriy,1,1,1,1,4.3736536073471315e-05,3.3048828381252873e-06
MoreHuman_ThanHuman,2,3,2,3,4.370683095126016e-05,0.0012350795080155897
Thefrayedends,2,4,2,4,4.3693743186136536e-05,0.0029752272313830035
notnotbrowsing,2,1,2,1,4.3693743186136536e-05,0.0028506062775119686
NoCoolNameMatt,2,2,2,2,4.3693743186136536e-05,0.00030045209306829395
Actually-Yo-Momma,2,2,2,2,4.3693743186136536e-05,0.00020902531657532625
lbreakjai,2,1,2,1,4.3693743186136536e-05,0.00015873365939750333
BathRobeSamurai,2,1,2,1,4.3693743186136536e-05,0.00014589038834017347
donutgut,2,1,2,1,4.3693743186136536e-05,0.00013882904070805353
leg4li2ati0n,2,1,3,1,4.3693743186136536e-05,0.00013690677870389196
Accomplished_Iron914,3,1,3,1,4.3688172651114846e-05,0.00016426082650178813
NamerNotLiteral,1,1,1,1,4.367129409180638e-05,0.0
Embarrassed-Humor228,1,3,2,3,4.3645887572611795e-05,3.1563942651732465e-05
liquidtape,1,1,2,2,4.3645887572611795e-05,0.0
Sharkbait_ooohaha,1,1,2,3,4.3645887572611795e-05,0.0
Downtown_Skill,1,1,2,1,4.3645887572611795e-05,0.0
SpoilerAvoidingAcct,1,1,2,1,4.3645887572611795e-05,0.0
FrenchCanadaIsWorst,1,1,2,2,4.3645887572611795e-05,0.0
Creative-Package6213,2,2,2,2,4.3634677455342674e-05,6.015589015172784e-06
Chonito7919,1,1,1,2,4.3631286958822186e-05,0.0
ice_nine,1,1,1,1,4.362483169869859e-05,0.0
PugLord219,2,1,2,1,4.360962048016784e-05,0.00013066843112707858
MongoBongo25,1,1,1,1,4.359752806292239e-05,0.00018990660606964523
Harbester,1,1,1,1,4.359752806292239e-05,0.0
N0voca1ne,1,1,1,2,4.359752806292239e-05,0.0
fuckthis_job,3,1,3,1,4.3582992976197365e-05,0.0008921794676842092
logosobscura,1,1,1,1,4.3559691849610825e-05,0.0
Gimme_All_The_Foods,3,1,3,1,4.3476963305077825e-05,0.0005047794124349475
Dubiisek,1,2,3,3,4.3412402556279635e-05,0.0
LeGama,1,1,1,1,4.337651772360987e-05,2.519630752626478e-05
Appeltaart232,1,1,1,1,4.332306464520772e-05,0.0
womb0t,1,1,1,1,4.3302585277517084e-05,7.1285768223213675e-06
Veggies-are-okay,3,2,3,2,4.3278694692436864e-05,0.00021962831185444809
Medeski,2,3,2,3,4.32757750762323e-05,0.0001971190101516536
mtranda,1,1,1,1,4.326964533789939e-05,0.0
Rich-Quote-8591,2,2,2,2,4.325847633307781e-05,1.9450460162795592e-05
taint3d,1,1,1,1,4.3242530580336316e-05,0.0
poffincase,1,1,1,2,4.323911037055354e-05,0.0
croakstar,1,2,1,2,4.321403018653365e-05,0.00013552890153825303
TheOwlHypothesis,1,1,1,1,4.320618614502849e-05,0.0
sithelephant,1,2,1,2,4.320272109835541e-05,9.531969726240455e-05
imjustdoingmybesttry,1,1,1,1,4.320070206896218e-05,4.973585717660949e-05
anomie89,1,1,1,2,4.3199114904803e-05,0.0
CrimsonCrane1980,4,1,4,1,4.317524482368634e-05,0.00020031793419120794
Ghost_of_Carabelli,1,1,1,1,4.3164867686353074e-05,0.0
bristow84,1,2,1,2,4.313131666274033e-05,8.810401207966402e-05
purpleappletrees,2,3,2,3,4.3130107583729186e-05,5.215518383165146e-05
enigmanaught,1,3,1,3,4.311159113437905e-05,2.775319464779644e-05
gnome_detector,1,2,1,2,4.311159113437905e-05,3.5199867482851833e-06
Wigberht_Eadweard,1,1,1,1,4.311159113437905e-05,0.0
Gold-Guidance-6430,1,1,1,1,4.311159113437905e-05,0.0
slow_burner_,1,1,1,1,4.311159113437905e-05,0.0
Interesting_One435,1,0,1,0,4.311159113437905e-05,0.0
SIGMA920,2,2,2,2,4.310458731683931e-05,0.00015124133283704296
aft_punk,1,2,1,3,4.298537070450569e-05,0.0
Strottman,1,1,1,1,4.2943827006083405e-05,0.0
WhoLivesInAPineappal,1,1,1,1,4.2912771243135855e-05,0.0
Tw1sttt,1,1,1,1,4.2912771243135855e-05,0.0
NewPresWhoDis,2,8,2,8,4.288072503034679e-05,0.00514318320036477
capnscratchmyass,2,2,2,2,4.285847252741099e-05,0.0034446606469919782
12345hunter2,2,1,2,1,4.2845302322003695e-05,0.00019991028304106915
dirtyword,1,1,1,1,4.277097725316325e-05,0.00020589279859456727
typhon88,1,2,1,2,4.277097725316325e-05,0.00020223195326824937
Responsible_Ad_7995,1,1,1,1,4.277097725316325e-05,0.0001244935627979171
PuckSenior,1,1,1,1,4.277097725316325e-05,7.496648469966742e-05
usaaf,1,1,1,1,4.277097725316325e-05,2.2588150256375506e-07
donny02,1,1,1,1,4.271516325562584e-05,5.6416435559473386e-05
Intelligent-You-6144,1,1,1,1,4.271516325562584e-05,0.0
whootdat,2,2,2,2,4.2662499921846005e-05,5.418877410089622e-05
Valuable-Pea-1653,2,2,2,3,4.26536889289908e-05,0.0
unit187,2,2,2,2,4.2644589380390365e-05,0.0034088649268160043
iwantfrogsonmycoins,2,1,2,1,4.260798625611449e-05,4.96590714323784e-06
DeucesX22,2,2,2,2,4.259212919002089e-05,0.0008271741862460916
Purpleguy1980,1,2,1,3,4.2552867357754394e-05,0.0
mooky-bear,1,1,1,1,4.2552867357754394e-05,0.0
KickboxingMoose,3,1,3,1,4.255088388308656e-05,0.0002251362922293146
DIAMOND-D0G,1,3,1,3,4.252116467089463e-05,0.0002516317251017916
SamWest98,1,2,1,2,4.250395676827394e-05,4.671408744052235e-06
radar_3d,1,3,2,4,4.248027696034447e-05,1.2176680573346922e-05
No-Access-9453,1,1,1,1,4.2472843623417606e-05,0.0
spaceman60,2,1,2,1,4.2446952262973776e-05,0.00017411547064435042
Popeholden,1,1,1,1,4.2419482899088557e-05,1.919683712129775e-05
KyuubiW1ndscar,1,1,1,1,4.239498778235869e-05,0.00020329335230737957
dataset-poisoner,1,2,2,2,4.239498778235869e-05,6.776445076912652e-05
botsmy,1,2,1,2,4.239498778235869e-05,6.776445076912652e-05
Historical_Bus_8041,1,2,1,2,4.239498778235869e-05,6.776445076912652e-05
v0gue_,1,2,1,2,4.239498778235869e-05,6.776445076912652e-05
badboi86ij99,1,2,2,2,4.239498778235869e-05,6.776445076912652e-05
Streiger108,1,2,1,2,4.239498778235869e-05,6.776445076912652e-05
coddswaddle,1,2,2,2,4.239498778235869e-05,6.776445076912652e-05
leshian,1,2,1,2,4.239498778235869e-05,6.776445076912652e-05
lolyoda,1,2,1,2,4.239498778235869e-05,6.776445076912652e-05
IhailtavaBanaani,1,2,1,2,4.239498778235869e-05,6.776445076912652e-05
GarboMcStevens,1,2,2,2,4.239498778235869e-05,6.776445076912652e-05
lilcode-x,1,2,1,2,4.239498778235869e-05,6.776445076912652e-05
Dolphinpop,1,2,1,2,4.239498778235869e-05,6.776445076912652e-05
cooljacob204sfw,1,2,1,2,4.239498778235869e-05,6.776445076912652e-05
Ave_TechSenger,1,2,1,2,4.239498778235869e-05,6.776445076912652e-05
RubyReign,1,2,1,2,4.239498778235869e-05,6.776445076912652e-05
heytherehellogoodbye,1,2,1,2,4.239498778235869e-05,6.776445076912652e-05
t-tekin,1,2,1,2,4.239498778235869e-05,6.776445076912652e-05
thecodeape,1,2,1,2,4.239498778235869e-05,6.776445076912652e-05
Lucky_Tap8692,1,2,1,2,4.239498778235869e-05,6.776445076912652e-05
Usrnamesrhard,1,2,1,2,4.239498778235869e-05,6.776445076912652e-05
WelpHereIAm360,1,2,1,2,4.239498778235869e-05,6.776445076912652e-05
cookiemon32,1,2,1,2,4.239498778235869e-05,6.776445076912652e-05
throwaway_0x90,1,2,1,2,4.239498778235869e-05,6.776445076912652e-05
Otto_Kermitten,1,2,1,2,4.239498778235869e-05,6.776445076912652e-05
MapleWatch,1,2,1,2,4.239498778235869e-05,6.776445076912652e-05
Dewstain,1,2,1,2,4.239498778235869e-05,6.776445076912652e-05
VerbalThermodynamics,1,2,2,2,4.239498778235869e-05,6.776445076912652e-05
Lurch1400,1,2,1,2,4.239498778235869e-05,6.776445076912652e-05
Informal_Ad4399,1,2,1,2,4.239498778235869e-05,6.776445076912652e-05
Spirited-Rip-203,1,2,1,2,4.239498778235869e-05,6.776445076912652e-05
YnotBbrave,1,2,1,2,4.239498778235869e-05,6.776445076912652e-05
ikaiyoo,1,2,1,2,4.239498778235869e-05,6.776445076912652e-05
Commonscents2say,1,2,1,2,4.239498778235869e-05,6.776445076912652e-05
Varathane,1,2,1,2,4.239498778235869e-05,6.776445076912652e-05
LowerSeat2712,1,2,2,2,4.239498778235869e-05,6.776445076912652e-05
Dalearev,1,2,1,2,4.239498778235869e-05,6.776445076912652e-05
Personal_Benefit_402,1,2,1,2,4.239498778235869e-05,6.776445076912652e-05
rcinmd,1,2,1,2,4.239498778235869e-05,6.776445076912652e-05
butterflieskittycats,1,2,1,2,4.239498778235869e-05,6.776445076912652e-05
dooyd,1,2,2,2,4.239498778235869e-05,6.776445076912652e-05
What_if_I_fly,1,2,1,2,4.239498778235869e-05,6.776445076912652e-05
mYHCAEL4,1,2,1,2,4.239498778235869e-05,6.776445076912652e-05
inorite234,1,2,1,2,4.239498778235869e-05,6.776445076912652e-05
Mozatta4522,1,2,1,2,4.239498778235869e-05,6.776445076912652e-05
Zealousideal_Crow737,1,2,1,2,4.239498778235869e-05,6.776445076912652e-05
tylerdav42,1,2,1,2,4.239498778235869e-05,6.776445076912652e-05
Crypto556,1,2,1,2,4.239498778235869e-05,6.776445076912652e-05
petty_throwaway6969,1,2,1,2,4.239498778235869e-05,6.776445076912652e-05
Negative_Aerie2825,1,2,1,2,4.239498778235869e-05,6.776445076912652e-05
olliecakerbake,1,2,1,2,4.239498778235869e-05,6.776445076912652e-05
DubiousGames,1,2,1,2,4.239498778235869e-05,6.776445076912652e-05
Puzzleheaded_Cut_374,1,2,1,2,4.239498778235869e-05,6.776445076912652e-05
joltstream,1,2,1,2,4.239498778235869e-05,6.776445076912652e-05
Alternative-Gear-682,1,2,1,2,4.239498778235869e-05,6.776445076912652e-05
score_,1,2,1,2,4.239498778235869e-05,6.776445076912652e-05
FitIndependent9764,1,2,1,2,4.239498778235869e-05,6.776445076912652e-05
Leberknodel,1,2,1,2,4.239498778235869e-05,6.776445076912652e-05
Eliaish,1,2,1,2,4.239498778235869e-05,6.776445076912652e-05
Tieravi,1,2,1,2,4.239498778235869e-05,6.776445076912652e-05
lonestar-rasbryjamco,1,2,1,2,4.239498778235869e-05,6.776445076912652e-05
Stereo_Jungle_Child,1,2,1,2,4.239498778235869e-05,6.776445076912652e-05
DontRefuseMyBatchall,1,2,1,2,4.239498778235869e-05,6.776445076912652e-05
bodyturnedup,1,2,1,2,4.239498778235869e-05,6.776445076912652e-05
ThorsdayBeer,1,2,1,2,4.239498778235869e-05,6.776445076912652e-05
PooForThePooGod,1,2,1,2,4.239498778235869e-05,6.776445076912652e-05
gregatronn,1,2,1,2,4.239498778235869e-05,6.776445076912652e-05
MyLittlePoneh,1,2,1,2,4.239498778235869e-05,6.776445076912652e-05
TemperateStone,1,2,1,2,4.239498778235869e-05,6.776445076912652e-05
katzengoldgott,1,2,1,2,4.239498778235869e-05,6.776445076912652e-05
vodkaandponies,1,2,1,2,4.239498778235869e-05,6.776445076912652e-05
fakemoosefacts,1,2,1,2,4.239498778235869e-05,6.776445076912652e-05
MattyBeatz,1,2,1,2,4.239498778235869e-05,6.776445076912652e-05
williamfbuckwheat,1,2,1,2,4.239498778235869e-05,6.776445076912652e-05
Somepotato,1,2,1,2,4.239498778235869e-05,6.776445076912652e-05
Plastic_Willow734,1,2,1,2,4.239498778235869e-05,6.776445076912652e-05
thisismycoolname1,1,2,1,2,4.239498778235869e-05,6.776445076912652e-05
chadmill3r,1,2,1,2,4.239498778235869e-05,6.776445076912652e-05
Draiko,1,2,1,2,4.239498778235869e-05,6.776445076912652e-05
CaptainLookylou,1,2,1,2,4.239498778235869e-05,6.776445076912652e-05
OrangeBird077,1,2,1,2,4.239498778235869e-05,6.776445076912652e-05
SexySmexxy,1,2,1,2,4.239498778235869e-05,6.776445076912652e-05
st0pmakings3ns3,1,2,1,2,4.239498778235869e-05,6.776445076912652e-05
dxiao,1,2,1,2,4.239498778235869e-05,6.776445076912652e-05
JohnTDouche,1,2,1,2,4.239498778235869e-05,6.776445076912652e-05
Perfect_Zone_4919,1,2,1,2,4.239498778235869e-05,6.776445076912652e-05
DarthSatoris,1,2,1,2,4.239498778235869e-05,6.776445076912652e-05
soulseeker31,1,2,1,2,4.239498778235869e-05,6.776445076912652e-05
ieatcavemen,1,2,1,2,4.239498778235869e-05,6.776445076912652e-05
cuolong,1,2,1,2,4.239498778235869e-05,6.776445076912652e-05
APigInANixonMask,1,2,1,2,4.239498778235869e-05,6.776445076912652e-05
xao_spaces,1,2,1,2,4.239498778235869e-05,6.776445076912652e-05
Kofeb,1,2,1,2,4.239498778235869e-05,6.776445076912652e-05
krapic,1,2,1,2,4.239498778235869e-05,6.776445076912652e-05
Cieguh,1,2,1,2,4.239498778235869e-05,6.776445076912652e-05
thequirkynerdy1,1,2,1,2,4.239498778235869e-05,6.776445076912652e-05
vladvash,1,2,1,2,4.239498778235869e-05,6.776445076912652e-05
The_Barkness,1,2,1,2,4.239498778235869e-05,6.776445076912652e-05
Milkshakes00,1,2,1,2,4.239498778235869e-05,6.776445076912652e-05
SeriousDabbler,1,2,2,2,4.239498778235869e-05,6.776445076912652e-05
nonasiandoctor,1,2,1,2,4.239498778235869e-05,6.776445076912652e-05
whathaveicontinued,1,2,2,2,4.239498778235869e-05,6.776445076912652e-05
damian_konin,1,2,2,2,4.239498778235869e-05,6.776445076912652e-05
Maverick2k,1,2,2,2,4.239498778235869e-05,6.776445076912652e-05
compostkicker,1,2,1,2,4.239498778235869e-05,6.776445076912652e-05
BoysenberryFinal9113,1,2,1,2,4.239498778235869e-05,6.776445076912652e-05
Few_Grapefruit_861,2,1,2,1,4.239498778235869e-05,1.1153377306628605e-05
kimbosliceofcake,2,1,2,1,4.239498778235869e-05,4.6864323883492206e-06
TheKingInTheNorth,2,1,2,1,4.239498778235869e-05,7.717618004261632e-07
ShadowGLI,1,1,1,1,4.2379997411288864e-05,0.0
Outrageous_Drag6613,2,2,3,3,4.234942368385181e-05,7.562838151711229e-06
Winter-Volume-9601,1,1,1,1,4.233793407118727e-05,0.0
devil_lettuce,1,1,1,2,4.232936173036705e-05,0.0
ORyantheHunter24,1,1,1,1,4.232936173036705e-05,0.0
West-Application-375,1,2,1,2,4.2298989918434436e-05,0.0
BenderB-Rodriguez,1,1,1,1,4.2298989918434436e-05,0.0
coffeesippingbastard,2,7,2,8,4.225238293218012e-05,0.00047508858175857076
amlamba,1,1,1,1,4.222699936941639e-05,0.0
Typical_Action_7864,1,1,4,4,4.220307305562924e-05,0.0
moridin82,2,2,4,3,4.216451706079098e-05,3.3882225384563257e-07
pariah1981,1,1,1,1,4.21152532970107e-05,1.8181530345249261e-06
NWOriginal00,3,2,3,2,4.206798202083809e-05,0.00014788486733777727
CaptainSparklebottom,2,1,2,1,4.205161663002778e-05,8.571683859649256e-05
Y0tsuya,1,2,1,2,4.199366779788562e-05,0.00025316652197814515
DawgsAreBack,1,1,1,1,4.199366779788562e-05,0.00010164667615368978
digital_soapbox,1,1,1,1,4.199366779788562e-05,7.12494276153064e-05
davidw,1,1,1,1,4.199366779788562e-05,4.5964440735009505e-05
heepofsheep,2,1,2,1,4.198775234619109e-05,7.262235385329508e-05
_chadwell_,2,2,2,2,4.198480558845846e-05,0.00012968343303317942
BUSY_EATING_ASS,2,3,3,3,4.198367292838151e-05,0.010343061713520296
Maregg1979,1,1,1,1,4.19751283440136e-05,5.3123081413534686e-05
Capital_Animator1094,1,3,4,7,4.194199537337072e-05,0.0
I_Hate_Philly,1,2,1,2,4.190799003034834e-05,1.2411955977768428e-05
technobrendo,2,1,2,1,4.190046731655682e-05,6.776445076912652e-05
Swissstuff,1,1,1,1,4.1849887727621324e-05,7.485203764935417e-06
Meta_Man_X,3,3,3,3,4.182114962724124e-05,0.0002988797090057752
sandspiegel,3,4,3,4,4.175806632565875e-05,0.0005497940196786847
Captain-Crayg,1,1,1,2,4.1688460295287276e-05,0.0
Brocolinator,2,1,2,1,4.162811795011329e-05,0.00018949461251829426
laxrulz777,2,1,2,1,4.162811795011329e-05,0.000180887130496631
Affectionate-Mail612,1,1,1,1,4.153746012676906e-05,0.0
ColorfulImaginati0n,2,4,2,4,4.1494143458312564e-05,0.010946449119818335
Resident-Mine-4987,2,2,2,2,4.1494143458312564e-05,0.004656931405038284
memeaste,2,1,2,1,4.1494143458312564e-05,0.0033846084344153044
papayon10,2,2,2,2,4.1494143458312564e-05,0.0024845397945264243
Zalophusdvm,2,1,2,1,4.1494143458312564e-05,0.0018027007822729417
drtywater,2,3,2,3,4.1494143458312564e-05,0.00128889702431922
Avoidtolls,2,2,2,2,4.1494143458312564e-05,0.0009518134276149895
Alt123Acct,2,1,2,1,4.1494143458312564e-05,0.0008488962163321456
Best_Market4204,2,1,2,1,4.1494143458312564e-05,0.0007420979479561842
k_dubious,2,1,2,1,4.1494143458312564e-05,0.0007028866369987365
i_hate_budget_tyres,2,2,2,2,4.1494143458312564e-05,0.0005698722078188591
EliSka93,2,3,2,3,4.1494143458312564e-05,0.0005132665678135915
numerical_panda,2,3,2,3,4.1494143458312564e-05,0.00035475134288921235
ApathyMoose,2,2,2,2,4.1494143458312564e-05,0.00023273770934507045
mbklein,2,1,2,1,4.1494143458312564e-05,0.00021971267553904603
xrayguy1981,2,1,2,1,4.1494143458312564e-05,0.00020193806329199703
MyNameIsSkittles,2,1,2,1,4.1494143458312564e-05,0.0001559748602458147
MoneySounds,2,2,2,2,4.1494143458312564e-05,0.00014930846980165967
therhubarbman,2,1,2,1,4.1494143458312564e-05,0.00014487073755778366
Ok_Opportunity2693,2,1,2,1,4.1494143458312564e-05,6.776445076912652e-05
levinsong,2,1,2,1,4.1494143458312564e-05,6.776445076912652e-05
Artiph,2,1,2,1,4.1494143458312564e-05,6.776445076912652e-05
stubbornKratos,2,2,2,2,4.1494143458312564e-05,6.776445076912652e-05
Redwolfdc,1,3,1,3,4.1437590997309105e-05,3.5199444972519524e-05
captain_almonds,1,1,1,2,4.1437590997309105e-05,0.0
humanquester,2,2,2,2,4.135680264525736e-05,0.0002231499744924361
stonktraders,1,1,1,1,4.1307046420522526e-05,5.739031910376109e-07
According-Dentist469,1,2,1,3,4.129968289558982e-05,2.582689238872347e-06
cy_kelly,1,3,1,3,4.1269083712867056e-05,2.2522254492036225e-05
FullOnJabroni,1,1,1,1,4.121635834260801e-05,1.003706237102891e-05
bierstick69,1,2,1,2,4.1205600594845513e-05,2.0960208098877967e-06
freakrocker,3,1,3,1,4.120235696247709e-05,0.0007286408233395661
Rhewin,2,3,2,3,4.119942010846827e-05,0.0002671829856766109
Skenyaa,3,1,3,1,4.117542125929348e-05,0.00020569043347375162
loudrogue,2,1,2,1,4.1169600757544065e-05,6.776445076912652e-05
Darkdragoon324,2,2,2,2,4.107466761573976e-05,0.00010715824380000131
MathmoKiwi,1,2,1,2,4.1019953677111126e-05,1.9630607753861353e-05
haxxanova,2,3,2,3,4.101518543547202e-05,6.87056236964755e-05
redoubt515,2,1,2,1,4.101162830085891e-05,9.348114649958054e-05
OnceOnThisIsland,1,1,1,1,4.099782951296553e-05,4.1023419773728944e-05
bchhun,2,2,2,2,4.096307800825962e-05,0.00011647743635930816
Abba_Fiskbullar,2,1,2,1,4.095944483164752e-05,0.0005814108325930278
Stubbby,2,1,2,1,4.0940415280526924e-05,0.0006423262599610832
internetroamer,1,2,1,2,4.0876843454792426e-05,0.00021834109227057653
mw_morris,1,1,1,1,4.0876843454792426e-05,0.00020329335230737957
mattxb,1,1,1,1,4.0876843454792426e-05,0.00020329335230737957
Ihor_90,1,1,1,1,4.0876843454792426e-05,0.00020329335230737957
unstoppable_zombie,1,1,1,1,4.0876843454792426e-05,0.00020329335230737957
windows-cli,1,2,1,2,4.0876843454792426e-05,6.776445076912652e-05
kayveedoubleyou,1,2,1,2,4.0876843454792426e-05,6.776445076912652e-05
fulfillthevision,1,1,1,2,4.0876843454792426e-05,0.0
m0viestar,1,1,1,1,4.0876843454792426e-05,0.0
inventive_588,1,1,1,1,4.0876843454792426e-05,0.0
Mainstream_nimi,1,1,1,1,4.0876843454792426e-05,0.0
ExitingTheDonut,1,1,1,1,4.0876843454792426e-05,0.0
gb0143,1,1,1,2,4.0876843454792426e-05,0.0
BarbaricBastard,1,1,1,1,4.0876843454792426e-05,0.0
QDA_,1,1,1,1,4.0876843454792426e-05,0.0
principledLover2,1,1,1,1,4.0876843454792426e-05,0.0
KetoCatsKarma,1,1,1,2,4.0876843454792426e-05,0.0
Dazzling_Sea6015,1,1,1,1,4.0876843454792426e-05,0.0
vectrixOdin,1,1,1,1,4.0876843454792426e-05,0.0
Hawthourne,1,1,1,1,4.0876843454792426e-05,0.0
thepublicsphere,1,1,1,1,4.0876843454792426e-05,0.0
EqualImaginary4628,1,1,1,1,4.0876843454792426e-05,0.0
suspiciouscffee,1,1,1,1,4.0876843454792426e-05,0.0
personal_brewer,1,1,1,2,4.0876843454792426e-05,0.0
Don_T_Blink,1,1,1,1,4.0876843454792426e-05,0.0
landob,1,1,1,1,4.0876843454792426e-05,0.0
propnumbertwentynine,1,1,1,1,4.0876843454792426e-05,0.0
mkt853,1,1,1,1,4.0876843454792426e-05,0.0
confusiondiffusion,1,1,1,1,4.0876843454792426e-05,0.0
OneForAllOfHumanity,1,1,1,1,4.0876843454792426e-05,0.0
fuckaduckfuck,1,1,1,1,4.0876843454792426e-05,0.0
Achaern,1,1,1,1,4.0876843454792426e-05,0.0
NebulaNinja,1,1,1,1,4.0876843454792426e-05,0.0
balefrost,1,1,1,2,4.0876843454792426e-05,0.0
fedroxx,1,1,1,1,4.08516367710999e-05,0.0
daddywookie,1,1,1,1,4.0841567387575614e-05,0.0
Own-Perspective4821,1,2,1,2,4.080977099961339e-05,3.407401279597526e-05
ProfessionalDoctor,1,1,1,1,4.079306898917204e-05,0.0
OrganicCode42,2,2,2,2,4.077067862298381e-05,0.00019053206213780243
gakule,3,4,3,4,4.076010930493974e-05,9.886314986513905e-05
Vivid_Calendar_5275,1,1,1,1,4.075266234435694e-05,0.0
Global-Bad-7147,2,8,2,8,4.073437565373218e-05,0.00013537081115930398
spacemoses,3,1,3,1,4.069509636418672e-05,0.00045145927218132867
dsperry95,2,2,2,2,4.066980042325582e-05,0.00022101661763006996
seckarr,1,2,2,3,4.063424130417395e-05,6.211811303313243e-06
OhMyGodItsEverywhere,1,1,1,1,4.06281946820203e-05,0.0
Librarian-Rare,2,2,2,2,4.062477341389254e-05,0.00011880588230261745
sexual_pasta,1,1,1,1,4.0550884958240595e-05,2.9751106824052737e-05
sunflower_love,2,2,2,2,4.052153458624395e-05,6.586022926323802e-05
jenkinsleroi,2,2,2,2,4.04959499728867e-05,0.0005504000189373913
JackSpyder,2,2,2,2,4.04959499728867e-05,0.00013673791812185844
ShadyShroomz,2,2,2,2,4.04959499728867e-05,0.00011839449190018608
PopulationLevel,2,2,2,2,4.04959499728867e-05,8.609733905972826e-05
piratekim,2,2,2,2,4.04959499728867e-05,7.206405768898858e-05
daredevil82,2,2,2,2,4.04959499728867e-05,7.040781598155058e-05
Dog_Baseball,2,2,2,2,4.04959499728867e-05,6.799033227169027e-05
jackrabbit323,2,2,2,2,4.04959499728867e-05,6.776445076912652e-05
Timmy_Chet_Mitler,1,1,1,1,4.049473435794602e-05,0.0014403204975260164
drkrieger818,1,1,2,2,4.0484453364263015e-05,0.0
Spiderverse33,2,1,2,1,4.0451447113218556e-05,3.8707449565752955e-06
cabbage-soup,1,3,1,3,4.044925251520801e-05,1.7431152459792908e-05
CanadaCloneStore_Com,1,2,1,2,4.0392695190818854e-05,0.00010971133660156023
__CaliMack__,1,4,1,4,4.035024872191234e-05,5.365585192554842e-05
Major_Instance_4766,2,2,3,3,4.033220407880058e-05,1.8715230910834164e-05
Columbus43219,1,1,1,1,4.033207917687092e-05,0.0
HopefulHabanero,1,1,1,1,4.032106994060415e-05,0.0
Street-Asparagus6536,1,3,1,3,4.0305304274342126e-05,0.0032297710455772895
Mysterious-Tax-7777,1,1,1,1,4.0305304274342126e-05,0.0
Red-Apple12,1,3,1,3,4.027639941890663e-05,0.00013552890153825303
sewkzz,1,1,1,1,4.027639941890663e-05,0.0
sabin357,2,2,2,2,4.0235268265691125e-05,0.00013522772620150136
skillywilly56,2,3,2,3,4.023286411915331e-05,0.001440968822579272
BidenGlazer,2,1,2,1,4.023286411915331e-05,6.776445076912652e-05
StretchMoney9089,1,3,1,3,4.020086425193549e-05,5.850327260051988e-05
nausik,1,1,1,1,4.018286153461168e-05,1.6343715560501174e-06
PopularTower5675,1,1,1,1,4.018286153461168e-05,0.0
Professional_Hunt646,1,1,1,1,4.0182813697871475e-05,0.0
TheLogicError,1,2,1,2,4.0182813697871475e-05,0.0
vampyire,2,1,2,1,4.01690939935783e-05,7.2670090680726e-05
Letscurlbrah,1,1,1,1,4.013392236561503e-05,0.0001023702683988344
LineageBJJ_Athlete,1,2,1,2,4.013392236561503e-05,9.015582735391466e-05
1shox,2,1,2,1,4.012849675501385e-05,8.922612495811729e-05
Smarty398,1,2,5,5,4.010647838300454e-05,0.0
myfapaccount_istaken,2,2,2,2,4.0044522811593264e-05,7.053891447738436e-05
pitiless,1,1,2,2,4.0017072408457756e-05,0.0
Perrenski,2,3,3,3,3.99545618191584e-05,4.4954110403733976e-05
Cobayo,1,2,1,2,3.995411296035577e-05,0.00024669299894959304
Faizanm2003,2,1,2,1,3.993256002582606e-05,6.776445076912652e-05
FlyingRhenquest,2,2,2,2,3.987580684240942e-05,7.477133290144207e-05
HeyNavii_Ai,3,1,3,1,3.984600016932435e-05,0.0001664416642878303
RedOwl770,2,2,2,2,3.9836270555103904e-05,0.00019847977076371177
lordnikkon,2,3,2,3,3.983402344552968e-05,0.00033640599595248266
rllngstn,1,1,1,2,3.98262093541004e-05,0.0
chickadee-guy,2,1,2,2,3.9816808689837154e-05,0.0
Bricktop72,1,2,1,2,3.981325552696839e-05,2.07480645653958e-05
deadra_axilea,1,1,1,1,3.9804739591263606e-05,0.00021607361865805258
utzutzutzpro,2,4,2,4,3.980389853646557e-05,5.436800523194157e-05
LhasaApsoSmile,1,1,1,1,3.978731489894941e-05,0.00020329335230737957
Cinder_Gimbal,1,1,1,1,3.978731489894941e-05,0.00020329335230737957
Pristine-Item680,1,1,1,1,3.973673769165796e-05,0.0
ZUGGERS420,1,2,1,2,3.9697034588194027e-05,0.0010698549857743643
jaedence,1,1,1,1,3.969622665094486e-05,3.9934445673548155e-06
nihiltres,2,3,2,3,3.9679735876235555e-05,0.0004981664595087718
Cream1984,2,1,2,1,3.9662185875256526e-05,7.848112460287547e-05
CanDamVan,2,1,2,1,3.965946369922048e-05,2.7713591283240378e-05
GlassVase1,2,2,2,2,3.9537439538140244e-05,8.006119185902031e-05
Scuurge,1,2,1,2,3.952803047362721e-05,9.932597256572164e-06
fued,1,1,1,1,3.9508578243964635e-05,0.0
CatProgrammer,2,3,2,3,3.9495268160643756e-05,6.863396492711028e-05
DrMonkeyLove,1,1,2,2,3.9466632637906286e-05,0.0
HaRisk32,1,1,1,1,3.940101057561955e-05,2.341098611913406e-05
bartnet,1,1,1,1,3.93822742903146e-05,0.0
Baat_Maan,2,3,3,3,3.9364236751420875e-05,5.4742861927383e-06
CubicleHermit,2,2,2,2,3.93563827238822e-05,7.296904438627101e-05
Old_Leopard1844,2,2,2,2,3.9342399344013346e-05,0.0035192796608222586
fingers,2,1,2,1,3.9342399344013346e-05,0.00345214700368187
iblastoff,2,1,2,1,3.9342399344013346e-05,0.00345214700368187
SillyRecover,2,1,2,1,3.9342399344013346e-05,0.003452147003681869
ThisIsMyCoffee,2,1,2,1,3.9342399344013346e-05,0.0034521470036818678
seekingpolaris,2,1,2,1,3.9342399344013346e-05,0.0034521470036818678
Hebridean-Black,2,1,2,1,3.9342399344013346e-05,0.0034521470036818665
Trolkarlen,2,2,2,2,3.9342399344013346e-05,0.002047174079479559
Saneless,2,6,2,6,3.9342399344013346e-05,0.0013863603412670833
Ameren,2,2,2,2,3.9342399344013346e-05,0.0008744785214683291
Journeyman42,2,5,2,5,3.9342399344013346e-05,0.0008608936280149878
_gneat,2,2,2,2,3.9342399344013346e-05,0.0007871557426934487
obelix_dogmatix,2,4,2,4,3.9342399344013346e-05,0.0007074886811861761
b00c,2,2,2,2,3.9342399344013346e-05,0.0006049906003219258
ios_static,2,2,2,2,3.9342399344013346e-05,0.00045021241745817964
TeaAndS0da,2,2,2,2,3.9342399344013346e-05,0.00027306565127760277
Excelius,2,3,2,3,3.9342399344013346e-05,0.000245323571788667
King_Chochacho,2,2,2,2,3.9342399344013346e-05,0.00023834346358538223
jinjuwaka,2,3,2,3,3.9342399344013346e-05,0.00022100306877586876
APRengar,2,4,2,4,3.9342399344013346e-05,0.00020931112226031957
ObserverPro,2,2,2,2,3.9342399344013346e-05,0.00019109691041636797
kevihaa,2,2,2,2,3.9342399344013346e-05,0.0001910407534942738
User-NetOfInter,2,2,2,2,3.9342399344013346e-05,0.0001768692947184901
Glittering-Giraffe58,2,2,2,2,3.9342399344013346e-05,0.00015965696918597685
Crafty_Aspect8122,2,2,2,2,3.9342399344013346e-05,0.00015209930086058812
ARobertNotABob,2,3,2,3,3.9342399344013346e-05,0.00014867822265291484
Impossible_IT,2,2,2,2,3.9342399344013346e-05,0.00013615898265143282
WalmartGreder,2,2,2,2,3.9342399344013346e-05,0.00013563958102990424
No-Money737,2,1,2,1,3.9342399344013346e-05,0.00013552890153825303
goro-n,2,1,2,1,3.9342399344013346e-05,0.00013552890153825303
kittykellyfair,2,1,2,1,3.9342399344013346e-05,0.00013552890153825303
Coollime17,2,1,2,1,3.9342399344013346e-05,0.00013552890153825303
Best_Recover3367,2,1,2,1,3.9342399344013346e-05,0.00013552890153825303
2cars1rik,2,1,2,1,3.9342399344013346e-05,0.00013552890153825303
fleetingflight,2,1,2,1,3.9342399344013346e-05,0.00013552890153825303
EffectiveClient5080,2,1,2,1,3.9342399344013346e-05,0.00013552890153825303
Sufficient-Dinner319,2,1,2,1,3.9342399344013346e-05,0.00013552890153825303
Fabulous_Sherbet_431,2,1,2,1,3.9342399344013346e-05,0.00013552890153825303
charlies-ghost,2,1,2,1,3.9342399344013346e-05,0.00013552890153825303
donniedarko5555,2,1,2,1,3.9342399344013346e-05,0.00013552890153825303
Lanky-Ad4698,2,1,2,1,3.9342399344013346e-05,0.00013552890153825303
Choleric_Introvert,2,2,2,2,3.9342399344013346e-05,0.00013552890153825303
Accurate_Weather_211,2,1,2,1,3.9342399344013346e-05,0.00013552890153825303
EightOclockRave,2,1,2,1,3.9342399344013346e-05,0.00013552890153825303
PrettyPinkFancyCrane,2,1,2,1,3.9342399344013346e-05,0.00013552890153825303
Pubsubforpresident,2,1,2,1,3.9342399344013346e-05,0.00013552890153825303
NamasteMotherfucker,2,1,2,1,3.9342399344013346e-05,0.00013552890153825303
UndulyCaffeinated,2,1,2,1,3.9342399344013346e-05,0.00013552890153825303
NoResist2796,2,1,2,1,3.9342399344013346e-05,0.00013552890153825303
ChiefChunkEm_,2,1,2,1,3.9342399344013346e-05,0.00013552890153825303
Usual-Purpose3552,2,1,2,1,3.9342399344013346e-05,0.00013552890153825303
FrostingSuper9941,2,1,2,1,3.9342399344013346e-05,0.00013552890153825303
Trenta_Is_Not_Enough,2,1,2,1,3.9342399344013346e-05,0.00013552890153825303
NemoVivit,2,1,2,1,3.9342399344013346e-05,0.00013552890153825303
Fr0st1718,2,1,2,1,3.9342399344013346e-05,0.00013552890153825303
Plastic-Ad-5932,2,2,2,2,3.9342399344013346e-05,0.00013552890153825303
Poppyri,2,1,2,1,3.9342399344013346e-05,0.00013552890153825303
hazwaste,2,2,2,3,3.9342399344013346e-05,0.00013552890153825303
DarlingBri,2,1,2,1,3.9342399344013346e-05,0.00013552890153825303
holidayatthesea,2,1,2,1,3.9342399344013346e-05,0.00013552890153825303
Fun-Refrigerator-449,2,1,2,1,3.9342399344013346e-05,0.00013552890153825303
1010-browneyesman,2,1,2,1,3.9342399344013346e-05,0.00013552890153825303
MiXeD-ArTs,2,1,2,1,3.9342399344013346e-05,0.00013552890153825303
Dreadmaker,2,1,2,1,3.9342399344013346e-05,0.00013552890153825303
JoxJobulon,2,1,2,1,3.9342399344013346e-05,0.00013552890153825303
Greenscreener,2,1,2,1,3.9342399344013346e-05,0.00013552890153825303
Orangesteel,2,1,2,1,3.9342399344013346e-05,0.00013552890153825303
red_flock,2,1,2,1,3.9342399344013346e-05,0.00013552890153825303
Ignisami,2,1,2,1,3.9342399344013346e-05,0.00013552890153825303
gildedbluetrout,2,1,2,1,3.9342399344013346e-05,0.00013552890153825303
Sixspeeddreams_again,2,1,2,1,3.9342399344013346e-05,0.00013552890153825303
Alcnaeon,2,1,2,1,3.9342399344013346e-05,0.00013552890153825303
EXECUTEINFIDELS,2,1,2,1,3.9342399344013346e-05,0.00013552890153825303
Fluffcake,2,1,2,1,3.9342399344013346e-05,0.00013552890153825303
Little_Menace_Child,2,1,2,1,3.9342399344013346e-05,0.00013552890153825303
alkaliphiles,2,1,2,1,3.9342399344013346e-05,0.00013552890153825303
salt_life_,2,1,2,1,3.9342399344013346e-05,0.00013552890153825303
zenlume,2,1,2,1,3.9342399344013346e-05,0.00013552890153825303
Western-Corner-431,2,1,2,1,3.9342399344013346e-05,0.00013552890153825303
EurekasCashel,2,1,2,1,3.9342399344013346e-05,0.00013552890153825303
carlcarlington2,2,1,2,1,3.9342399344013346e-05,0.00013552890153825303
WitnessRadiant650,2,1,2,1,3.9342399344013346e-05,0.00013552890153825303
welivedintheocean,2,1,2,1,3.9342399344013346e-05,0.00013552890153825303
EmotionalTrufflePig,2,1,2,1,3.9342399344013346e-05,0.00013552890153825303
Exist50,2,1,2,1,3.9342399344013346e-05,0.00013552890153825303
JCTrick,2,1,2,1,3.9342399344013346e-05,0.00013552890153825303
KubrickMoonlanding,2,1,2,1,3.9342399344013346e-05,0.00013552890153825303
DisheveledJesus,2,1,2,1,3.9342399344013346e-05,0.00013552890153825303
rgvtim,2,1,2,1,3.9342399344013346e-05,0.00013552890153825303
SaltyArchea,2,1,2,1,3.9342399344013346e-05,0.00013552890153825303
CrimsonHeretic,2,1,2,1,3.9342399344013346e-05,0.00013552890153825303
HouseofMarg,2,1,2,1,3.9342399344013346e-05,0.00013552890153825303
remiusz,2,1,2,1,3.9342399344013346e-05,0.00013552890153825303
Lujho,2,1,2,1,3.9342399344013346e-05,0.00013552890153825303
StumpedTrump,2,1,2,1,3.9342399344013346e-05,0.00013552890153825303
Spelunkie,2,1,2,1,3.9342399344013346e-05,0.00013552890153825303
squishyliquid,2,1,2,1,3.9342399344013346e-05,0.00013552890153825303
Plyphon,2,1,2,1,3.9342399344013346e-05,0.00013552890153825303
scissorin_samurai,2,1,2,1,3.9342399344013346e-05,0.00013552890153825303
NorthernCobraChicken,2,1,2,1,3.9342399344013346e-05,0.00013552890153825303
Deriniel,2,1,2,1,3.9342399344013346e-05,0.00013552890153825303
Nepridiprav16,2,1,2,1,3.9342399344013346e-05,0.00013552890153825303
Velocireptile,2,1,2,1,3.9342399344013346e-05,0.00013552890153825303
skyysdalmt,2,1,2,1,3.9342399344013346e-05,0.00013552890153825303
iamthedayman21,2,1,2,1,3.9342399344013346e-05,0.00013552890153825303
dam4076,2,1,2,1,3.9342399344013346e-05,0.00013552890153825303
Mother_Airline_6276,2,1,2,1,3.9342399344013346e-05,0.00013552890153825303
sawrb,2,1,2,1,3.9342399344013346e-05,0.00013552890153825303
Stargazer__2893,2,1,2,1,3.9342399344013346e-05,0.00013552890153825303
je386,2,1,2,1,3.9342399344013346e-05,0.00013552890153825303
stormpadre,2,1,2,1,3.9342399344013346e-05,0.00013552890153825303
Kitchen-Leopard-1089,2,0,2,0,3.9342399344013346e-05,0.0
Lost_Dentist9865,2,0,2,0,3.9342399344013346e-05,0.0
Signal_Till_933,2,1,2,1,3.934130312332864e-05,0.00015068043639915123
CLTGUY,2,1,2,1,3.9323859890141326e-05,0.00045909635511934185
MissionLet7301,1,1,2,2,3.9309725297296424e-05,0.0
SemiColonInfection,1,2,1,2,3.930532043626929e-05,0.0007527983345169016
SomeSamples,1,3,1,3,3.930532043626929e-05,8.671842529266463e-05
darthsouls69,1,2,1,2,3.930532043626929e-05,6.935500503547441e-05
iskin,1,1,1,1,3.930532043626929e-05,1.699780945169138e-05
Damanptyltd,1,1,1,1,3.930532043626929e-05,7.786412089507335e-06
Reasonable-Cover-785,1,1,1,1,3.930532043626929e-05,1.7491336865193338e-06
iphaze,1,1,1,1,3.930532043626929e-05,1.0164667615368975e-06
__1729ythrow,1,1,1,1,3.930532043626929e-05,7.529383418791835e-08
EastAppropriate7230,2,2,2,2,3.927751262852898e-05,0.000178095636601899
Bodoblock,1,1,1,1,3.927361129043242e-05,0.0
DawnSennin,2,4,2,4,3.924985037853029e-05,0.00020617367677323986
tacomacs,3,1,3,1,3.922160712329479e-05,0.00010812933913142163
dc041894,2,1,2,1,3.9201765631190804e-05,6.776445076912652e-05
DontTazeMehBr0,1,1,1,1,3.918586151809536e-05,1.3029292476465317e-05
kabekew,1,1,1,1,3.918586151809536e-05,0.0
bizwig,1,3,2,4,3.914583265254143e-05,0.000595235827718849
strawberrywithtwors,2,1,2,1,3.912745661679207e-05,4.691107616849038e-05
MallFoodSucks,3,2,3,2,3.909737453271243e-05,0.0005353385679387635
NullPointer1,1,1,1,1,3.909519588534286e-05,3.6776846035295594e-05
anubgek,1,1,1,1,3.909519588534286e-05,0.0
quantummufasa,1,1,1,1,3.909519588534286e-05,0.0
RecentEffort6521,2,2,2,2,3.905581029032618e-05,9.063988020139063e-05
valeuser,1,1,3,4,3.905429993146693e-05,0.0
Dear-Practice4239,2,1,2,1,3.905379856003008e-05,4.253771282355028e-05
ChampaignCowboy,1,2,1,2,3.904388778547937e-05,7.5107021067409e-05
NailRX,1,1,2,2,3.903692675653393e-05,0.0
HashRunner,2,1,3,1,3.90181475991697e-05,5.682037212652276e-05
AS2096,1,1,1,1,3.901674153107539e-05,0.0
XJ--0461,1,1,2,2,3.895528292051123e-05,0.0
InformalTooth5,2,1,2,1,3.89473154254412e-05,3.4222115609983465e-05
DropTheBeatAndTheBas,2,2,2,2,3.891276618514112e-05,8.91942343456879e-07
LiftingCode,3,2,3,2,3.890525912380932e-05,0.0001084191465691341
CurveNew5257,1,1,2,2,3.882413003170713e-05,0.0
ComradeJohnS,2,1,2,1,3.880578495769825e-05,0.00013552890153825303
Intelligence_Gap,1,2,1,2,3.877342057174534e-05,2.7149092927965118e-05
Prior-Actuator-8110,2,1,2,1,3.871307880053021e-05,3.4895387729427174e-06
Romano16,1,1,1,1,3.868864235525187e-05,0.0
MAGIC_CONCH1,1,1,1,1,3.868864235525187e-05,0.0
Zealousideal_Sign846,1,1,1,1,3.868864235525187e-05,0.0
evropianjonatyral,1,2,1,2,3.864143990306659e-05,4.6984813251998075e-05
Zifff,2,1,2,1,3.863522149051489e-05,0.00014629798927129925
TheNewDrunkKing,1,1,1,2,3.8629971216543236e-05,0.0
Wan_Daye,2,4,3,4,3.8607050388070674e-05,0.0005574382552016185
chipface,1,1,1,1,3.859058861606954e-05,2.8470669008632736e-06
KevinT_XY,1,1,1,1,3.857222188486241e-05,0.0
Legitimate-Store3771,1,1,1,2,3.857222188486241e-05,0.0
KoreKhthonia,1,1,1,1,3.857222188486241e-05,0.0
lipstickandchicken,3,1,3,1,3.8543352249887496e-05,0.0001435765563142924
dilloj,1,1,1,1,3.8527709450214185e-05,7.905852589731427e-07
nerdly90,2,2,2,2,3.8510391771513555e-05,0.0001689320843528907
Typical_Latgalian,1,1,1,1,3.848286190880952e-05,0.0
yodog5,2,2,2,2,3.845788945584101e-05,0.0
Gangsir,2,1,2,1,3.8419633411040076e-05,0.0004003169570771322
zbaruch20,2,1,2,1,3.8419633411040076e-05,0.0002228874922534814
corp_code_slinger,2,1,2,1,3.8419633411040076e-05,0.000220362724081785
Contemplating_Prison,2,1,2,1,3.8419633411040076e-05,0.00020329335230737957
thehikinggal,2,1,2,1,3.8419633411040076e-05,0.00013552890153825303
Crowley-Barns,2,1,2,1,3.8419633411040076e-05,8.951626416383106e-05
Covfefe-Drinker,2,1,2,1,3.8419633411040076e-05,8.492337776745177e-05
ariegel57,2,1,2,1,3.8419633411040076e-05,6.776445076912652e-05
Electronic-Tea-3691,2,1,2,1,3.8419633411040076e-05,6.776445076912652e-05
mothman83,1,1,1,1,3.836442472070892e-05,0.0
cupholdery,1,2,1,2,3.833218739412394e-05,1.771094410831426e-05
Manaze85,2,1,2,1,3.8313966967762125e-05,8.077726452480805e-05
Zestyclose_Paint3922,1,3,1,3,3.826618312185636e-05,0.00023704363449045834
DonkeyTron42,1,1,1,1,3.826618312185636e-05,0.0
thatfreshjive,1,2,1,2,3.824239018464411e-05,0.0005493573448041227
Greerio,1,2,1,2,3.824239018464411e-05,0.00016342004035132716
Lyaser,1,2,1,2,3.824239018464411e-05,8.840737526090397e-05
Agent_03,2,3,4,4,3.820188048950936e-05,8.41713928537957e-05
TeaKingMac,2,3,2,3,3.8163701648264264e-05,0.00014583296481625758
susmines,1,1,1,1,3.8157435557742895e-05,0.0
um-nome-,1,1,1,1,3.8157435557742895e-05,0.0
Triboluminescent,1,1,1,1,3.81500372211747e-05,0.0
Dezoufinous,2,2,2,2,3.814981099484056e-05,0.00023027581441666892
Due_Impact2080,1,1,1,1,3.812148198015042e-05,6.05841255899996e-05
ACCount82,1,1,1,1,3.812148198015042e-05,1.3783994174739252e-05
Fragrant-Menu215,2,5,2,5,3.806611536212725e-05,0.0006020875205038084
Few-Helicopter-429,2,1,2,1,3.8058603551491324e-05,7.096299864464041e-05
Dee_Imaginarium,2,2,2,2,3.803256966959168e-05,0.00012286751255799908
got-trunks,3,1,3,1,3.802525045214999e-05,4.933753395129557e-05
manliness-dot-space,1,4,3,5,3.8003924725264164e-05,0.00036708807255800215
Groson,1,4,2,5,3.8003924725264164e-05,0.00011196248800316339
Haunting_Quote2277,2,4,2,4,3.7995148537642606e-05,0.00018681139428885498
srakken,2,1,2,1,3.795825044455343e-05,0.00015582134714886385
kjsmith4ub88,2,1,2,1,3.795582321792063e-05,0.0001258930326664246
Cicero912,1,2,1,2,3.7918605760792735e-05,0.0003669815635713151
jameson71,1,1,1,1,3.7915036523562066e-05,0.0
NoAdvice135,3,4,3,4,3.7903042464977145e-05,0.00032506484495156376
Espumma,1,1,1,1,3.7902635695169136e-05,0.0
ImSoCul,1,1,1,1,3.790263569516913e-05,0.0
Olorin_1990,2,3,3,3,3.789808713749784e-05,0.00026504544795246445
RetrotheRobot,1,1,1,1,3.779681566207128e-05,3.5393147983782936e-06
SleepingCod,2,1,2,1,3.7780979206068803e-05,0.00024162183970207694
an_harmonica,1,1,1,1,3.775768920112345e-05,0.0
TJ_McWeaksauce,2,2,2,2,3.774747365989771e-05,0.00011271822607818685
ConsistentAverage628,2,1,2,1,3.773509796984722e-05,4.7780759175538894e-05
RuinAdventurous1931,2,4,2,4,3.773506801775792e-05,8.747635115775926e-05
krumbs2020,3,1,3,1,3.7733917829210095e-05,0.00012233132553208433
stevefuzz,2,3,2,3,3.7705571187134685e-05,0.00015157931514820112
Oilleak26,2,3,2,3,3.7705571187134685e-05,6.807655837946547e-05
Initial_Ad_9250,2,1,2,1,3.764996430400494e-05,0.0001152655849045378
Known-Bath-4903,1,1,1,1,3.760411478299847e-05,1.674023188099321e-05
peter303_,1,1,1,1,3.7547478873319225e-05,0.00015285649930073865
yamlCase,1,1,1,1,3.7547478873319225e-05,0.0
cuginhamer,2,1,2,1,3.7523298481476555e-05,9.647584382608564e-05
catloverMD,2,1,2,1,3.7496867478066805e-05,4.6004330038931265e-05
killerpoopguy,1,2,1,2,3.749686747806679e-05,0.003452220181294229
Objectively_bad_idea,1,1,1,1,3.749686747806679e-05,0.003451921122179304
Huge_Cardiologist377,1,1,1,1,3.749686747806679e-05,0.0034519211221793033
Antique_Pin5266,1,5,1,5,3.749686747806679e-05,0.000371914335596899
Festering-Fecal,1,2,1,2,3.749686747806679e-05,0.0003665097917322631
NoamLigotti,1,2,1,2,3.749686747806679e-05,0.0002847964166184758
ryuzaki49,1,2,1,2,3.749686747806679e-05,0.00019157228345533463
jmobius,1,2,1,2,3.749686747806679e-05,0.0001772862313883211
a_trerible_writer,1,1,1,1,3.749686747806679e-05,0.00013552890153825303
sourcekill,1,1,1,1,3.749686747806679e-05,0.00013552890153825303
VibrantCanopy,1,1,1,1,3.749686747806679e-05,0.00013552890153825303
jyajay2,1,1,1,1,3.749686747806679e-05,0.00013552890153825303
cl0ckt0wer,1,1,1,1,3.749686747806679e-05,0.00013552890153825303
HelloWuWu,1,1,1,1,3.749686747806679e-05,0.00013552890153825303
BackToWorkEdward,1,1,1,1,3.749686747806679e-05,0.00013552890153825303
supahl33t,1,1,1,1,3.749686747806679e-05,0.00013552890153825303
higgs_boson_2017,1,1,1,1,3.749686747806679e-05,0.00013552890153825303
Kiailandi,1,1,1,1,3.749686747806679e-05,0.00013552890153825303
AncientActuator5457,1,1,1,1,3.749686747806679e-05,0.00013552890153825303
TankMan77450,1,1,1,1,3.749686747806679e-05,0.00013552890153825303
mouserbiped,1,1,1,1,3.749686747806679e-05,0.00013552890153825303
FloodCityHTX,1,1,1,1,3.749686747806679e-05,0.00013552890153825303
soljwf1,1,1,1,1,3.749686747806679e-05,0.00013552890153825303
ContextWorking976,1,1,1,1,3.749686747806679e-05,0.00013552890153825303
Sunglassesandwatches,1,1,1,1,3.749686747806679e-05,0.00013552890153825303
New_Interaction9511,1,1,1,1,3.749686747806679e-05,0.00013552890153825303
BooRadleyinaGimpSuit,1,1,1,1,3.749686747806679e-05,0.00013552890153825303
SeldenNeck,1,1,1,1,3.749686747806679e-05,0.00013552890153825303
Acceptable_Catch_714,1,1,1,1,3.749686747806679e-05,0.00013552890153825303
Friendly_Delivery_61,1,1,1,1,3.749686747806679e-05,0.00013552890153825303
brentsg,1,1,1,1,3.749686747806679e-05,0.00013552890153825303
Joey-Steel1917,1,1,1,1,3.749686747806679e-05,0.00013552890153825303
BoopingBurrito,1,1,1,1,3.749686747806679e-05,0.00013552890153825303
Available_Reveal8068,1,1,1,1,3.749686747806679e-05,0.00013552890153825303
RideWithRu,1,1,1,1,3.749686747806679e-05,0.00013552890153825303
exhale358,1,1,1,1,3.749686747806679e-05,0.00013552890153825303
isaac129,1,1,1,1,3.749686747806679e-05,0.00013552890153825303
More-Airport918,1,1,1,1,3.749686747806679e-05,0.00013552890153825303
Scorpian899,1,1,1,1,3.749686747806679e-05,0.00013552890153825303
BaconWithBaking,1,1,1,1,3.749686747806679e-05,0.00013552890153825303
TheBraveOne86,1,1,1,1,3.749686747806679e-05,0.00013552890153825303
JustAcivilian24,1,1,1,1,3.749686747806679e-05,0.00013552890153825303
IndyWaWa,1,1,1,1,3.749686747806679e-05,0.00013552890153825303
Crossfire124,1,1,1,1,3.749686747806679e-05,0.00013552890153825303
charliefoxtrot9,1,1,1,1,3.749686747806679e-05,0.00013552890153825303
twistober,1,1,1,1,3.749686747806679e-05,0.00013552890153825303
femboyisbestboy,1,1,1,1,3.749686747806679e-05,0.00013552890153825303
ormo2000,1,1,1,1,3.749686747806679e-05,0.00013552890153825303
NevermoreTheSF,1,1,1,1,3.749686747806679e-05,0.00013552890153825303
CrustyM,1,1,1,1,3.749686747806679e-05,0.00013552890153825303
Alphadestrious,1,1,1,1,3.749686747806679e-05,0.00013552890153825303
Minimum-Ad-5002,1,1,1,1,3.749686747806679e-05,0.00013552890153825303
Drew_Ferran,1,1,1,1,3.749686747806679e-05,0.00013552890153825303
Separate-Spot-8910,1,1,1,1,3.749686747806679e-05,0.00013552890153825303
JPaq84,1,1,1,1,3.749686747806679e-05,0.00013552890153825303
Wild_Librarian8851,1,1,1,1,3.749686747806679e-05,0.00013552890153825303
Weary_Mountain9679,1,1,1,1,3.749686747806679e-05,0.00013552890153825303
Spirit_of_Hogwash,1,1,1,1,3.749686747806679e-05,0.00013552890153825303
Kinnins0n,1,1,1,1,3.749686747806679e-05,0.00013552890153825303
cur10us_ge0rge,1,1,1,1,3.749686747806679e-05,0.00013552890153825303
BiBoFieTo,1,1,1,1,3.749686747806679e-05,0.00013552890153825303
Fake_William_Shatner,1,1,1,1,3.749686747806679e-05,0.00013552890153825303
Starstroll,1,1,1,1,3.749686747806679e-05,0.00013552890153825303
jordanosa,1,1,1,1,3.749686747806679e-05,0.00013552890153825303
oopsallhuckleberries,1,1,1,1,3.749686747806679e-05,0.00013552890153825303
Jeromz,1,1,1,1,3.749686747806679e-05,0.00013552890153825303
Forlorn_Swatchman,1,2,1,2,3.749686747806679e-05,0.00013552890153825303
Mike-Banachek,1,1,1,1,3.749686747806679e-05,0.00013552890153825303
OgreMk5,1,1,1,1,3.749686747806679e-05,0.00013552890153825303
ChiefInternetSurfer,1,1,1,1,3.749686747806679e-05,0.00013552890153825303
ChipNew9662,1,1,1,1,3.749686747806679e-05,0.00013552890153825303
Rodot,1,1,1,1,3.749686747806679e-05,0.00013552890153825303
BlazinAzn38,1,1,1,1,3.749686747806679e-05,0.00013552890153825303
whelmed-and-gruntled,1,1,1,1,3.749686747806679e-05,0.00013552890153825303
Jaripsi,1,1,1,1,3.749686747806679e-05,0.00013552890153825303
KingSilvanos,1,1,1,1,3.749686747806679e-05,0.00013552890153825303
Telope,1,1,1,1,3.749686747806679e-05,0.00013552890153825303
tacticalcraptical,1,1,1,1,3.749686747806679e-05,0.00013552890153825303
Hapachew,1,1,1,1,3.749686747806679e-05,0.00013552890153825303
Angry_123,1,1,1,1,3.749686747806679e-05,0.00013552890153825303
informal_bukkake,1,1,1,1,3.749686747806679e-05,1.6269967694698434e-05
Pestilentio,1,0,1,0,3.749686747806679e-05,0.0
lordMaroza,1,1,1,1,3.747832802419477e-05,0.0
Unfair_Today_511,2,1,2,1,3.745417198577996e-05,1.3096825309715584e-05
euph_22,2,2,2,2,3.744795416972402e-05,0.000623943575040367
Tight-Requirement-15,2,4,2,4,3.7445432195944375e-05,0.0004966260282838845
RoughCall5737,1,1,1,1,3.7417997161731344e-05,0.0
nmay-dev,1,1,1,1,3.7385699841883835e-05,0.0
DeusSapien,1,1,1,1,3.73740167626049e-05,9.299644947272e-06
UNSKIALz,1,1,1,1,3.73530092591837e-05,0.0
Big_Road4846,2,1,2,1,3.7350533350351405e-05,3.388222538456326e-05
rollingForInitiative,1,2,1,2,3.729976159638328e-05,0.002709653369025386
The_BeardedClam,1,2,1,2,3.729976159638328e-05,5.453952617936695e-06
notmyworkaccount5,3,1,3,1,3.7276774107990105e-05,0.00039176878565828086
Possible-Moment-6313,1,1,1,1,3.7250466940045356e-05,4.229117463776945e-06
jbristow,1,1,1,2,3.7250466940045356e-05,0.0
DynamicNostalgia,1,2,1,3,3.722942373351053e-05,1.165025591407038e-06
itsShady,1,1,1,1,3.715331617068237e-05,0.0
BellDry1162,1,1,1,1,3.715331617068237e-05,0.0
hellosh1tty,1,1,1,1,3.715331617068237e-05,0.0
Nevermind04,2,1,2,1,3.714839465486916e-05,0.00015252180793806787
Prize_Creme7185,2,3,2,3,3.713387661164968e-05,0.0036482626154527606
destroyerOfTards,1,1,1,1,3.7133858350389665e-05,0.0
Sufficient-Regular72,2,1,2,1,3.7085974564987956e-05,6.776445076912652e-05
ikea2000,1,2,1,2,3.7075277290415665e-05,2.7414603605006017e-05
AbysmalMoose,1,1,1,1,3.7075277290415665e-05,0.0
ghost_in_shale,1,1,1,1,3.7075277290415665e-05,0.0
diggthis,2,1,2,1,3.70616266719667e-05,0.00023781693675494633
DatDereCellTeck,1,1,1,2,3.7059181437583835e-05,0.0
rice_n_gravy,1,1,1,1,3.7059181437583835e-05,0.0
blarneygreengrass,2,1,2,1,3.7044170787247e-05,0.00020329335230737957
rcanhestro,2,1,2,1,3.7044170787247e-05,0.00012153976668827393
hehehehahahaha,2,1,2,1,3.7044170787247e-05,8.101259197222869e-05
dialsoapbox,2,7,2,7,3.697833605472264e-05,0.001005830736771633
QuitaQuites,3,3,3,3,3.6966244908965854e-05,0.00022596315222324657
great_whitehope,2,3,2,3,3.6900688229491886e-05,0.00022635409025384065
QuackersParty,1,1,1,1,3.68563372659995e-05,0.0
BigBravy,1,1,1,1,3.68563372659995e-05,0.0
Stephen_California,2,2,2,2,3.6844937373221315e-05,2.5815028864429147e-06
Insomniac1000,1,1,2,1,3.67748077589693e-05,0.0
Neuromante,1,1,1,2,3.6742876352210466e-05,0.0
CheeseNuke,1,1,1,1,3.6742876352210466e-05,0.0
Stricker1268,1,1,1,2,3.6742876352210466e-05,0.0
azure275,1,1,1,1,3.6742876352210466e-05,0.0
happydoctor631,1,1,1,1,3.6742876352210466e-05,0.0
rastaman1994,1,1,1,1,3.6742876352210466e-05,0.0
woodstock923,1,1,1,1,3.6742876352210466e-05,0.0
schizoesoteric,1,1,1,1,3.6736362459075485e-05,0.0
ParadoxSong,1,1,1,1,3.6736362459075485e-05,0.0
itshappeningreichnow,1,1,1,1,3.6719558022789176e-05,9.366762327058312e-05
PaulCoddington,1,1,1,1,3.6719558022789176e-05,6.62705396189403e-05
Particular-Way-8669,1,1,1,1,3.671373514130749e-05,0.0
omeow,2,5,2,5,3.6709600914570576e-05,0.00010584352891624386
SeeSayPwayDay,1,1,1,1,3.663447896326083e-05,0.0
BrighterSpark,1,1,1,1,3.663447896326083e-05,0.0
tomodek,1,1,1,1,3.654168240428709e-05,0.0
SHKEVE,1,1,1,1,3.65257320788425e-05,0.0
scrantonparkour,1,2,1,2,3.651223453976258e-05,3.2268786080536436e-08
Anxious_Turnover_995,1,1,1,2,3.651223453976258e-05,0.0
BurnQuest,1,1,1,1,3.651223453976258e-05,0.0
Gandalf-and-Frodo,2,4,2,4,3.64511929062895e-05,0.0006992900638373187
FrostingStrict3102,2,2,2,2,3.644320896529707e-05,0.0001046675110011592
pee-in-butt,2,1,2,1,3.637744475601115e-05,6.776445076912652e-05
azerealxd,1,4,1,4,3.628511676488866e-05,5.387367703969112e-05
SnugAsARug,1,2,1,2,3.628511676488866e-05,7.746489295164032e-06
Entire_Talk839,2,1,2,1,3.625106827314051e-05,0.0005379756977136407
Angriestanteater,3,1,3,1,3.624396148997848e-05,9.677268076582936e-05
StNic54,3,1,3,1,3.624396148997848e-05,9.218129426779651e-05
dajinn,1,1,1,1,3.62392480501773e-05,0.0
movet22,1,1,2,2,3.621989535261452e-05,0.0
retroroar86,1,2,1,2,3.619811207428897e-05,3.388222538456326e-05
Philanthrax,1,2,1,2,3.618664756716388e-05,0.0004281737264901431
ILearnedSoMuchToday,1,1,1,1,3.618664756716388e-05,0.0
Dantheman410,1,1,1,1,3.618664756716388e-05,0.0
Top-Box3546,1,1,1,1,3.618664756716388e-05,0.0
DruidElfStar,1,1,1,1,3.618664756716388e-05,0.0
Musingsandstuff,1,1,1,1,3.618664756716388e-05,0.0
MoDeDiBink,1,1,1,1,3.618664756716388e-05,0.0
Ornery-Car92,1,1,1,1,3.617791835157585e-05,0.0
cakeshop,1,1,1,1,3.6156650576644515e-05,3.3818263488499486e-05
rach2bach,1,1,1,1,3.6156650576644515e-05,1.4418813541947648e-05
Bromoblue,1,2,1,2,3.614621096750993e-05,0.00011529615894610601
DoctorGigglesss,1,2,1,2,3.614621096750993e-05,6.776445076912652e-05
tristanwhitney,1,2,2,3,3.6127736691502494e-05,0.0
big_z_0725,1,1,1,1,3.6072782250687446e-05,7.182738082533298e-05
hotboinick,2,2,3,2,3.594412143788774e-05,6.776445076912652e-05
creakyvoiceaperture,1,1,1,1,3.5937811925130554e-05,3.5388102068321623e-07
git0ffmylawnm8,1,1,1,1,3.5937811925130554e-05,0.0
WhoGaveYouALicense,1,1,1,1,3.5937811925130554e-05,0.0
Wall_Hammer,1,1,1,1,3.590719729803637e-05,2.2704402511646877e-06
Comfortable-Ad-6740,1,1,1,2,3.58955899626044e-05,0.0
larrylegend1990,1,2,1,2,3.5815777896163034e-05,7.752356320183658e-05
Pump_9,1,2,1,2,3.5815777896163034e-05,0.0
Leave_Upper,1,1,1,2,3.5815777896163034e-05,0.0
thisnamemattersalot,1,2,1,2,3.579679208981589e-05,0.0002462329086166506
RitchieRitch62,1,1,1,1,3.578792988038873e-05,3.164896910212481e-05
NotUpdated,2,5,2,5,3.576799597778389e-05,0.0023811750724282476
AwayEnvironment9223,2,1,2,1,3.5748110195903384e-05,0.00014181676449986571
scoopydidit,2,5,2,5,3.573809886746493e-05,0.000566947599389999
Adventurous_Pin6281,2,5,2,5,3.573809886746493e-05,0.000169314351842516
Bard_and_Barbell,2,1,2,1,3.573809886746493e-05,7.046600614880432e-05
cmville05,2,3,3,3,3.571716688854264e-05,0.00023741412561910938
yopla,2,1,3,1,3.567813371193347e-05,6.776445076912652e-05
xiatiandeyun01,1,1,1,1,3.5667400734149907e-05,0.0
chris782,1,1,1,2,3.5667400734149907e-05,0.0
ampworld777,1,1,1,1,3.5652582949841445e-05,0.0
HaloDezeNuts,1,1,1,1,3.565220054391377e-05,0.00020142355639390103
MrPureinstinct,1,1,1,1,3.565220054391377e-05,0.0
Beard_o_Bees,2,3,2,3,3.562731699345346e-05,0.00010992271529495954
Imaginary-Diamond-26,1,1,1,1,3.558233527620999e-05,0.0
Kooshi_Govno,1,3,1,3,3.5560263414017193e-05,0.0002545625441331288
krusnikon,1,3,1,3,3.5560263414017193e-05,0.0002127886891898129
PlasmaFarmer,1,3,1,3,3.5560263414017193e-05,0.00020699126551421512
klop2031,1,3,1,3,3.5560263414017193e-05,0.00018492123514151157
w_t_f_justhappened,1,1,1,1,3.5560263414017193e-05,0.0001503383969361796
Mediocre-Pizza-Guy,1,3,1,3,3.5560263414017193e-05,0.00013490478462831266
TwentyTwoEightyEight,1,3,1,3,3.5560263414017193e-05,9.454747348720948e-05
allllusernamestaken,1,3,1,3,3.5560263414017193e-05,7.459061713824788e-05
TurboTurtle-,1,3,2,3,3.5560263414017193e-05,7.323178748713784e-05
PlanZSmiles,1,3,1,3,3.5560263414017193e-05,7.318616933028456e-05
luckynucky123,1,3,1,3,3.5560263414017193e-05,7.233638364627048e-05
taichi22,1,3,1,3,3.5560263414017193e-05,7.160066155168974e-05
Necessary-Dog-7245,1,3,1,3,3.5560263414017193e-05,7.023616080334926e-05
Aaco0638,1,3,1,3,3.5560263414017193e-05,6.776445076912652e-05
snazztasticmatt,1,3,2,3,3.5560263414017193e-05,6.776445076912652e-05
rmtdispatcher,1,3,1,3,3.5560263414017193e-05,6.776445076912652e-05
Olympian-Warrior,1,3,1,3,3.5560263414017193e-05,6.776445076912652e-05
zipped_chip,1,3,1,3,3.552117693049143e-05,0.00015353428743657263
Ill_Occasion_3240,1,1,1,2,3.552117693049143e-05,0.0
gottatrusttheengr,1,3,1,5,3.5503143721378374e-05,5.872400849985084e-06
LittleLordFuckleroy1,1,2,1,2,3.5487041702428844e-05,0.0
Galitzianer0,1,1,1,2,3.5478487992916876e-05,0.0
Brendoshi,1,1,1,1,3.546553653001127e-05,0.0
SnooWoofers7331,1,1,1,1,3.543903991050583e-05,0.0
mrmagicnemo,1,1,1,1,3.542868119499298e-05,0.0
StartupHakk,1,2,2,4,3.5424555096597206e-05,9.90717235550196e-07
tmetler,1,2,2,3,3.5424555096597206e-05,6.293516492066333e-07
kappale,1,1,1,1,3.539562311061573e-05,0.0
hypnotickaleidoscope,1,1,1,1,3.536488731801648e-05,0.0
Moppy6686,1,2,1,2,3.5364825743331726e-05,5.863752717143087e-06
softwaredoug,2,2,2,2,3.535554288113189e-05,0.00013488264125562034
NextJuice1622,2,2,2,2,3.535554288113189e-05,7.688372076191596e-05
Illustrious_Fan_8148,2,1,2,1,3.531222235433976e-05,7.705006847487585e-05
hhhhjgtyun,2,1,2,1,3.5297267750242846e-05,0.0017017674051344616
kilopeter,2,2,2,2,3.5297267750242846e-05,0.0014447394976998774
1_H4t3_R3dd1t,2,4,2,4,3.5297267750242846e-05,0.0012252260257473021
nazerall,2,2,2,2,3.5297267750242846e-05,0.0009917706208132017
turtbot,2,1,2,1,3.5297267750242846e-05,0.0006752903401921822
PhrozenWarrior,2,1,2,1,3.5297267750242846e-05,0.0001608384163905948
seriousbangs,2,1,2,1,3.5297267750242846e-05,0.0001595095159269068
HundleyC09,2,2,2,2,3.527185729424767e-05,0.0001096092365435768
petr_bena,1,1,1,1,3.5250916864040205e-05,0.00013418610607859397
shirefriendship,2,2,2,2,3.522948366022227e-05,9.287319791102022e-05
Living-Rip-4333,3,1,3,1,3.521114887196686e-05,0.0001163667568329153
Just-Seaworthiness39,2,1,2,1,3.5153102822248925e-05,0.0006730625348334044
donadd,1,1,1,1,3.5130384968202726e-05,4.351996749571617e-05
Journeys_End71,1,1,1,1,3.5130384968202726e-05,2.3824027615831243e-05
Velocityg4,2,2,2,2,3.511826774825748e-05,0.00032758458049932896
Quasi-Kaiju,3,1,3,1,3.51128655262309e-05,0.0012823550888102202
Fluffyman2715,1,2,1,3,3.5101685607778166e-05,0.0
richardelmore,2,1,2,1,3.501693762763385e-05,0.00014330367127603585
gastro_psychic,1,1,1,1,3.498950560723273e-05,2.986869373530578e-06
Ok-Energy-9785,1,2,1,2,3.498656809306467e-05,6.375340113267079e-06
Minion-Lover67,1,1,1,1,3.4981310599559916e-05,0.00033837049084050507
LowestKey,1,1,2,2,3.4968066448042647e-05,0.0
BrainyRN,1,1,1,1,3.4911575561939016e-05,2.98559126015486e-05
Busy_Ordinary8456,1,1,1,1,3.485310038748164e-05,0.0006137388632115518
is-this-now,1,1,1,1,3.485310038748164e-05,9.769544697099448e-05
isjhe,2,1,2,1,3.484457299520859e-05,3.0364262623263183e-05
thirstyman12,2,2,2,2,3.4714200475921325e-05,5.4979586010172784e-05
_kilobytes,1,1,1,1,3.471394204887125e-05,8.071885147171452e-07
Torodong,1,1,1,1,3.467589280091949e-05,0.0
BasvanS,2,3,2,3,3.4674534485651756e-05,0.00027090119330682203
pickleback11,1,2,1,2,3.46533966283749e-05,8.808632519499987e-05
Miamiconnectionexo,2,13,2,20,3.459597158331801e-05,0.010742800761896295
boot2skull,2,4,2,4,3.459597158331801e-05,0.000356540478259844
idebugthusiexist,2,1,2,1,3.459597158331801e-05,0.00010164667615368978
That_Individual1,1,6,1,7,3.459011569910708e-05,0.0001485313701336645
thekau,1,1,1,1,3.459011569910708e-05,2.5556654079512063e-05
Simple-Reporter9102,1,1,1,1,3.454811677925821e-05,0.00029697483920109683
kokorean-mafia,2,1,2,1,3.454460922203205e-05,9.039503724135313e-05
Gardium90,1,4,1,4,3.447627586775419e-05,0.00018791499934517282
Exostrike,1,2,1,2,3.4455552424001794e-05,0.0006063567540167907
sheikhyerbouti,1,1,1,1,3.444836963779199e-05,9.981892379939925e-06
Mister_Batta,1,1,1,1,3.444836963779199e-05,3.6198841528515578e-06
Candidwisc,1,2,1,2,3.441819104992623e-05,5.443006385831419e-05
McBoobenstein,4,2,4,2,3.4416476608710564e-05,0.00039401906107688553
JustGeologist7272,1,1,1,1,3.433477473309282e-05,0.0
themangastand,1,2,1,2,3.4333089325939174e-05,8.31796294401168e-06
No_Loquat_183,1,2,1,2,3.4328183212809955e-05,2.6728103214237415e-06
WorstPapaGamer,2,2,2,2,3.430671772724899e-05,6.834935022179165e-05
eh_steve_420,1,2,1,2,3.430427822283646e-05,8.53330120796408e-07
GogglesVK,1,1,1,2,3.4285998519210866e-05,0.0
Routine-Education572,2,2,2,2,3.428005410299592e-05,0.0001590577358108089
another_dudeman,1,1,1,1,3.420551125574784e-05,0.0
Hackwork89,1,2,1,2,3.418578674538935e-05,0.00023810594656933006
Redthrist,1,1,1,1,3.418578674538935e-05,0.0
Fornici0,1,1,1,1,3.4161330981832694e-05,2.833346103262726e-05
sleepnaught88,1,1,1,1,3.415845082008352e-05,8.077469409587344e-06
ShogunFirebeard,2,1,2,1,3.409920103968914e-05,2.5411669038422443e-07
Dirkdeking,1,2,1,2,3.4079880587973223e-05,0.0001573359237948412
This_Wolverine4691,2,2,2,2,3.402198225779563e-05,0.00030755952972772637
throwitawaybruh2,1,1,1,1,3.39370466575453e-05,0.0
HerroCorumbia,1,1,1,1,3.393162104694412e-05,0.0
DemonicBarbequee,1,1,1,1,3.391682063713636e-05,0.0
Bot12391,1,1,1,1,3.391682063713636e-05,0.0
availablelol,1,1,1,1,3.381756966715071e-05,0.0
karthiq,2,1,2,1,3.3792074325202545e-05,6.77316538602708e-05
Ok_Telephone4183,1,1,1,1,3.376221393377028e-05,0.00014713993285470948
Space-Robot,1,1,1,1,3.376221393377028e-05,0.00014713993285470948
joonazan,1,1,1,2,3.376221393377028e-05,0.0
ElderberryNo6893,1,1,1,1,3.376221393377028e-05,0.0
Nnt52,1,1,1,2,3.376221393377028e-05,0.0
SpiritRaccoon1993,1,1,1,1,3.376221393377028e-05,0.0
r2cyp,1,1,1,1,3.3749051922143016e-05,0.00035341058820885626
Pantsdontexist,1,1,1,1,3.3749051922143016e-05,2.02459923533736e-05
TheGameIsFizzbin,2,1,2,1,3.3715786385173605e-05,4.775586282471594e-05
Nusack,1,2,2,3,3.3714636006123875e-05,0.0
evinrows,1,1,1,1,3.361993298176742e-05,0.0
XenOmega,1,1,1,1,3.361993298176742e-05,0.0
Current-Purpose-6106,1,1,1,2,3.361993298176742e-05,0.0
zstewie,1,1,1,1,3.361993298176742e-05,0.0
poopoomergency4,1,1,1,2,3.359132623852247e-05,0.0
Sibs,1,1,1,1,3.358041363727871e-05,1.0362318484900099e-06
CARRYONLUGGAGE,1,1,1,1,3.358041363727871e-05,0.0
Legote,1,2,1,2,3.356721414139357e-05,4.2746261020278234e-05
lurgi,1,1,1,1,3.3529899129730004e-05,0.0
DawnSignals,2,1,2,1,3.351183694512925e-05,0.0007784296798207384
CompetitiveSal,1,1,1,1,3.349805278121337e-05,0.0
RepulsiveFish,1,1,1,1,3.346258799115074e-05,8.950852259241613e-05
MountainBluebird5,1,1,1,1,3.346258799115074e-05,1.0033359731807927e-05
Lead103,1,1,1,1,3.346258799115074e-05,0.0
Equivalent_Target_94,1,1,1,1,3.345598252159098e-05,0.0
Krigrim,2,2,2,2,3.342260725552361e-05,0.0001248136394345344
TraditionalClick992,1,2,1,2,3.340795151776088e-05,0.0
waozen,1,1,1,1,3.336681543518786e-05,0.0
HertzaHaeon,2,1,2,1,3.333576224906789e-05,0.00011780335420511958
Leather-Rice5025,2,3,2,3,3.333135029390721e-05,0.00010814238666725493
Diligent_Guess6960,2,1,2,1,3.332008338225282e-05,0.00011819125141200235
Ibaneztwink,2,1,2,1,3.330233648604297e-05,6.518500135088874e-05
UnderstandingTotal93,1,1,1,1,3.327660447959985e-05,0.0
themegainferno,2,4,2,4,3.326939042947446e-05,3.260145783997392e-05
TheRealSooMSooM,1,1,1,1,3.3249487711091706e-05,0.00018747674948723435
NoIdeaWhatToD0,1,1,1,1,3.3249487711091706e-05,1.6388284047552606e-05
floydbomb,1,1,1,1,3.3249487711091706e-05,0.0
imtheQWOP,1,1,1,1,3.3249487711091706e-05,0.0
Gohanto,1,1,1,1,3.3249487711091706e-05,0.0
Hibbity5,2,2,2,2,3.3242845411538414e-05,0.00021059139731072476
outphase84,1,2,1,2,3.3237820721627073e-05,3.877237851105338e-05
buffer0x7CD,1,2,1,2,3.3237820721627073e-05,2.143542572957296e-06
eating_your_syrup,2,1,2,1,3.32316425142196e-05,0.0014605023422504793
PeckerTraxx,2,1,2,1,3.32316425142196e-05,0.00025042717701610756
caligaris_cabinet,1,1,1,1,3.320698157968159e-05,0.0
lanalizzy,1,2,2,2,3.319907528450789e-05,2.5207378554236807e-05
Zardotab,2,3,2,3,3.317943284533015e-05,0.00022696173259344394
NationalOperations,1,2,1,2,3.3159917570622645e-05,9.567613632004865e-06
fiddle_n,1,1,1,1,3.3159917570622645e-05,0.0
casey-primozic,1,1,1,1,3.3159917570622645e-05,0.0
Sonofbluekane,2,1,2,1,3.3145523635943615e-05,0.0037020995058733397
Shark7996,2,1,2,1,3.3145523635943615e-05,0.0033846084344153027
nacholicious,2,4,2,4,3.3145523635943615e-05,0.0017323879753757328
Level-Courage6773,2,2,2,2,3.3145523635943615e-05,0.0013577859087219716
Damonfalk,2,1,2,1,3.3145523635943615e-05,0.0005581597736356366
IfdAbird,2,1,2,1,3.3145523635943615e-05,0.0002685663943007048
notsofreshgradFIRE,2,1,2,1,3.3145523635943615e-05,0.00022519188184938157
r0_0nery,2,1,2,1,3.3145523635943615e-05,0.0001694111269228163
mynameizmyname,2,1,2,1,3.3145523635943615e-05,0.00013910178953887027
YouKnowYourCrazy,2,1,2,1,3.3145523635943615e-05,0.00013662803025970318
PartyClock,2,1,2,1,3.3145523635943615e-05,0.00013552890153825303
Therianthropie,2,2,2,2,3.3145523635943615e-05,0.00013424440149598687
Billyjamesjeff,2,1,2,1,3.3145523635943615e-05,0.00013108185945652907
fungi_at_parties,2,1,2,1,3.3145523635943615e-05,0.00012996739284609437
GeneralZex,2,1,2,1,3.3145523635943615e-05,0.00011677400899555069
ShadowBannedAugustus,2,1,2,1,3.3145523635943615e-05,0.00011640717437089702
Momik,2,2,2,2,3.3145523635943615e-05,0.00010812368850132599
beamdriver,2,1,3,1,3.3145523635943615e-05,0.00010684265742639844
nyannekosugargirls,2,1,2,1,3.3145523635943615e-05,0.00010200409475865944
stefeyboy,2,1,2,1,3.3145523635943615e-05,9.76500106426656e-05
VanillaSkyDreamer,2,1,2,1,3.3145523635943615e-05,9.683852129103417e-05
Ok_Gazelle5994,2,2,2,2,3.3145523635943615e-05,8.962036576581871e-05
CompetitiveSport1,2,2,2,2,3.3145523635943615e-05,8.65875740768919e-05
ovirt001,2,2,2,2,3.3145523635943615e-05,8.498219160855836e-05
peplo1214,2,1,2,1,3.3145523635943615e-05,8.47843441964001e-05
BamBam-BamBam,2,1,2,1,3.3145523635943615e-05,7.595494678853794e-05
Butters5768,2,1,2,1,3.3145523635943615e-05,7.464275361589906e-05
Jops817,2,1,2,1,3.3145523635943615e-05,7.407422066676043e-05
TrapHouse9999,2,1,2,1,3.3145523635943615e-05,7.334406403698032e-05
Candid_Bad3551,2,2,2,2,3.3145523635943615e-05,7.175487717898786e-05
SurturOfMuspelheim,2,1,2,1,3.3145523635943615e-05,6.954343057548315e-05
5ean,2,1,2,1,3.3145523635943615e-05,6.910927786480154e-05
AnbuBees,2,1,2,1,3.3145523635943615e-05,6.843028897926942e-05
GloomyCardiologist16,2,1,2,1,3.3145523635943615e-05,6.80941026200903e-05
psydelicdaydreamer,2,1,2,2,3.3145523635943615e-05,6.776445076912652e-05
EnvironmentalSide174,2,1,2,1,3.3145523635943615e-05,6.776445076912652e-05
riotous_jocundity,2,1,2,1,3.3145523635943615e-05,6.776445076912652e-05
PeliPal,2,1,2,1,3.3145523635943615e-05,6.776445076912652e-05
Mastersord,2,1,2,1,3.3145523635943615e-05,6.776445076912652e-05
SolidDeveloper,1,3,1,3,3.3111153884610094e-05,6.605373725238296e-05
SubstantialEqual8178,1,1,1,1,3.3111153884610094e-05,3.143570366072172e-05
CrazyPirranhha,1,1,1,1,3.3111153884610094e-05,1.5310709792417303e-05
mintardent,1,2,1,2,3.3111153884610094e-05,5.76457148177641e-06
PossibleAd4464,1,1,1,1,3.3111153884610094e-05,0.0
trustifarian,1,1,1,1,3.3108491859711186e-05,2.4112279216381944e-05
george-silva,1,1,1,1,3.30953076710062e-05,7.134221674005887e-06
easy_c0mpany80,1,1,1,1,3.30953076710062e-05,0.0
HoldenCaulfieldsIUD,1,2,1,2,3.304519861288331e-05,9.193181585944345e-07
SprinklesFresh5693,1,3,1,3,3.299783999869329e-05,0.0011224636775675134
Philluminati,1,2,1,2,3.297773490146182e-05,0.00013396633302640022
pyordie,1,1,1,1,3.2975706758774364e-05,4.6675332302492295e-06
polytique,1,4,1,4,3.2958303055286234e-05,0.004307375170923685
NeoMarethyu,1,1,1,1,3.294167522450442e-05,2.2802641153254426e-05
Candid_Cat_5921,1,4,1,4,3.2923251856254435e-05,0.001166004184324998
AoeDreaMEr,1,4,1,4,3.2923251856254435e-05,0.00028547733646174363
HotspurJr,1,1,1,1,3.290682218631969e-05,1.5938312801353645e-05
bruceli1992,1,1,1,1,3.283780842703662e-05,3.670135161768803e-05
marioandl_,1,1,1,1,3.283780842703662e-05,2.7930908564741202e-05
persimmon40,2,2,2,3,3.283280240328978e-05,2.5902776112310927e-05
CoupleSpecialist9895,2,1,2,1,3.283280240328978e-05,1.8948124921760565e-06
jake_morrison,1,1,1,1,3.2823585729177895e-05,0.0001353783138698772
vision0709,1,1,1,1,3.279677684511753e-05,0.00027097719818728835
Planterizer,1,1,1,1,3.279677684511753e-05,4.050347251878729e-05
randofreak,2,1,2,1,3.2780687865853525e-05,2.0747420638827934e-05
bumlove,1,2,1,2,3.2735729326996275e-05,8.687841523783811e-05
Upper-Reflection7997,1,1,1,1,3.2735729326996275e-05,6.225164120742371e-06
TheLostcause,1,1,1,1,3.2735729326996275e-05,0.0
docgravel,1,1,1,1,3.2735729326996275e-05,0.0
FlamboyantPirhanna,2,1,2,1,3.2708383415739587e-05,7.542447260336247e-05
Ghawblin,1,2,1,2,3.270098007656526e-05,7.0787026307293e-05
IsEqualToKel,2,1,2,1,3.268414066945698e-05,9.017539418208458e-05
OneWin6844,2,1,2,1,3.268414066945697e-05,7.155186915639581e-05
theTbling,1,1,1,1,3.2676062098749554e-05,0.0
Hungry-Compote-2306,1,1,1,1,3.2676062098749554e-05,0.0
cats_catz_kats_katz,1,1,1,1,3.265573209376753e-05,9.449376190583754e-07
scam_likely_6969,1,2,2,2,3.261358963815698e-05,2.9299122433994315e-07
Walk_The_Stars,1,1,1,1,3.260890924962852e-05,0.003451921122179304
pirozhki22,1,2,1,2,3.260890924962852e-05,0.00015588994222526896
MCPtz,1,1,1,1,3.260890924962852e-05,0.00013552890153825303
Mad-chuska,1,1,1,1,3.260890924962852e-05,0.00013552890153825303
schmidtssss,1,1,1,1,3.260890924962852e-05,0.00013552890153825303
Lurkario-,1,1,1,1,3.260890924962852e-05,0.00013552890153825303
Finest_Johnson,1,1,1,1,3.260890924962852e-05,0.00013552890153825303
Valhadmar,1,1,1,1,3.260890924962852e-05,0.00013552890153825303
johnnycyberpunk,1,1,1,1,3.260890924962852e-05,0.00013552890153825303
Tiny_Ride6418,1,1,1,1,3.260890924962852e-05,0.00013552890153825303
marsumane,1,1,1,1,3.260890924962852e-05,0.00013552890153825303
Aranthos-Faroth,1,1,1,1,3.260890924962852e-05,0.00013552890153825303
TunaMarie16,1,1,1,1,3.260890924962852e-05,0.00013552890153825303
sketchproposals,1,1,1,1,3.260890924962852e-05,0.00013552890153825303
sean_hash,1,1,1,1,3.260890924962852e-05,0.00013552890153825303
Mediocre_Half6591,1,1,1,1,3.260890924962852e-05,0.00013552890153825303
fts_now,1,1,1,2,3.260890924962852e-05,0.0
maxamillion17,1,1,1,1,3.260890924962852e-05,0.0
kodbuse,1,1,1,1,3.260890924962852e-05,0.0
Extra-Place-8386,1,1,1,1,3.260890924962852e-05,0.0
Mackey780,1,1,1,2,3.260890924962852e-05,0.0
Frigorific,1,1,1,1,3.260890924962852e-05,0.0
Significant_Ad_6731,1,1,1,2,3.260890924962852e-05,0.0
TonguePunchMyPoopBox,1,1,1,1,3.260890924962852e-05,0.0
ParadiceSC2,1,1,1,1,3.260890924962852e-05,0.0
Sad_Option4087,1,1,1,1,3.260890924962852e-05,0.0
ta44813476,1,1,1,2,3.260890924962852e-05,0.0
neverminditthen,1,1,1,1,3.260890924962852e-05,0.0
Sad_Quote1522,1,1,1,1,3.260890924962852e-05,0.0
Amerikaner,1,1,1,1,3.260890924962852e-05,0.0
PraytheRosary,1,1,1,1,3.260890924962852e-05,0.0
tuxedoes,1,1,1,1,3.260890924962852e-05,0.0
finn-the-rabbit,1,1,1,1,3.260890924962852e-05,0.0
Critical-Profile1849,1,1,1,1,3.260890924962852e-05,0.0
toni_btrain,1,1,1,1,3.260890924962852e-05,0.0
rcpian,1,1,1,1,3.260890924962852e-05,0.0
SeDaCho,1,1,1,1,3.260890924962852e-05,0.0
Mikic00,1,1,1,1,3.260890924962852e-05,0.0
ButterscotchAward,1,1,1,1,3.260890924962852e-05,0.0
dean15892,1,1,1,1,3.260890924962852e-05,0.0
Soft-Sherbert-2586,1,1,1,1,3.260890924962852e-05,0.0
haleocentric,1,1,1,1,3.260890924962852e-05,0.0
MissCarbon,1,1,1,1,3.260890924962852e-05,0.0
zebivllihc,1,1,1,2,3.260890924962852e-05,0.0
LeopardOk605,1,1,1,1,3.260890924962852e-05,0.0
cheerfultinker4,1,1,1,1,3.260890924962852e-05,0.0
evilyncastleofdoom13,1,1,1,1,3.260890924962852e-05,0.0
TheNetworkIsFrelled,1,1,1,1,3.260890924962852e-05,0.0
beyondplutola,1,1,1,1,3.260890924962852e-05,0.0
Central09er,1,1,1,1,3.260890924962852e-05,0.0
1337_Spartan,1,1,1,1,3.260890924962852e-05,0.0
Maximum-Side568,1,1,1,2,3.260890924962852e-05,0.0
ConstantHeadache2020,1,1,1,1,3.260890924962852e-05,0.0
Beneficial_Aside_518,1,1,1,1,3.260890924962852e-05,0.0
No_Lifeguard747,1,1,1,1,3.260890924962852e-05,0.0
FewAct2027,1,1,1,1,3.260890924962852e-05,0.0
memyselfandi_online,1,1,1,2,3.260890924962852e-05,0.0
2hundred31,1,1,1,1,3.260890924962852e-05,0.0
fatconk,1,1,1,1,3.260890924962852e-05,0.0
procrastin8-or,1,1,1,1,3.260890924962852e-05,0.0
GlobalSmobal,1,1,1,1,3.260890924962852e-05,0.0
Jaybetav2,1,1,1,1,3.260890924962852e-05,0.0
AckwardNinja,1,1,1,1,3.260890924962852e-05,0.0
Whydowesuffer,1,1,1,1,3.260890924962852e-05,0.0
l_ydcat,1,1,1,1,3.260890924962852e-05,0.0
LowSkyOrbit,1,1,1,1,3.260890924962852e-05,0.0
lolallsmiles,1,1,1,1,3.260890924962852e-05,0.0
chivescast,1,1,1,1,3.260890924962852e-05,0.0
_onelast,1,1,1,1,3.260890924962852e-05,0.0
Many-Cardiologist365,1,1,1,1,3.260890924962852e-05,0.0
Rymanjan,1,1,1,1,3.260890924962852e-05,0.0
DrDetectiveEsq,1,1,1,1,3.260890924962852e-05,0.0
outofdate70shouse,1,1,1,1,3.260890924962852e-05,0.0
krum,1,1,1,1,3.260890924962852e-05,0.0
saynay,1,1,1,1,3.260890924962852e-05,0.0
Ruthlessrabbd,1,1,1,1,3.260890924962852e-05,0.0
ke3408,1,1,1,1,3.260890924962852e-05,0.0
zzyzx2,1,1,1,1,3.260890924962852e-05,0.0
heretogetpwned,1,1,1,1,3.260890924962852e-05,0.0
Kevin-W,1,1,1,1,3.260890924962852e-05,0.0
ineedascreenname,1,1,1,1,3.260890924962852e-05,0.0
ebrbrbr,1,1,1,1,3.260890924962852e-05,0.0
dragery,1,1,1,1,3.260890924962852e-05,0.0
chalbersma,1,1,1,1,3.260890924962852e-05,0.0
Neilleti2,1,1,1,1,3.260890924962852e-05,0.0
E00000B6FAF25838,1,1,1,1,3.260890924962852e-05,0.0
Team-_-dank,1,1,1,1,3.260890924962852e-05,0.0
ShinkenBrown,1,1,1,1,3.260890924962852e-05,0.0
ristoman,1,1,1,1,3.260890924962852e-05,0.0
SonOfProbert,1,1,1,1,3.260890924962852e-05,0.0
runningraider13,1,1,1,1,3.260890924962852e-05,0.0
MaxYoung,1,1,1,1,3.260890924962852e-05,0.0
stewsters,1,1,1,1,3.260890924962852e-05,0.0
Avaisraging439,1,1,1,1,3.260890924962852e-05,0.0
ilikedmatrixiv,1,1,1,1,3.260890924962852e-05,0.0
typewriter6986,1,1,1,1,3.260890924962852e-05,0.0
kosh56,1,1,1,1,3.260890924962852e-05,0.0
WilliamMButtlickerIV,1,1,1,1,3.260890924962852e-05,0.0
pineapple6069,1,1,1,1,3.260890924962852e-05,0.0
Throwaway_Consoles,1,1,1,1,3.260890924962852e-05,0.0
DevilsDoorbellRinger,1,1,1,1,3.260890924962852e-05,0.0
Mind_on_Idle,1,1,1,1,3.260890924962852e-05,0.0
fuzzum111,1,1,1,1,3.260890924962852e-05,0.0
Internal_Trust9066,1,1,1,1,3.260890924962852e-05,0.0
Pretend-Marsupial258,1,1,1,1,3.260890924962852e-05,0.0
IllllIIlIllIllllIIIl,1,1,1,1,3.260890924962852e-05,0.0
AwardImmediate720,1,1,1,1,3.260890924962852e-05,0.0
requion,1,1,1,1,3.260890924962852e-05,0.0
lanedr,1,1,1,1,3.260890924962852e-05,0.0
MuteClown,1,1,1,1,3.260890924962852e-05,0.0
TripleDoubleNoAssist,1,1,1,1,3.260890924962852e-05,0.0
GrotesquelyObese,1,1,1,1,3.260890924962852e-05,0.0
lesslucid,1,1,1,1,3.260890924962852e-05,0.0
neraut322,1,1,1,1,3.260890924962852e-05,0.0
RajahDLajah,1,1,1,1,3.260890924962852e-05,0.0
Swimming_Cry_6841,1,1,1,2,3.260890924962852e-05,0.0
freddytheyeti,1,1,1,1,3.260890924962852e-05,0.0
SonOfMetrum,1,1,1,2,3.260890924962852e-05,0.0
Unique_Economics4015,1,1,1,2,3.260890924962852e-05,0.0
pepolepop,1,1,1,2,3.260890924962852e-05,0.0
wolfonwheels554,1,1,1,1,3.260890924962852e-05,0.0
zer1223,1,1,1,1,3.260890924962852e-05,0.0
avesthasnosleeves,1,1,1,1,3.259498899083052e-05,0.0
Tolfasn,1,1,1,1,3.2531954529444964e-05,0.00015137605075078912
Brilliant-Claim3467,1,0,1,0,3.251018150619087e-05,0.0
ConfidentCollege5653,2,4,2,4,3.244918773081237e-05,0.0002035992234652511
Kerlyle,1,2,1,2,3.242954288597559e-05,0.0005609933838585285
cazzipropri,1,2,1,2,3.242954288597559e-05,0.00011343278030567754
starlauncher,1,1,1,1,3.242954288597559e-05,2.0479740645557693e-05
Green-Amount2479,1,1,1,1,3.242954288597559e-05,0.0
fivetoedslothbear,1,1,1,1,3.242508212540718e-05,0.0
communalbong,1,1,1,1,3.241403233071595e-05,0.0
zombawombacomba,1,2,1,2,3.231100574774885e-05,2.0929346671384073e-05
AES256GCM,2,3,2,3,3.228540537424378e-05,0.000592151682286066
krileon,2,1,2,1,3.228203416678758e-05,6.968285423425357e-05
Kooper16,2,1,2,1,3.224737931471401e-05,0.0
apolitical_leftist,2,1,2,1,3.2233449028793736e-05,1.8450306202605526e-05
pdxjoseph,1,1,1,1,3.223330963366143e-05,3.220136771291803e-05
Schedule_Left,1,1,1,1,3.223004956037625e-05,1.4337165455876813e-06
Caracalla81,2,2,2,2,3.2222757702970344e-05,0.0010816934683354773
whereismymind86,1,2,1,2,3.2222757702970344e-05,0.0004404568687787475
musecorn,1,2,1,2,3.2222757702970344e-05,0.00023587861611656135
CatnissEvergreed,2,2,2,2,3.2222757702970344e-05,0.00022957352851800804
edophx,2,1,2,1,3.2222757702970344e-05,9.487945429137837e-05
Jazzlike-Swim6838,1,1,1,1,3.2222757702970344e-05,9.065666651340032e-05
yes_but_not_that,1,1,1,1,3.2222757702970344e-05,8.863123035833279e-05
dnthoughts,1,1,1,1,3.2222757702970344e-05,8.651934331182904e-05
ujiuxle,1,2,1,2,3.2222757702970344e-05,6.331293404956293e-05
mangeek,1,1,1,1,3.2222757702970344e-05,6.016330987265355e-05
drdeadringer,1,2,1,2,3.2222757702970344e-05,5.965767848564e-05
CarcosanAnarchist,1,1,1,1,3.2222757702970344e-05,4.900750713074957e-05
ilikebourbon_,1,1,1,1,3.2222757702970344e-05,3.811807539779392e-05
Berns429,1,1,1,1,3.2222757702970344e-05,3.778512497877931e-05
Apterygiformes,1,1,1,1,3.2222757702970344e-05,3.388222538456326e-05
balalasaurus,1,1,1,1,3.2222757702970344e-05,3.388222538456326e-05
Fr00stee,2,1,2,1,3.2222757702970344e-05,3.3420817556769695e-05
trainiac12,1,1,1,1,3.2222757702970344e-05,1.737890514664e-05
OldManCragger,1,1,1,1,3.2222757702970344e-05,9.102450561128295e-06
FormlessFlesh,1,1,1,1,3.2222757702970344e-05,8.233069975790418e-06
Stepup2themike,1,1,1,1,3.2222757702970344e-05,4.437123567028019e-06
SunInTheShade,1,1,1,1,3.2222757702970344e-05,4.046346603551094e-06
thelangosta,1,1,1,1,3.2222757702970344e-05,4.0344946152359583e-07
frankster,1,1,1,1,3.2222757702970344e-05,2.492795360786225e-07
likwidkool,1,1,1,1,3.22076016249898e-05,0.0
iKR8,1,1,1,1,3.220421824909832e-05,6.52546562961959e-07
DorfusMalorfus,2,1,2,1,3.2198829896207974e-05,0.0017066040968015965
sleepymoose88,1,1,1,2,3.218929763207739e-05,0.0
TreefingerX,1,1,1,2,3.212246663987766e-05,0.0
Smooth_Elderberry555,2,2,2,3,3.210923041078175e-05,3.334537946762765e-05
vinsan552,1,1,1,1,3.2064144971707006e-05,1.6678935700417032e-05
angelicosphosphoros,1,1,1,1,3.196365455121113e-05,6.312970882005964e-05
NoSpinach4025,1,3,1,3,3.191994679439361e-05,0.00017753969159435334
siero20,2,1,2,1,3.1915169058645916e-05,8.97214904798308e-05
Gertie7779,1,1,1,1,3.1901932982439405e-05,0.00016790889313230607
doktorhladnjak,2,5,2,5,3.185766351337249e-05,0.0005796627817919327
say592,2,2,2,2,3.183569396152195e-05,4.863997244393051e-05
PLEASE_PUNCH_MY_FACE,1,1,1,1,3.183410297533153e-05,0.00013217434497129972
zack77070,1,2,1,2,3.179647196213314e-05,0.0022029689818914458
AndyKJMehta,1,2,1,2,3.179647196213314e-05,0.0004241251353394889
Doobieboy420,1,1,1,1,3.179647196213314e-05,0.00013507713853312553
defenestrated_badger,1,2,1,2,3.179647196213314e-05,5.3754696520995395e-05
MakotoBIST,1,2,1,2,3.179647196213314e-05,2.9430335834327583e-05
Swampbrewja,1,2,1,2,3.179647196213314e-05,7.923357736912369e-06
sporadicprocess,1,2,1,2,3.179647196213314e-05,1.3158965645386007e-06
Scared_Astronaut9377,1,2,1,2,3.179647196213314e-05,0.0
Ganglebot,1,2,1,2,3.179647196213314e-05,0.0
PompeiiSketches,1,1,1,1,3.176004933503688e-05,9.098642759137276e-06
Sabarishv95,1,1,1,1,3.172872339753468e-05,6.264612485389066e-06
Still-Television-688,1,2,1,2,3.172015326098303e-05,1.1879313566648391e-05
synaesthesisx,1,1,1,1,3.164688239467415e-05,6.647451419424043e-07
Unusual-Context8482,2,1,2,1,3.1577485342263516e-05,0.0007366737026526482
razorree,1,5,2,5,3.152359248614023e-05,0.00020568957858041007
Altruistic_Place9932,2,1,2,1,3.150789741612325e-05,5.047885346168514e-05
JustinDielmann,1,1,1,1,3.148729149005703e-05,4.928726075021552e-06
CalligrapherDry4065,1,1,1,1,3.145234935980417e-05,0.0
Yumismash,1,1,1,1,3.144701536575089e-05,0.0
LastBlastInYrAss,1,1,1,1,3.144701536575089e-05,0.0
KC_LEAKS,2,1,2,1,3.13600615444988e-05,6.257694279155741e-05
stardust_dog,1,1,1,1,3.132320810062167e-05,0.0
Blue-Phoenix23,1,3,1,3,3.132320810062167e-05,0.0
sailingittakesmeaway,1,1,1,2,3.132320810062167e-05,0.0
Fluid-Routine-8838,1,1,1,2,3.132320810062167e-05,0.0
East-Ad7653,1,1,1,1,3.132320810062167e-05,0.0
7952,1,1,1,1,3.130063725405086e-05,1.8447170226700128e-05
MisterMittens64,1,1,1,1,3.1299991769997066e-05,0.0035778015953031495
Fiss,1,1,1,1,3.1299991769997066e-05,0.0002557413938350644
aderey7,1,3,1,3,3.1299991769997066e-05,0.00023215446096001486
tango_and_vash,1,1,1,1,3.1299991769997066e-05,0.00017163742892209346
Leading-Eye-1979,1,1,1,1,3.1299991769997066e-05,9.427571098819229e-05
coolshoeshine,1,1,1,1,3.1299991769997066e-05,7.074358943124737e-05
ExZowieAgent,1,1,1,1,3.1299991769997066e-05,3.228600449846584e-05
Excellent-Draft-5516,1,1,1,1,3.129519982229329e-05,0.0001028621959979301
christrogon,2,1,2,1,3.128870200777856e-05,8.49627954270899e-05
StopElectingWealthy,1,1,1,1,3.127652753313834e-05,0.0
IdahoDuncan,1,1,1,1,3.122676090795116e-05,0.0
emptybriefcase1,1,1,1,1,3.1215869064028375e-05,6.290398035795209e-05
Senpaithetical,1,1,1,1,3.1215869064028375e-05,4.048797088619523e-05
isospeedrix,1,5,1,5,3.121027176854783e-05,0.0005649519367894573
FineAunts,1,1,1,1,3.121027176854783e-05,1.1815934276315427e-05
sandwichman7896,2,1,2,1,3.120918585067294e-05,3.450587380347534e-06
PeterGibbonsPGP,1,1,1,1,3.11989669232415e-05,0.0
Which-Barnacle-2740,2,2,2,2,3.1189441667481385e-05,2.3043443331340252e-05
ItzChiips,2,3,2,3,3.118108787707224e-05,6.307341674320273e-05
ProjectGenX,1,1,1,1,3.116450221257398e-05,0.00022851964927169882
Elctsuptb,1,2,2,3,3.114677579982607e-05,2.3581739181172694e-07
Ball_Of_Meat,1,1,1,1,3.111498407875351e-05,2.583826833412292e-05
RaiseCertain8916,1,1,1,1,3.1080556439327714e-05,0.0
trojans10,1,1,1,1,3.1080556439327714e-05,0.0
Spaghettiisgoddog,2,1,2,1,3.1079898399920373e-05,0.0002821153730769772
Emotional-Expert-142,2,1,2,1,3.1079898399920373e-05,0.00019273856926511272
codeisprose,2,3,2,3,3.1079898399920373e-05,0.00018199532374145992
OwO______OwO,2,1,2,1,3.1079898399920373e-05,0.00017227547324670907
_Crawfish_,2,2,2,2,3.1079898399920373e-05,9.695310685828853e-05
FaithlessnessThick29,3,1,3,1,3.1079898399920373e-05,7.748148341985546e-05
Back_pain_no_gain,2,1,2,1,3.1079898399920373e-05,7.53247231302843e-05
Dry-Conversation-570,2,1,2,1,3.1079898399920373e-05,7.098676662456297e-05
tacobellbandit,1,1,1,1,3.103571579722129e-05,5.961213365823353e-05
Dusty-Staccato,1,1,1,1,3.103571579722129e-05,8.366489511031084e-06
JuiceChance,1,3,1,3,3.103206854587712e-05,0.00023247597443116488
Turbulent_Idea7328,1,1,1,1,3.103206854587712e-05,1.951365202703551e-06
lichlark,1,1,1,1,3.098242026428696e-05,1.0211278084151977e-06
Liimbo,1,1,1,1,3.098242026428696e-05,0.0
Turbulent_Cranberry6,1,1,1,1,3.095474568495912e-05,0.0
Sensitive_Ruin_5334,2,1,2,1,3.092716210618066e-05,6.631151004371632e-05
HedgeMoney,1,1,1,1,3.0896722207329446e-05,0.00015773681793197948
daringStumbles,1,1,2,3,3.089413615250162e-05,0.0
DramaticErraticism,2,5,2,6,3.0889098856918225e-05,0.00043694570474063266
captandor,1,1,1,1,3.088202366009284e-05,1.690346577518767e-06
dasnoob,1,1,1,1,3.083788715499859e-05,0.0
Hopeful_Drama_3850,1,1,1,1,3.0828594859252206e-05,0.0
-GenghisJohn-,1,1,1,1,3.082209536108739e-05,0.0
maz20,1,5,2,7,3.081927885765236e-05,0.00017999013831572513
rocklare,1,1,1,1,3.080492690129947e-05,0.0
Crowdolskee,1,1,1,1,3.07678069759323e-05,0.0
HockeyRockz1414,2,1,2,1,3.073106793653052e-05,0.00014482944299453083
garnett8,1,3,1,3,3.071083590069984e-05,0.00019340285529273287
Scared_Tax_4103,1,1,1,1,3.071083590069984e-05,0.0
TuctDape,2,1,2,1,3.069972544841904e-05,7.526656214254097e-05
Antifragile_Glass,1,2,1,2,3.0689787901200206e-05,5.969640750148712e-05
coffee_math,1,1,1,1,3.0689787901200206e-05,4.062654898811178e-05
syklemil,2,3,2,3,3.0663675126027255e-05,0.0006188024901306999
UsAndRufus,2,3,2,3,3.065944462022518e-05,3.4751607636039114e-05
Vibes_And_Smiles,1,1,1,1,3.0631754468882834e-05,6.0168619582413014e-05
Retro_Relics,1,5,2,7,3.0621865650687556e-05,0.00015241847207373823
NoleMercy05,1,2,2,3,3.0621865650687556e-05,2.077441883106333e-06
CharredWelderGuy,1,1,1,1,3.0522682314719444e-05,8.937072653703842e-05
Watertor,1,1,1,1,3.0522682314719444e-05,3.74398590499424e-06
hoppertn,1,1,1,2,3.0505793863150225e-05,0.0
ailish,1,1,1,1,3.0476643003179975e-05,0.0007227669750312611
good_god_lemon1,1,1,1,1,3.0464721111271524e-05,0.0013747230612231522
Rollingprobablecause,1,2,1,2,3.0464721111271524e-05,0.00010787153294350012
invisible_shrek,1,1,1,1,3.0464721111271524e-05,5.383899058934635e-05
Meaveready,1,1,1,1,3.0464721111271524e-05,2.1711148210436685e-06
Transluminary,1,1,1,1,3.0464721111271524e-05,1.532363978999474e-06
CaptainObvious110,1,1,1,1,3.0388054318302136e-05,0.0
Socrathustra,1,1,1,2,3.0374189535628024e-05,0.0
Conscious-Tip-3896,2,1,2,1,3.0285223913738437e-05,3.837567156080698e-06
Ok_Understanding9011,1,1,1,1,3.0214490368876685e-05,2.0819622691450992e-05
hi_im_12_btw,1,1,1,1,3.0189724601461933e-05,1.8264264752743688e-05
dr-pickled-rick,1,1,1,1,3.0136869086382586e-05,2.079136557689109e-06
aretzc46,2,1,2,1,3.0130612847781306e-05,0.00014547369033573334
Ma1eficent,1,2,2,2,3.0105341392562363e-05,5.9003209649938534e-05
lar67,1,2,2,2,3.0105341392562363e-05,3.388222538456326e-05
MBAtoPM,2,1,2,1,3.0105341392562363e-05,7.63028183323931e-07
jpric155,1,5,1,5,3.0093731911756806e-05,0.006302202790315413
snailofahuman,1,1,1,1,3.0093731911756806e-05,0.0
DrGonzo820,1,1,1,1,3.0093731911756806e-05,0.0
Denz292,1,1,1,1,3.0093731911756806e-05,0.0
MiaowaraShiro,1,1,1,1,3.0093731911756806e-05,0.0
mologav,1,2,1,2,3.006967425236024e-05,1.9238234463392767e-05
abbys11,2,2,2,2,3.0048137031272984e-05,5.769212389846139e-05
CesarioRose,2,1,2,1,3.0047085781908753e-05,0.0034546238580136436
msdos_kapital,2,1,2,1,3.0047085781908753e-05,0.00012611407974555947
way2lazy2care,2,1,2,1,3.0047085781908753e-05,0.00011343923045773727
RubberReptile,2,1,2,1,3.0047085781908753e-05,9.489644181922721e-05
csdude97,2,1,2,1,3.0047085781908753e-05,6.846555220208403e-05
TimeIndependence5899,1,1,1,1,3.000875791175327e-05,2.5996303515646285e-06
midwestia,1,1,1,1,2.9967950567642658e-05,0.0
CptJustice,1,1,1,1,2.9949335259440192e-05,6.776445076912652e-05
geekpgh,1,1,1,1,2.9911131961832573e-05,0.0
BusBoatBuey,1,2,1,2,2.9827359310380447e-05,1.1294075128187753e-07
FoundationRock,1,1,1,1,2.982035472417759e-05,1.0270593109081452e-05
awoeoc,1,1,1,1,2.9801290894896927e-05,3.4207687128987816e-05
darthcaedusiiii,1,2,1,2,2.9788726333363497e-05,7.429221717575371e-05
drobson70,1,1,1,1,2.9788726333363497e-05,2.7061940391207857e-06
PrettyBaker2891,2,1,2,1,2.9781118783015428e-05,1.901097004804986e-05
Bluetooth_Sandwich,1,2,1,2,2.972175772226958e-05,1.14715534516307e-06
moserine,1,1,1,1,2.9659145201440486e-05,0.0
axck,1,3,1,3,2.9606661115243412e-05,0.000505683440737696
tiny_galaxies,1,3,1,3,2.9606661115243412e-05,1.8741274786577104e-06
Dizzy_Quiet,1,1,1,1,2.9585702815422114e-05,0.003325590498647925
starraven,1,1,1,1,2.9585702815422114e-05,6.017305325211045e-05
current_thread,1,1,1,1,2.9585702815422114e-05,1.1467851754541542e-05
wololo1e,1,1,1,1,2.9531139871857022e-05,0.00021239793333232863
Time-Turnip-2961,1,3,1,3,2.9516207921717532e-05,2.471682416769952e-06
lha0880,1,1,1,1,2.9516207921717532e-05,0.0
BoltKey,2,1,2,1,2.948125800386374e-05,3.817681652469957e-06
Clovermourn,1,1,1,1,2.9460523891191902e-05,0.00013552890153825303
NICOLEISDEAD,2,1,2,1,2.9459136927880483e-05,0.0002323518523652255
Far-Eggplant-5560,1,1,1,1,2.9446995578163108e-05,0.00027105780307650607
No_Willingness8208,1,1,1,1,2.9439057458418496e-05,0.0
dlifson,1,1,1,1,2.9435733810293917e-05,0.0
McCrotch,2,1,2,1,2.9427398211101776e-05,6.788667244672173e-05
throwlol134,2,0,2,0,2.9427398211101776e-05,6.776445076912652e-05
MBSMD,2,1,2,1,2.9424992865498752e-05,9.445311259379293e-05
CaptCurmudgeon,1,1,1,1,2.9380586473082764e-05,0.00021292890618638201
NoWitandNoSkill,1,1,1,1,2.9380586473082764e-05,0.0001483341109886086
lost_in_trepidation,2,1,2,1,2.9350129062590535e-05,2.196099062031379e-06
Worriedrph,1,1,1,1,2.9318735092991536e-05,0.0
SillyEnglishKinnigit,1,1,1,1,2.9291020209025823e-05,0.003653859185471301
HopDropNRoll,1,2,1,2,2.9291020209025823e-05,0.0031798078261127322
ThePolishSpy,1,1,1,1,2.9291020209025823e-05,0.0003608742525253523
chalogr,1,1,1,1,2.9291020209025823e-05,0.0
FrozenYellowDuck,1,1,1,1,2.9291020209025823e-05,0.0
Breezyisthewind,1,1,1,1,2.9291020209025823e-05,0.0
StrictAnxiety8573,1,1,1,1,2.9291020209025823e-05,0.0
x4000,1,1,1,1,2.9291020209025823e-05,0.0
SpaceAviator1999,1,1,1,1,2.9291020209025823e-05,0.0
butterf1y,1,1,1,1,2.9257535097846852e-05,0.0002536981128752341
ConcentrateSuper9603,1,1,1,1,2.9257535097846852e-05,6.646970647106176e-06
DrCaret2,2,2,2,2,2.9229046157385125e-05,4.9473010464045793e-05
Luster-Purge,1,1,1,1,2.9202198343311433e-05,9.317371271566316e-07
delphinius81,1,3,1,3,2.916565886299659e-05,1.4766999771920725e-05
facedownbootyuphold,2,2,2,2,2.9115346646270026e-05,9.211971153984644e-05
One_Butterscotch_280,1,1,1,1,2.910039204217311e-05,0.00665055326273791
ThePrideofNothing,1,1,1,1,2.910039204217311e-05,0.005504977994861699
esteban-felipe,1,1,1,1,2.910039204217311e-05,0.00481419997257814
Bored_Amalgamation,1,3,1,3,2.910039204217311e-05,0.003547833603068376
GhostDieM,1,1,1,1,2.910039204217311e-05,0.0035076519659054733
peepeedog,1,1,1,1,2.910039204217311e-05,0.003332805830272951
GottaGetDatDough,1,1,1,1,2.910039204217311e-05,0.0029660599360526716
WombleArcher,1,2,1,2,2.910039204217311e-05,0.0023655220637168973
justUseAnSvm,1,4,1,4,2.910039204217311e-05,0.002114820683380332
7screws,1,2,1,2,2.910039204217311e-05,0.0021005171141897194
ACoderGirl,1,4,1,5,2.910039204217311e-05,0.0019873460048166736
mapoftasmania,1,1,1,1,2.910039204217311e-05,0.001634002954365335
chrisrauh,1,1,1,1,2.910039204217311e-05,0.001634002954365335
MoreYayoPlease,1,2,1,2,2.910039204217311e-05,0.0014950859073817194
Top_Turnip1139,1,2,1,2,2.910039204217311e-05,0.001385658001503717
8349932,1,1,1,1,2.910039204217311e-05,0.0013050517086215
pfc_bgd,1,1,1,1,2.910039204217311e-05,0.0013050517086215
PhilosophicalGoof,1,3,1,3,2.910039204217311e-05,0.0011859597306765868
DesperateAdvantage76,1,2,1,2,2.910039204217311e-05,0.0011082206866738105
benkalam,1,1,1,1,2.910039204217311e-05,0.0008840489768458629
mylittlewallaby,1,2,1,2,2.910039204217311e-05,0.0008840489768458629
justinkimball,1,1,1,1,2.910039204217311e-05,0.0008840489768458629
fbolt,1,1,1,1,2.910039204217311e-05,0.0008475453489567731
Jungiandungian,1,1,1,1,2.910039204217311e-05,0.0007941417712109867
slothordepressed,1,1,1,1,2.910039204217311e-05,0.0007806748710218251
Junmeng,1,1,1,1,2.910039204217311e-05,0.0006744600045465078
ArkGuardian,1,2,1,2,2.910039204217311e-05,0.0006466158459343285
ducksflytogether1988,1,1,1,1,2.910039204217311e-05,0.0006423262599610832
bill_on_sax,1,1,1,1,2.910039204217311e-05,0.0006351221862296101
meltbox,1,9,1,10,2.910039204217311e-05,0.0006312524829230067
not-finished,1,1,1,1,2.910039204217311e-05,0.0005422233528859209
ninjagorilla,1,2,1,2,2.910039204217311e-05,0.0005243433741177831
BrilliantDishevelled,1,1,1,1,2.910039204217311e-05,0.0004544401887766994
Iyellkhan,1,1,1,1,2.910039204217311e-05,0.0004014991688076815
SocialJusticeGSW,1,1,1,1,2.910039204217311e-05,0.00039381226240450953
atreides_hyperion,1,1,1,1,2.910039204217311e-05,0.00039215759635873867
Beat_the_Deadites,1,2,1,2,2.910039204217311e-05,0.0003634517784602676
ReconKweh,1,1,1,1,2.910039204217311e-05,0.00034053879429627934
NgBling,1,1,1,1,2.910039204217311e-05,0.00027418706243360886
Cronus6,1,1,1,1,2.910039204217311e-05,0.00027418706243360886
Ok_Economy6167,1,1,1,1,2.910039204217311e-05,0.00027418706243360886
level_one_bulbasaur,1,1,1,1,2.910039204217311e-05,0.00025830774254971
Chemical_Help_7099,1,2,1,2,2.910039204217311e-05,0.00025830774254971
ryder242,1,1,1,1,2.910039204217311e-05,0.00025830774254971
HanzJWermhat,1,2,1,2,2.910039204217311e-05,0.000253336897569263
KhonMan,1,1,1,1,2.910039204217311e-05,0.0002487985311427067
OrionQuest7,1,3,1,5,2.910039204217311e-05,0.00023678680689771518
AccountantFar7802,1,1,1,1,2.910039204217311e-05,0.00023368873488772786
Brrdock,1,3,1,3,2.910039204217311e-05,0.00021578334097833215
RamenBaron5,1,1,1,1,2.910039204217311e-05,0.00020160882498055854
Apsalar28,1,1,1,1,2.910039204217311e-05,0.00019456479342119438
BrianLevre,1,1,1,1,2.910039204217311e-05,0.00018658153478748706
Raveen396,1,2,1,2,2.910039204217311e-05,0.00016188288453571474
boltz86,1,1,1,1,2.910039204217311e-05,0.0001519482247699196
skurvecchio,1,1,1,1,2.910039204217311e-05,0.00012983153650040227
AxlLight,1,2,1,2,2.910039204217311e-05,0.00011246554676212817
morbihann,1,1,1,1,2.910039204217311e-05,0.00010249070085328233
Lost_Alternative_170,1,1,1,1,2.910039204217311e-05,8.102660626207622e-05
mathmagician9,1,2,1,2,2.910039204217311e-05,7.980477996777103e-05
Coattail-Rider,1,1,1,1,2.910039204217311e-05,6.964614230154504e-05
Stunning_Judgment,1,1,1,1,2.910039204217311e-05,6.623689608036022e-05
optimal-username,1,1,1,1,2.910039204217311e-05,6.50603792327077e-05
ahuiP,1,1,1,1,2.910039204217311e-05,6.327298269258017e-05
Not_Undisciplined,1,1,1,1,2.910039204217311e-05,4.847699643323388e-05
jdsizzle1,1,1,1,1,2.910039204217311e-05,4.831282904550229e-05
Oatz3,1,1,1,1,2.910039204217311e-05,4.512776897843821e-05
Boring_Ad_3065,1,2,1,2,2.910039204217311e-05,3.0364262623263183e-05
Pissrael_thickneck,1,4,1,5,2.910039204217311e-05,2.15160589877841e-05
luka166,1,1,1,1,2.910039204217311e-05,0.0
DWLlama,1,1,1,1,2.910039204217311e-05,0.0
M00SEK,1,1,1,1,2.910039204217311e-05,0.0
burnaboy_233,1,1,1,2,2.910039204217311e-05,0.0
sm0ol,1,1,1,1,2.910039204217311e-05,0.0
Legitimate-Turn4560,1,1,1,1,2.910039204217311e-05,0.0
EvilCodeQueen,1,1,1,1,2.910039204217311e-05,0.0
GaimeGuy,1,1,1,1,2.910039204217311e-05,0.0
thekidfromiowa,1,1,1,1,2.910039204217311e-05,0.0
LovableButterfly,1,1,1,1,2.910039204217311e-05,0.0
Prudent-Nerve-4428,1,2,1,3,2.910039204217311e-05,0.0
Masshole205,1,2,1,3,2.910039204217311e-05,0.0
mookyvon,1,1,1,1,2.910039204217311e-05,0.0
die9991,1,1,1,1,2.910039204217311e-05,0.0
Sorry-Ad-5527,1,1,1,1,2.910039204217311e-05,0.0
Sir-Viette,1,1,1,1,2.910039204217311e-05,0.0
Pudgy_Ninja,1,1,1,1,2.910039204217311e-05,0.0
account_for_norm,1,1,1,1,2.910039204217311e-05,0.0
BroccoliVendetta,1,1,1,1,2.910039204217311e-05,0.0
Straight_Zucchini487,1,1,1,1,2.910039204217311e-05,0.0
Fluid_Lingonberry467,1,1,1,1,2.910039204217311e-05,0.0
kgb17,1,1,1,1,2.910039204217311e-05,0.0
gigoogly,1,1,1,1,2.910039204217311e-05,0.0
TheSheetSlinger,1,1,1,1,2.910039204217311e-05,0.0
indy_110,1,1,1,1,2.910039204217311e-05,0.0
rezi_io,1,1,1,1,2.910039204217311e-05,0.0
perforce1,1,1,1,1,2.910039204217311e-05,0.0
Safe_Measurement_312,1,1,1,1,2.910039204217311e-05,0.0
Dizzy_Picture6804,1,1,1,2,2.910039204217311e-05,0.0
Purple_Employment_74,1,2,1,2,2.910039204217311e-05,0.0
_C3,1,1,1,1,2.910039204217311e-05,0.0
Hail2Hue,1,1,1,1,2.910039204217311e-05,0.0
Main_Lengthiness_606,1,1,1,1,2.9094658501386228e-05,0.0
Jeff1N,1,1,1,1,2.9094658501386228e-05,0.0
TosshiTX,1,2,1,2,2.9043106642910475e-05,6.453534630365995e-05
CoolBoi6Pack,1,1,1,1,2.9037902714658432e-05,1.0020789866902708e-05
octocode,2,2,2,2,2.901427316389713e-05,0.00010518353354965032
Geno0wl,2,1,2,1,2.901427316389713e-05,6.776445076912652e-05
pamar456,1,2,1,2,2.8984345023090944e-05,1.236701226536559e-06
bart007345,1,1,1,1,2.8984345023090944e-05,0.0
xian0,1,2,1,2,2.896869363162372e-05,0.0001953988937703234
NotYourMom132,1,1,1,1,2.896869363162372e-05,1.564638228288857e-05
Useful_Perception620,1,3,1,4,2.8959790742604284e-05,0.0001642125851337894
Lonely-Clerk-2478,1,3,1,3,2.8956227114179194e-05,0.0008879697757377376
ResilientBiscuit,1,4,1,4,2.893004878005703e-05,0.00018623056675349544
DuncanRD,1,2,1,3,2.893004878005703e-05,0.0
DustInFeel,1,1,1,1,2.884462941589698e-05,0.0
aizzod,2,2,2,2,2.88262453872583e-05,0.00041170518916286674
gban84,1,1,1,1,2.8805668692328814e-05,2.9808237321679213e-06
BrokeHomieShawn,1,2,1,2,2.875009366702061e-05,6.776445076912652e-05
NoCard6774,1,1,1,1,2.872521335285932e-05,8.810941721984228e-06
some_clickhead,1,2,1,2,2.872521335285932e-05,7.905852589731427e-07
HotDogFingers01,2,2,2,2,2.8719183844465236e-05,0.0001955634681602743
meiosisI,2,1,2,1,2.86889207062883e-05,6.776445076912652e-05
wildmaninid,1,2,1,2,2.868091619960029e-05,8.879030411184643e-06
zachmoe,1,1,1,1,2.866293688244884e-05,7.320901751859741e-07
Worth-Product445,1,1,1,1,2.8622924700218125e-05,4.9308602599113434e-05
amuscularbaby,1,2,1,2,2.8591200848834127e-05,2.895291507528412e-06
flummox1234,1,1,1,1,2.856569341550806e-05,0.0
XayahTheVastaya,1,1,1,1,2.856569341550806e-05,0.0
Danominator,2,3,2,3,2.8448991593657038e-05,0.0002766676843177545
Overclocked11,2,1,2,1,2.842632430986886e-05,0.0003367558758448745
Bakingtime,1,1,1,1,2.8364373672306407e-05,2.440178511480453e-05
natthegray,1,1,1,1,2.8335074904372556e-05,0.0
mapold,1,4,2,5,2.8293657705748108e-05,4.085415612148688e-06
Curious_Rick0353,2,2,2,2,2.8278834713431464e-05,2.575385536588925e-05
Working_Noise_1782,1,1,1,1,2.827604900711636e-05,2.8669394145398803e-05
factoid_,1,2,1,2,2.8274282154810025e-05,0.00013667365833007348
chads3058,1,1,1,1,2.8274282154810022e-05,4.0856618024341315e-05
Goingone,2,2,2,2,2.8261623690463932e-05,6.497004465279009e-05
Swimming-Tax-6087,1,4,1,4,2.824658203674079e-05,0.00031650213377361553
jianh1989,1,3,1,3,2.824658203674079e-05,0.00010929549870458058
braunyakka,1,1,1,1,2.824658203674079e-05,6.531661822631889e-05
EC36339,1,1,1,1,2.8211195550713373e-05,4.922455010548796e-06
NotThatUsefulAPerson,1,1,1,1,2.8110747996638075e-05,1.420986576585714e-06
eschatonx,1,2,1,2,2.8102198556747243e-05,0.0033839307899076144
Green-Zone-4866,1,1,2,2,2.805619073826221e-05,0.0
yourbathroom,1,1,1,1,2.788022682786324e-05,2.273457834632956e-05
me047,1,1,1,1,2.788022682786324e-05,8.132498192786562e-06
Dakaraim,1,1,1,1,2.788022682786324e-05,0.0
YourMajesty90,1,1,1,1,2.7839127166699553e-05,1.050749823962049e-05
ea_nasir_official_,1,1,1,1,2.783911270301384e-05,2.8451803090020797e-05
razzemmatazz,1,1,1,1,2.778391858659943e-05,0.00013745429294184964
pcurve,1,1,1,1,2.778391858659943e-05,1.0577871210839086e-05
0naho,1,1,1,1,2.7715869983263423e-05,0.0
Zelexis,1,1,1,1,2.7715869983263423e-05,0.0
crashck,1,2,1,3,2.767730561488458e-05,6.453757216107287e-08
shitty_mcfucklestick,1,1,1,1,2.7628680357276302e-05,2.4015071279904823e-05
CampAny9995,1,2,1,2,2.7600431890613567e-05,3.776547090095099e-05
Wonderful_Buffalo_32,1,1,1,1,2.7600431890613567e-05,0.0
Embarrassed_Quit_450,1,5,1,5,2.7551219537325172e-05,0.0010310466855746891
MasZakrY,1,1,1,1,2.7551219537325172e-05,6.348627515086084e-05
DJBombba,1,1,1,1,2.7535658798214965e-05,0.0
Same_Recipe2729,1,1,1,1,2.7506004193617784e-05,6.002206842351736e-05
Crescent_Dusk,1,1,2,3,2.7502815167033882e-05,0.0
chrono2310,1,1,2,2,2.7502815167033882e-05,0.0
metaconcept,2,1,2,1,2.7470598138353276e-05,0.00015051754824285194
AltruisticEmu6230,2,1,2,1,2.7470598138353276e-05,4.020085029227769e-05
Leihd,1,1,1,1,2.739674062243803e-05,0.0
Distinct_Garden5650,1,2,1,3,2.737788038183495e-05,1.6163076405673141e-06
Ascrivs,1,2,1,3,2.737788038183495e-05,0.0
Fun-Estimate4561,1,1,1,1,2.7315996828151614e-05,0.0
The_Sign_of_Zeta,2,2,2,2,2.7302730418534674e-05,0.00018867272352766153
Dry_Common828,1,1,1,1,2.728598446009609e-05,0.0
Ajb_ftw,1,1,1,1,2.7284211927787505e-05,1.543995366730697e-06
fitzroy95,1,1,1,1,2.7284211927787505e-05,8.905451576726227e-07
Sen_ElizabethWarren,1,1,1,1,2.7268434459117063e-05,1.0716673833749109e-05
VellDarksbane,1,3,1,3,2.725911409870885e-05,0.0004994743050089886
Iceraptor17,1,2,1,2,2.7256632809240624e-05,2.108046058275062e-05
GDMFusername,1,1,1,1,2.7249919176770714e-05,0.0001548819033900195
urbanek2525,1,3,2,3,2.7203893558415113e-05,0.0005721806458752118
Valuable-Sundae-9105,2,1,2,1,2.7160054178607443e-05,2.3500566928111317e-05
RockleyBob,1,1,1,1,2.7143688122000784e-05,0.0
eboran123,2,1,2,1,2.7123207674183095e-05,0.00010323800214784846
RGrad4104,2,2,2,2,2.706837408436058e-05,0.00011228955363942153
Coastie54,1,1,1,1,2.7043087286988318e-05,9.31545093838278e-05
SandersDelendaEst,1,1,1,2,2.7010764574820353e-05,0.0
Dragonasaur,1,2,1,2,2.6989914666746107e-05,2.1590339458062832e-06
Smooth_Buddy3370,1,1,1,1,2.6970719790066683e-05,0.0
MarcusAurelius68,1,1,1,1,2.6954382308126783e-05,8.754436614456169e-05
LadyBogangles14,1,3,1,3,2.6948647927873884e-05,0.003831350537908052
v0idstar_,1,2,1,2,2.6948647927873884e-05,0.003461277765403568
Frank_Scouter,1,1,1,1,2.6948647927873884e-05,0.0033846084344153066
econobro,1,1,1,1,2.6948647927873884e-05,0.0033846084344153066
DapperInvestor,1,1,1,1,2.6948647927873884e-05,0.0033846084344153066
Aggressive-Wing3417,1,1,1,1,2.6948647927873884e-05,0.003384608434415306
Efficient_Beach_6617,1,1,1,1,2.6948647927873884e-05,0.0033846084344153057
Haunting_Lobster_888,1,1,1,1,2.6948647927873884e-05,0.0033846084344153057
lewdev,1,2,1,2,2.6948647927873884e-05,0.0033846084344153053
Moist_Ordinary6457,1,1,1,1,2.6948647927873884e-05,0.0033846084344153053
Busterlimes,1,1,1,1,2.6948647927873884e-05,0.0033846084344153053
kabooozie,1,1,1,1,2.6948647927873884e-05,0.003384608434415305
FourDimensionalTaco,1,1,1,1,2.6948647927873884e-05,0.003384608434415305
Equivalent_Bell_8687,1,1,1,1,2.6948647927873884e-05,0.0033846084344153044
ConditionHorror9188,1,1,1,1,2.6948647927873884e-05,0.0033846084344153044
69odysseus,1,1,1,1,2.6948647927873884e-05,0.0033846084344153044
Banvincible,1,1,1,1,2.6948647927873884e-05,0.0033846084344153027
cinderflight,1,2,1,2,2.6948647927873884e-05,0.0016854791025173862
RationalPoint,1,3,1,3,2.6948647927873884e-05,0.001280032856858966
skccsk,1,7,1,7,2.6948647927873884e-05,0.0010200625271254103
BloodhoundGang,2,3,2,3,2.6948647927873884e-05,0.0009843498247026341
phillythompson,1,3,1,3,2.6948647927873884e-05,0.00087900586956945
malianx,1,2,1,2,2.6948647927873884e-05,0.0007905981155158268
sap91,1,2,1,2,2.6948647927873884e-05,0.0006989552952621615
PagePractical6805,1,2,1,2,2.6948647927873884e-05,0.0006677593409406904
Zookeeper187,1,4,1,4,2.6948647927873884e-05,0.0006633891162734989
kainzilla,1,2,1,2,2.6948647927873884e-05,0.0006422988314665671
Gamer_Grease,1,2,1,2,2.6948647927873884e-05,0.0006335681111640197
retief1,1,2,1,2,2.6948647927873884e-05,0.0006230043809720192
cyrixlord,1,4,1,4,2.6948647927873884e-05,0.0006210329466253798
FlashyResist5,1,6,1,6,2.6948647927873884e-05,0.0005914571308409247
crippledgiants,1,2,1,2,2.6948647927873884e-05,0.0005792385582565542
SoftwareEngineer404,1,2,1,2,2.6948647927873884e-05,0.0005323070484085532
patrickpdk,1,2,1,2,2.6948647927873884e-05,0.0005082469737857336
Pale_Height_1251,1,4,1,4,2.6948647927873884e-05,0.0004669475049381549
bwainfweeze,1,5,1,5,2.6948647927873884e-05,0.0004650518046061921
aresi-lakidar,1,2,1,2,2.6948647927873884e-05,0.0004380046466680847
Cainga,1,5,1,5,2.6948647927873884e-05,0.0004261912048479986
exileonmainst,1,2,1,2,2.6948647927873884e-05,0.00040271366553496564
TheDevilsAdvokaat,1,2,1,2,2.6948647927873884e-05,0.0003806940173249216
NuclearVII,1,5,1,5,2.6948647927873884e-05,0.00035271096045224096
dippatel21,1,3,1,3,2.6948647927873884e-05,0.0003521710849801206
MissDisplaced,1,2,1,2,2.6948647927873884e-05,0.00032738979335812456
flamingspew,1,4,1,4,2.6948647927873884e-05,0.0002696263437035988
Bare-Knuckled,1,3,1,3,2.6948647927873884e-05,0.00025746317502214336
pacman2081,1,4,1,4,2.6948647927873884e-05,0.0002500874820633885
FriendlyDespot,1,4,1,4,2.6948647927873884e-05,0.0002287190527678041
Sonu201,1,2,1,2,2.6948647927873884e-05,0.00022481049225938984
TheGOODSh-tCo,1,2,1,2,2.6948647927873884e-05,0.00022454949288168457
EntropyRX,1,3,1,3,2.6948647927873884e-05,0.0002172693712375237
DungeonsAndDradis,1,2,1,2,2.6948647927873884e-05,0.00021333469056403431
jpiro,1,2,1,2,2.6948647927873884e-05,0.00020307771330260453
FanDry5374,1,3,1,3,2.6948647927873884e-05,0.0001985929013923858
zeekayz,1,2,1,2,2.6948647927873884e-05,0.00019663426096042986
theavatare,1,2,1,2,2.6948647927873884e-05,0.00018795589360406063
ffekete,1,3,1,3,2.6948647927873884e-05,0.00018557394940754357
InlineSkateAdventure,1,3,1,3,2.6948647927873884e-05,0.0001846239713545134
Known_Chart_1329,1,2,1,2,2.6948647927873884e-05,0.00017257930076658667
OrganicDoom2225,1,2,1,2,2.6948647927873884e-05,0.0001717493876386486
dayumbrah,1,2,1,2,2.6948647927873884e-05,0.00017041336842826864
ur_moms_chode,1,2,1,2,2.6948647927873884e-05,0.00016693713948193192
t23_1990,1,2,1,2,2.6948647927873884e-05,0.00016384965894251937
Only-Worldliness2006,1,2,1,2,2.6948647927873884e-05,0.0001603278644867485
CemeneTree,1,3,1,3,2.6948647927873884e-05,0.00015782121803102495
JJCookieMonster,1,2,1,2,2.6948647927873884e-05,0.00015194535821599068
IAMA_Plumber-AMA,1,3,1,3,2.6948647927873884e-05,0.00014352090774502827
splendiferous-finch_,1,3,1,3,2.6948647927873884e-05,0.0001366805300214975
Tacos314,1,3,1,3,2.6948647927873884e-05,0.00013362821736155476
NotACaterpillar,1,2,1,2,2.6948647927873884e-05,0.00013345693582191514
Pipe2Null,1,2,1,2,2.6948647927873884e-05,0.00013273083921418394
ThisOneTimeAtLolCamp,1,2,1,2,2.6948647927873884e-05,0.0001282168393093611
Freakin_A,1,2,1,2,2.6948647927873884e-05,0.00012490769470978723
letsgoowhatthhsbdnd,1,2,1,2,2.6948647927873884e-05,0.00012284203116977766
Iwillgetasoda,1,2,1,2,2.6948647927873884e-05,0.00012210667270363084
Vhiet,1,2,1,2,2.6948647927873884e-05,0.00011731153603609949
SidewaysFancyPrance,1,3,1,3,2.6948647927873884e-05,0.00011620296696942292
Sr_DingDong,1,2,1,2,2.6948647927873884e-05,0.00011537880927510483
Temassi,1,2,1,2,2.6948647927873884e-05,0.00011528034702947534
mrcaptncrunch,1,2,1,2,2.6948647927873884e-05,0.00011393199912110654
RandomRedditor44,1,2,1,2,2.6948647927873884e-05,0.00010868412598060148
Mamabearfoot--808,1,2,1,2,2.6948647927873884e-05,0.00010485662311862406
thegooddoktorjones,1,3,1,3,2.6948647927873884e-05,0.00010301822050453138
Johnnyring0,1,2,1,2,2.6948647927873884e-05,9.991203360134096e-05
DyKdv2Aw,1,2,1,2,2.6948647927873884e-05,9.981605476714477e-05
aVarangian,1,2,1,2,2.6948647927873884e-05,9.884895284366722e-05
1988rx7T2,1,2,1,2,2.6948647927873884e-05,9.723275671644022e-05
5AlarmFirefly,1,2,1,2,2.6948647927873884e-05,9.3903741861773e-05
seriousbusines,1,2,1,2,2.6948647927873884e-05,9.201023654301216e-05
sushislapper2,1,3,1,3,2.6948647927873884e-05,9.129301552528427e-05
tomqmasters,1,2,1,2,2.6948647927873884e-05,8.969100671819919e-05
trippingWetwNoTowel,1,2,1,3,2.6948647927873884e-05,8.967513798881692e-05
McCree114,1,2,1,2,2.6948647927873884e-05,8.58780592600899e-05
RelationshipIll9576,1,2,1,2,2.6948647927873884e-05,8.143911441131882e-05
Common_Poetry3018,1,2,1,2,2.6948647927873884e-05,7.974615693847765e-05
dadvader,1,2,1,2,2.6948647927873884e-05,7.820027383577542e-05
crispydukes,1,2,1,2,2.6948647927873884e-05,7.657795180465131e-05
CracticusAttacticus,1,3,1,3,2.6948647927873884e-05,7.654493416456397e-05
Jake0024,1,2,1,2,2.6948647927873884e-05,7.636803273727923e-05
Aware-Individual-827,1,2,1,2,2.6948647927873884e-05,7.627880553610716e-05
Jutboy,1,3,1,3,2.6948647927873884e-05,7.620149646843753e-05
09232022,1,2,1,2,2.6948647927873884e-05,7.616988791851863e-05
Rain-And-Coffee,1,2,1,2,2.6948647927873884e-05,7.571741233120173e-05
Kyouhen,1,2,1,2,2.6948647927873884e-05,7.399102082897528e-05
mysteryihs,1,2,1,2,2.6948647927873884e-05,7.361596803795721e-05
Kyanche,1,2,1,2,2.6948647927873884e-05,7.270402921100911e-05
__OneLove__,1,2,1,2,2.6948647927873884e-05,7.259011408212811e-05
And-Still-Undisputed,1,2,1,2,2.6948647927873884e-05,7.21025904192798e-05
DJDaddyD,1,2,1,2,2.6948647927873884e-05,7.11607167770544e-05
Rexosorous,1,2,1,2,2.6948647927873884e-05,7.113332281653334e-05
Kitchner,1,2,1,2,2.6948647927873884e-05,7.072404356644339e-05
josh_the_misanthrope,1,2,1,2,2.6948647927873884e-05,7.064153163658177e-05
Left-Block7970,1,2,1,2,2.6948647927873884e-05,7.020847480685154e-05
Googoo123450,1,2,1,2,2.6948647927873884e-05,7.001934670112714e-05
Fuuujioka,1,2,1,2,2.6948647927873884e-05,6.990702962006711e-05
BlueZybez,1,2,1,2,2.6948647927873884e-05,6.98641806942544e-05
xtsilverfish,1,2,1,2,2.6948647927873884e-05,6.947351956978496e-05
peon2,1,2,1,2,2.6948647927873884e-05,6.939468617007319e-05
Skeptical0ptimist,1,2,1,2,2.6948647927873884e-05,6.937296483738315e-05
Jerome_Eugene_Morrow,1,2,1,2,2.6948647927873884e-05,6.916379236171247e-05
Sleples,1,2,1,2,2.6948647927873884e-05,6.888582693963191e-05
Fun_Bodybuilder3111,1,2,1,2,2.6948647927873884e-05,6.854499685020793e-05
scoobyman83,1,2,1,2,2.6948647927873884e-05,6.84207049830144e-05
crytol,1,2,1,2,2.6948647927873884e-05,6.82015852578975e-05
oldsecondhand,1,2,1,2,2.6948647927873884e-05,6.810327302297215e-05
RecordingHaunting975,1,2,1,2,2.6948647927873884e-05,6.802797918878423e-05
gofl-zimbard-37,1,2,1,2,2.6948647927873884e-05,6.802797918878422e-05
JaneGoodallVS,1,1,1,1,2.6948647927873884e-05,6.776445076912652e-05
ZombiePleasant1762,1,1,1,1,2.6948647927873884e-05,6.776445076912652e-05
NoOrdinaryBees,1,1,1,1,2.6948647927873884e-05,6.776445076912652e-05
daltontf1212,1,1,1,1,2.6948647927873884e-05,6.776445076912652e-05
Munzu,1,1,1,1,2.6948647927873884e-05,6.776445076912652e-05
GiveUpAndDye,1,1,1,1,2.6948647927873884e-05,6.776445076912652e-05
MajorPain_,1,1,1,1,2.6948647927873884e-05,6.776445076912652e-05
Gold_Emotion_5064,1,1,1,1,2.6948647927873884e-05,6.776445076912652e-05
Dark-Zuckerberg,1,1,1,1,2.6948647927873884e-05,6.776445076912652e-05
UInferno-,1,1,1,1,2.6948647927873884e-05,6.776445076912652e-05
LastEternity,1,1,1,1,2.6948647927873884e-05,6.776445076912652e-05
ErnestT_bass,1,1,1,1,2.6948647927873884e-05,6.776445076912652e-05
anor_wondo,1,1,1,1,2.6948647927873884e-05,6.776445076912652e-05
thebigvsbattlesfan,1,1,1,1,2.6948647927873884e-05,6.776445076912652e-05
livefromheaven,1,1,1,1,2.6948647927873884e-05,6.776445076912652e-05
th3bard,1,1,1,1,2.6948647927873884e-05,6.776445076912652e-05
Lhopital_rules,1,1,1,1,2.6948647927873884e-05,6.776445076912652e-05
Calm-Wash-8768,1,1,1,1,2.6948647927873884e-05,6.776445076912652e-05
drew8311,1,1,1,1,2.6948647927873884e-05,6.776445076912652e-05
Fit-Act2056,1,1,1,1,2.6948647927873884e-05,6.776445076912652e-05
Next_Page3729,1,1,1,1,2.6948647927873884e-05,6.776445076912652e-05
TrumpChildOnahole,1,1,1,1,2.6948647927873884e-05,6.776445076912652e-05
Invictable,1,1,1,1,2.6948647927873884e-05,6.776445076912652e-05
darthvader1521,1,1,1,1,2.6948647927873884e-05,6.776445076912652e-05
HotInvestigator7486,1,1,1,1,2.6948647927873884e-05,6.776445076912652e-05
0ut0fBoundsException,1,1,1,1,2.6948647927873884e-05,6.776445076912652e-05
Dilie,1,1,1,1,2.6948647927873884e-05,6.776445076912652e-05
name-taken1,1,1,1,1,2.6948647927873884e-05,6.776445076912652e-05
rgjsdksnkyg,1,1,1,1,2.6948647927873884e-05,6.776445076912652e-05
SethEllis,1,1,1,1,2.6948647927873884e-05,6.776445076912652e-05
ducktap3-beats,1,1,1,1,2.6948647927873884e-05,6.776445076912652e-05
AdvertisingFew5541,1,1,1,1,2.6948647927873884e-05,6.776445076912652e-05
Icy_Physics51,1,1,1,1,2.6948647927873884e-05,6.776445076912652e-05
youremakingnosense,1,2,1,2,2.6948647927873884e-05,6.776445076912652e-05
Asleep-Good-7047,1,1,1,1,2.6948647927873884e-05,6.776445076912652e-05
Shinne,1,2,1,2,2.6948647927873884e-05,6.776445076912652e-05
celesti0n,1,1,1,1,2.6948647927873884e-05,6.776445076912652e-05
Seantwist9,1,1,1,1,2.6948647927873884e-05,6.776445076912652e-05
nath_leigh,1,1,1,1,2.6948647927873884e-05,6.776445076912652e-05
Benand2,1,1,1,1,2.6948647927873884e-05,6.776445076912652e-05
stratuscaster,1,1,1,1,2.6948647927873884e-05,6.776445076912652e-05
ThatLj,1,1,1,1,2.6948647927873884e-05,6.776445076912652e-05
didled,1,1,1,1,2.6948647927873884e-05,6.776445076912652e-05
TaXxER,1,1,1,2,2.6948647927873884e-05,6.776445076912652e-05
plshelpmebuddah,1,1,1,1,2.6948647927873884e-05,6.776445076912652e-05
ActivityIcy4926,1,1,1,1,2.6948647927873884e-05,6.776445076912652e-05
Agreeable-One2022,1,1,1,1,2.6948647927873884e-05,6.776445076912652e-05
BadPuzzleheaded9676,1,1,1,1,2.6948647927873884e-05,6.776445076912652e-05
Ab_Initio_416,1,1,1,1,2.6948647927873884e-05,6.776445076912652e-05
strakerak,1,1,1,1,2.6948647927873884e-05,6.776445076912652e-05
Isarian,1,1,1,1,2.6948647927873884e-05,6.776445076912652e-05
assaultedpeanut3,1,1,1,1,2.6948647927873884e-05,6.776445076912652e-05
Puzzleheaded_Let4200,1,1,1,1,2.6948647927873884e-05,6.776445076912652e-05
twbluenaxela,1,1,1,1,2.6948647927873884e-05,6.776445076912652e-05
spartanreborn,1,2,1,2,2.6948647927873884e-05,6.776445076912652e-05
AustinBachurski,1,1,1,1,2.6948647927873884e-05,6.776445076912652e-05
MechaJesus69,1,1,1,1,2.6948647927873884e-05,6.776445076912652e-05
rob113289,1,1,1,1,2.6948647927873884e-05,6.776445076912652e-05
KJBarber,1,1,1,1,2.6948647927873884e-05,6.776445076912652e-05
meowmeowcomputation,1,1,1,1,2.6948647927873884e-05,6.776445076912652e-05
Politex99,1,1,1,1,2.6948647927873884e-05,6.776445076912652e-05
MarimbaMan07,1,1,1,1,2.6948647927873884e-05,6.776445076912652e-05
PM_ME_SOME_ANTS,1,1,1,1,2.6948647927873884e-05,6.776445076912652e-05
Fire_Lake,1,1,1,1,2.6948647927873884e-05,6.776445076912652e-05
YCheez,1,1,1,1,2.6948647927873884e-05,6.776445076912652e-05
xypherrz,1,1,1,1,2.6948647927873884e-05,6.776445076912652e-05
i_just_want_money,1,1,1,1,2.6948647927873884e-05,6.776445076912652e-05
luigiman47,1,1,1,1,2.6948647927873884e-05,6.776445076912652e-05
Typical-Box-6930,1,1,1,1,2.6948647927873884e-05,6.776445076912652e-05
bloatedkat,1,1,1,1,2.6948647927873884e-05,6.776445076912652e-05
rickosborn,1,1,1,1,2.6948647927873884e-05,6.776445076912652e-05
WhatHoraEs,1,1,1,1,2.6948647927873884e-05,6.776445076912652e-05
brainer121,1,1,1,1,2.6948647927873884e-05,6.776445076912652e-05
Murky-Fishcakes,1,1,1,1,2.6948647927873884e-05,6.776445076912652e-05
-VitaAeterna-,1,1,1,1,2.6948647927873884e-05,6.776445076912652e-05
Skaar1222,1,1,1,1,2.6948647927873884e-05,6.776445076912652e-05
ZanePlaneTrainCrane,1,1,1,1,2.6948647927873884e-05,6.776445076912652e-05
kog,1,1,1,1,2.6948647927873884e-05,6.776445076912652e-05
suboptimus_maximus,1,1,1,1,2.6948647927873884e-05,6.776445076912652e-05
tkyang99,1,1,1,1,2.6948647927873884e-05,6.776445076912652e-05
ryan42,1,1,1,1,2.6948647927873884e-05,6.776445076912652e-05
Freed4ever,1,1,1,1,2.6948647927873884e-05,6.776445076912652e-05
revrenlove,1,1,1,1,2.6948647927873884e-05,6.776445076912652e-05
NH_neshu,1,1,1,1,2.6948647927873884e-05,6.776445076912652e-05
tryingToBeOptomistic,1,1,1,1,2.6948647927873884e-05,6.776445076912652e-05
ColteesCatCouture,1,1,1,1,2.6948647927873884e-05,6.776445076912652e-05
All_Work_All_Play,1,1,1,1,2.6948647927873884e-05,6.776445076912652e-05
Groundbreaking_Ad673,1,1,1,1,2.6948647927873884e-05,6.776445076912652e-05
Impressive_Yam7957,1,1,1,1,2.6948647927873884e-05,6.776445076912652e-05
OTTER887,1,1,1,1,2.6948647927873884e-05,6.776445076912652e-05
BarRepresentative653,1,1,1,1,2.6948647927873884e-05,6.776445076912652e-05
_itshabib,1,1,1,1,2.6948647927873884e-05,6.776445076912652e-05
intepid-discovery,1,1,1,1,2.6948647927873884e-05,6.776445076912652e-05
icedcoffeeinvenice,1,1,1,1,2.6948647927873884e-05,6.776445076912652e-05
NorCalFrances,1,1,1,1,2.6948647927873884e-05,6.776445076912652e-05
MC897,1,1,1,1,2.6948647927873884e-05,6.776445076912652e-05
HeftyLeftyPig,1,1,1,1,2.6948647927873884e-05,6.776445076912652e-05
Clear_Definition_683,1,1,1,1,2.6948647927873884e-05,6.776445076912652e-05
tomorrow_comes,1,1,1,1,2.6948647927873884e-05,6.776445076912652e-05
Unforg1ven_Yasuo,1,1,1,1,2.6948647927873884e-05,6.776445076912652e-05
ComfortableToe7508,1,1,1,1,2.6948647927873884e-05,6.776445076912652e-05
BrokenStrides,1,1,1,1,2.6948647927873884e-05,6.776445076912652e-05
DamnYouAllIToldYouSo,1,1,1,1,2.6948647927873884e-05,6.776445076912652e-05
Jeb764,1,1,1,1,2.6948647927873884e-05,6.776445076912652e-05
Thetman38,1,1,1,1,2.6948647927873884e-05,6.776445076912652e-05
TheTeflonDude,1,1,1,1,2.6948647927873884e-05,6.776445076912652e-05
Dry_Towelie,1,1,1,1,2.6948647927873884e-05,6.776445076912652e-05
Galimbro,1,1,1,1,2.6948647927873884e-05,6.776445076912652e-05
ScoobyDeezy,1,1,1,1,2.6948647927873884e-05,6.776445076912652e-05
Conscious-Example371,1,1,1,1,2.6948647927873884e-05,6.776445076912652e-05
Steeltooth493,1,1,1,1,2.6948647927873884e-05,6.776445076912652e-05
magicienne451,1,1,1,1,2.6948647927873884e-05,6.776445076912652e-05
SRoku,1,1,1,1,2.6948647927873884e-05,6.776445076912652e-05
ecefour,1,1,1,1,2.6948647927873884e-05,6.776445076912652e-05
Rabid_Mongoose,1,1,1,1,2.6948647927873884e-05,6.776445076912652e-05
AdorableBanana166,1,1,1,1,2.6948647927873884e-05,6.776445076912652e-05
Willing-Situation350,1,1,1,1,2.6948647927873884e-05,6.776445076912652e-05
getmeoutoftax,1,1,1,1,2.6948647927873884e-05,6.776445076912652e-05
ElectrickDreamer,1,1,1,1,2.6948647927873884e-05,6.776445076912652e-05
EmZee2022,1,1,1,1,2.6948647927873884e-05,6.776445076912652e-05
CatchMeIfYouCan09,1,1,1,1,2.6948647927873884e-05,6.776445076912652e-05
whatsasimba,1,2,1,2,2.6948647927873884e-05,6.776445076912652e-05
Packer1500,1,1,1,1,2.6948647927873884e-05,6.776445076912652e-05
wogwai,1,1,1,1,2.6948647927873884e-05,6.776445076912652e-05
UniqueUsername6764,1,1,1,1,2.6948647927873884e-05,6.776445076912652e-05
doggos_are_magical,1,1,1,1,2.6948647927873884e-05,6.776445076912652e-05
Chardmo,1,1,1,1,2.6948647927873884e-05,6.776445076912652e-05
originalcinner,1,1,1,1,2.6948647927873884e-05,6.776445076912652e-05
Open-Trouble-7264,1,1,1,1,2.6948647927873884e-05,6.776445076912652e-05
zyzmog,1,1,1,1,2.6948647927873884e-05,6.776445076912652e-05
S_C_H_L_O_R_P,1,1,1,1,2.6948647927873884e-05,6.776445076912652e-05
LeonardoDePinga,1,1,1,1,2.6948647927873884e-05,6.776445076912652e-05
Future_Coyote_9682,1,1,1,1,2.6948647927873884e-05,6.776445076912652e-05
ThatFishySmell99,1,1,1,1,2.6948647927873884e-05,6.776445076912652e-05
Cipher_null0,1,1,1,1,2.6948647927873884e-05,6.776445076912652e-05
nosturia,1,1,1,1,2.6948647927873884e-05,6.776445076912652e-05
Unfair-Ad-9479,1,1,1,1,2.6948647927873884e-05,6.776445076912652e-05
Affectionate_Bed9625,1,1,1,1,2.6948647927873884e-05,6.776445076912652e-05
Jobilizer,1,1,1,1,2.6948647927873884e-05,6.776445076912652e-05
BedardedOrca98,1,1,1,1,2.6948647927873884e-05,6.776445076912652e-05
DerpUrself69,1,1,1,1,2.6948647927873884e-05,6.776445076912652e-05
Party_Ad_785,1,1,1,1,2.6948647927873884e-05,6.776445076912652e-05
TolUC21,1,1,1,1,2.6948647927873884e-05,6.776445076912652e-05
T3Sh3,1,2,1,2,2.6948647927873884e-05,6.776445076912652e-05
Own-Marketing-6244,1,1,1,1,2.6948647927873884e-05,6.776445076912652e-05
badonbr,1,1,1,1,2.6948647927873884e-05,6.776445076912652e-05
ElasticTurd,1,1,1,1,2.6948647927873884e-05,6.776445076912652e-05
Ichgebibble,1,1,1,1,2.6948647927873884e-05,6.776445076912652e-05
Sample-Range-745,1,1,1,1,2.6948647927873884e-05,6.776445076912652e-05
Gin_OClock,1,1,1,1,2.6948647927873884e-05,6.776445076912652e-05
left-handed-satanist,1,1,1,1,2.6948647927873884e-05,6.776445076912652e-05
SnotRocketeer70,1,1,1,1,2.6948647927873884e-05,6.776445076912652e-05
zSlyz,1,1,1,1,2.6948647927873884e-05,6.776445076912652e-05
Nice-Transition3079,1,1,1,1,2.6948647927873884e-05,6.776445076912652e-05
zoolish,1,1,1,1,2.6948647927873884e-05,6.776445076912652e-05
Formal_Evidence_4094,1,1,1,1,2.6948647927873884e-05,6.776445076912652e-05
SingTheBardsSong,1,1,1,1,2.6948647927873884e-05,6.776445076912652e-05
SegFaultOops,1,1,1,1,2.6948647927873884e-05,6.776445076912652e-05
Nexzus_,1,1,1,1,2.6948647927873884e-05,6.776445076912652e-05
annirosec,1,1,1,1,2.6948647927873884e-05,6.776445076912652e-05
Happy-Quantity7728,1,1,1,1,2.6948647927873884e-05,6.776445076912652e-05
Markcu24,1,1,1,1,2.6948647927873884e-05,6.776445076912652e-05
DeputyDomeshot,1,1,1,1,2.6948647927873884e-05,6.776445076912652e-05
ashypuppy,1,1,1,1,2.6948647927873884e-05,6.776445076912652e-05
The_Jazz_Doll,1,1,1,1,2.6948647927873884e-05,6.776445076912652e-05
Old_Goat_Ninja,1,1,1,1,2.6948647927873884e-05,6.776445076912652e-05
InnerWrathChild,1,1,1,1,2.6948647927873884e-05,6.776445076912652e-05
Potato_Nightshade,1,1,1,1,2.6948647927873884e-05,6.776445076912652e-05
Calimt,1,1,1,1,2.6948647927873884e-05,6.776445076912652e-05
Aech_Tee,1,1,1,1,2.6948647927873884e-05,6.776445076912652e-05
gnimsh,1,1,1,1,2.6948647927873884e-05,6.776445076912652e-05
Oxjrnine,1,1,1,1,2.6948647927873884e-05,6.776445076912652e-05
Outrageous_Eye5670,1,1,1,1,2.6948647927873884e-05,6.776445076912652e-05
Situation_Hot,1,1,1,1,2.6948647927873884e-05,6.776445076912652e-05
Epitomeofabnormal,1,1,1,1,2.6948647927873884e-05,6.776445076912652e-05
Fenix171,1,1,1,1,2.6948647927873884e-05,6.776445076912652e-05
cranky_bithead,1,1,1,1,2.6948647927873884e-05,6.776445076912652e-05
i-can-sleep-for-days,1,1,1,1,2.6948647927873884e-05,6.776445076912652e-05
Regulai,1,1,1,1,2.6948647927873884e-05,6.776445076912652e-05
Wise_Willingness_270,1,1,1,1,2.6948647927873884e-05,6.776445076912652e-05
SenorKiwinator,1,1,1,1,2.6948647927873884e-05,6.776445076912652e-05
ZombiesAreChasingHim,1,1,1,1,2.6948647927873884e-05,6.776445076912652e-05
Oskar_of_Astora,1,1,1,1,2.6948647927873884e-05,6.776445076912652e-05
Potato-9,1,1,1,1,2.6948647927873884e-05,6.776445076912652e-05
NoBrag_JustFact,1,1,1,1,2.6948647927873884e-05,6.776445076912652e-05
calm_chowder,1,1,1,1,2.6948647927873884e-05,6.776445076912652e-05
Peaceful-Mountains,1,1,1,1,2.6948647927873884e-05,6.776445076912652e-05
Candid_Elderberry_16,1,1,1,1,2.6948647927873884e-05,6.776445076912652e-05
krantmin,1,1,1,1,2.6948647927873884e-05,6.776445076912652e-05
pfunk1989,1,1,1,1,2.6948647927873884e-05,6.776445076912652e-05
OddGuarantee4061,1,1,1,1,2.6948647927873884e-05,6.776445076912652e-05
SweatyDimension2700,1,1,1,1,2.6948647927873884e-05,6.776445076912652e-05
Funny247365,1,1,1,1,2.6948647927873884e-05,6.776445076912652e-05
latecraigy,1,1,1,1,2.6948647927873884e-05,6.776445076912652e-05
PaleCommission150,1,1,1,1,2.6948647927873884e-05,6.776445076912652e-05
RaygunMarksman,1,1,1,1,2.6948647927873884e-05,6.776445076912652e-05
GeneralAsk1970,1,1,1,1,2.6948647927873884e-05,6.776445076912652e-05
Working-Ad694,1,1,1,1,2.6948647927873884e-05,6.776445076912652e-05
IOnlyReplyToIdiots42,1,1,1,1,2.6948647927873884e-05,6.776445076912652e-05
J_Damasta,1,1,1,1,2.6948647927873884e-05,6.776445076912652e-05
kimocani,1,1,1,1,2.6948647927873884e-05,6.776445076912652e-05
Tony481,1,1,1,1,2.6948647927873884e-05,6.776445076912652e-05
MoonNoodles,1,1,1,1,2.6948647927873884e-05,6.776445076912652e-05
aqwn,1,1,1,1,2.6948647927873884e-05,6.776445076912652e-05
crispycruz8,1,1,1,1,2.6948647927873884e-05,6.776445076912652e-05
Natural_Sky1618,1,1,1,1,2.6948647927873884e-05,6.776445076912652e-05
undergroundsilver,1,1,1,1,2.6948647927873884e-05,6.776445076912652e-05
ikbenbest,1,1,1,1,2.6948647927873884e-05,6.776445076912652e-05
RedFlutterMao,1,1,1,1,2.6948647927873884e-05,6.776445076912652e-05
IJustSignedUpToUp,1,1,1,1,2.6948647927873884e-05,6.776445076912652e-05
ViolinistLeast1925,1,1,1,1,2.6948647927873884e-05,6.776445076912652e-05
No-State5993,1,1,1,1,2.6948647927873884e-05,6.776445076912652e-05
Alternative-Let-2398,1,1,1,1,2.6948647927873884e-05,6.776445076912652e-05
Dangerous_Trick5292,1,1,1,1,2.6948647927873884e-05,6.776445076912652e-05
NoodleShak,1,1,1,1,2.6948647927873884e-05,6.776445076912652e-05
Either-Interaction57,1,1,1,1,2.6948647927873884e-05,6.776445076912652e-05
Jahkral,1,1,1,1,2.6948647927873884e-05,6.776445076912652e-05
NevyTheChemist,1,1,1,1,2.6948647927873884e-05,6.776445076912652e-05
alkiet,1,1,1,1,2.6948647927873884e-05,6.776445076912652e-05
ThereRnoIDs,1,1,1,1,2.6948647927873884e-05,6.776445076912652e-05
sharksrReal,1,1,1,1,2.6948647927873884e-05,6.776445076912652e-05
Axe_Fire,1,1,1,1,2.6948647927873884e-05,6.776445076912652e-05
microwavedtardigrade,1,1,1,1,2.6948647927873884e-05,6.776445076912652e-05
FabianFox,1,1,1,1,2.6948647927873884e-05,6.776445076912652e-05
InertPistachio,1,1,1,1,2.6948647927873884e-05,6.776445076912652e-05
AdventurousKey438,1,2,1,2,2.6948647927873884e-05,6.776445076912652e-05
Derpsteppin,1,1,1,1,2.6948647927873884e-05,6.776445076912652e-05
Charming-Kiwi-9277,1,1,1,1,2.6948647927873884e-05,6.776445076912652e-05
midnight11,1,1,1,1,2.6948647927873884e-05,6.776445076912652e-05
FanBeginning4112,1,1,1,1,2.6948647927873884e-05,6.776445076912652e-05
one-and-zero,1,1,1,1,2.6948647927873884e-05,6.776445076912652e-05
_jamesbaxter,1,2,1,2,2.6948647927873884e-05,6.776445076912652e-05
grannypants_16,1,1,1,1,2.6948647927873884e-05,6.776445076912652e-05
DoctorRabidBadger,1,1,1,1,2.6948647927873884e-05,6.776445076912652e-05
Potential-Motor-8810,1,1,1,1,2.6948647927873884e-05,6.776445076912652e-05
BlueGolfball,1,1,1,1,2.6948647927873884e-05,6.776445076912652e-05
ChocPineapple_23,1,1,1,1,2.6948647927873884e-05,6.776445076912652e-05
vesparotta,1,1,1,1,2.6948647927873884e-05,6.776445076912652e-05
PsychWriter11,1,1,1,1,2.6948647927873884e-05,6.776445076912652e-05
bucktoothedhazelnut,1,1,1,1,2.6948647927873884e-05,6.776445076912652e-05
harionfire,1,1,1,1,2.6948647927873884e-05,6.776445076912652e-05
Nachos_r_Life,1,1,1,1,2.6948647927873884e-05,6.776445076912652e-05
Habib455,1,1,1,1,2.6948647927873884e-05,6.776445076912652e-05
Complaintsdept123,1,1,1,1,2.6948647927873884e-05,6.776445076912652e-05
Encoresway,1,1,1,1,2.6948647927873884e-05,6.776445076912652e-05
Shannonagannery,1,1,1,1,2.6948647927873884e-05,6.776445076912652e-05
Breatheme444,1,1,1,1,2.6948647927873884e-05,6.776445076912652e-05
Primary-Activity-534,1,1,1,1,2.6948647927873884e-05,6.776445076912652e-05
woodropete,1,1,1,1,2.6948647927873884e-05,6.776445076912652e-05
Prudent_Conflict_815,1,1,1,1,2.6948647927873884e-05,6.776445076912652e-05
TheMoldyTatertot,1,1,1,1,2.6948647927873884e-05,6.776445076912652e-05
germnor,1,1,1,1,2.6948647927873884e-05,6.776445076912652e-05
RadReptile,1,1,1,1,2.6948647927873884e-05,6.776445076912652e-05
Muted-Resist6193,1,1,1,1,2.6948647927873884e-05,6.776445076912652e-05
LeatherDude,1,1,1,1,2.6948647927873884e-05,6.776445076912652e-05
EdPozoga,1,1,1,1,2.6948647927873884e-05,6.776445076912652e-05
OmniscientApizza,1,1,1,1,2.6948647927873884e-05,6.776445076912652e-05
4travelers,1,1,1,1,2.6948647927873884e-05,6.776445076912652e-05
publicdomainadmin,1,1,1,1,2.6948647927873884e-05,6.776445076912652e-05
Commercial_Pizza_799,1,1,1,1,2.6948647927873884e-05,6.776445076912652e-05
ogm4t,1,1,1,1,2.6948647927873884e-05,6.776445076912652e-05
Teach-Chemical,1,1,1,1,2.6948647927873884e-05,6.776445076912652e-05
idkmannn69,1,1,1,1,2.6948647927873884e-05,6.776445076912652e-05
Glibasme,1,1,1,1,2.6948647927873884e-05,6.776445076912652e-05
Puzzleheaded-Pie-784,1,1,1,1,2.6948647927873884e-05,6.776445076912652e-05
loves2travel2,1,1,1,1,2.6948647927873884e-05,6.776445076912652e-05
gillesvilleneuve_,1,1,1,1,2.6948647927873884e-05,6.776445076912652e-05
orangeshrek,1,2,1,2,2.6948647927873884e-05,6.776445076912652e-05
wasteyrselfzip,1,1,1,1,2.6948647927873884e-05,6.776445076912652e-05
kuster_august,1,1,1,1,2.6948647927873884e-05,6.776445076912652e-05
jaximointhecut,1,1,1,1,2.6948647927873884e-05,6.776445076912652e-05
_Notebook_,1,1,1,1,2.6948647927873884e-05,6.776445076912652e-05
TripleTen-Team,1,1,1,1,2.6948647927873884e-05,6.776445076912652e-05
GDY_00,1,1,1,1,2.6948647927873884e-05,6.776445076912652e-05
Capdavil,1,1,1,1,2.6948647927873884e-05,6.776445076912652e-05
Naive-Bird-1326,1,1,1,1,2.6948647927873884e-05,6.776445076912652e-05
the_curtains,1,1,1,1,2.6948647927873884e-05,6.776445076912652e-05
Constant_Ad6521,1,1,1,1,2.6948647927873884e-05,6.776445076912652e-05
pumpkin_pasties,1,1,1,1,2.6948647927873884e-05,6.776445076912652e-05
WildWildcat,1,1,1,1,2.6948647927873884e-05,6.776445076912652e-05
Amazing_Double_4555,1,1,1,1,2.6948647927873884e-05,6.776445076912652e-05
JamToEarDelivery,1,1,1,1,2.6948647927873884e-05,6.776445076912652e-05
WIN_WITH_VOLUME,1,1,1,1,2.6948647927873884e-05,6.776445076912652e-05
PsychologicalRisk458,1,1,1,1,2.6948647927873884e-05,6.776445076912652e-05
TimeDue2994,1,1,1,1,2.6948647927873884e-05,6.776445076912652e-05
lilymaxjack,1,1,1,1,2.6948647927873884e-05,6.776445076912652e-05
LuxyontheMoon,1,1,1,1,2.6948647927873884e-05,6.776445076912652e-05
smallestgiant12,1,1,1,1,2.6948647927873884e-05,6.776445076912652e-05
NefariousnessSweet70,1,1,1,1,2.6948647927873884e-05,6.776445076912652e-05
50-3,1,1,1,1,2.6948647927873884e-05,6.776445076912652e-05
Smokeyoutburst,1,1,1,1,2.6948647927873884e-05,6.776445076912652e-05
myballzhuert,1,1,1,1,2.6948647927873884e-05,6.776445076912652e-05
roskybosky,1,1,1,1,2.6948647927873884e-05,6.776445076912652e-05
YellowDC2R,1,1,1,1,2.6948647927873884e-05,6.776445076912652e-05
pdxpete144,1,1,1,1,2.6948647927873884e-05,6.776445076912652e-05
owera1211,1,1,1,1,2.6948647927873884e-05,6.776445076912652e-05
funny_funny_business,1,1,1,1,2.6948647927873884e-05,6.776445076912652e-05
Agreeable_Bear6812,1,1,1,1,2.6948647927873884e-05,6.776445076912652e-05
Atheist_3739,1,1,1,1,2.6948647927873884e-05,6.776445076912652e-05
GATaxGal,1,2,1,2,2.6948647927873884e-05,6.776445076912652e-05
Dunno_Bout_Dat,1,1,1,1,2.6948647927873884e-05,6.776445076912652e-05
Mysterious-Day8966,1,1,1,1,2.6948647927873884e-05,6.776445076912652e-05
stale__cheezit,1,1,1,1,2.6948647927873884e-05,6.776445076912652e-05
Efficient-Tank-5349,1,1,1,1,2.6948647927873884e-05,6.776445076912652e-05
metname,1,1,1,1,2.6948647927873884e-05,6.776445076912652e-05
Svndmann,1,1,1,1,2.6948647927873884e-05,6.776445076912652e-05
donniellama,1,2,1,2,2.6948647927873884e-05,6.776445076912652e-05
Candid_Gold2003,1,1,1,1,2.6948647927873884e-05,6.776445076912652e-05
rocket-engifar,1,1,1,1,2.6948647927873884e-05,6.776445076912652e-05
soopirV,1,1,1,1,2.6948647927873884e-05,6.776445076912652e-05
tofif33,1,2,1,2,2.6948647927873884e-05,6.776445076912652e-05
magnolias2019,1,1,1,1,2.6948647927873884e-05,6.776445076912652e-05
Serious-Employee-550,1,1,1,1,2.6948647927873884e-05,6.776445076912652e-05
mattkime,1,1,1,1,2.6948647927873884e-05,6.776445076912652e-05
seinfeld45,1,1,1,1,2.6948647927873884e-05,6.776445076912652e-05
Lowkey_Lovely,1,1,1,1,2.6948647927873884e-05,6.776445076912652e-05
mango_bandit1769,1,1,1,1,2.6948647927873884e-05,6.776445076912652e-05
zombie_pr0cess,1,1,1,1,2.6948647927873884e-05,6.776445076912652e-05
SuchVacation2880,1,1,1,1,2.6948647927873884e-05,6.776445076912652e-05
1sttimedogowner,1,1,1,1,2.6948647927873884e-05,6.776445076912652e-05
NeutralLock,1,1,1,1,2.6948647927873884e-05,6.776445076912652e-05
DrKrash38,1,1,1,1,2.6948647927873884e-05,6.776445076912652e-05
YetAnotherGuy2,1,1,1,1,2.6948647927873884e-05,6.776445076912652e-05
Shorts_at_Dinner,1,1,1,1,2.6948647927873884e-05,6.776445076912652e-05
hirschaj,1,1,1,1,2.6948647927873884e-05,6.776445076912652e-05
antihero_84,1,1,1,1,2.6948647927873884e-05,6.776445076912652e-05
Background_Radish238,1,1,1,1,2.6948647927873884e-05,6.776445076912652e-05
Low-Landscape-4609,1,1,1,1,2.6948647927873884e-05,6.776445076912652e-05
ivan510,1,1,1,1,2.6948647927873884e-05,6.776445076912652e-05
SeaworthinessDue8650,1,1,1,1,2.6948647927873884e-05,6.776445076912652e-05
SpeedingTourist,1,1,1,1,2.6948647927873884e-05,6.776445076912652e-05
Ormild,1,1,1,1,2.6948647927873884e-05,6.776445076912652e-05
People-Pollution5280,1,1,1,1,2.6948647927873884e-05,6.776445076912652e-05
GreenTeaLilly,1,1,1,1,2.6948647927873884e-05,6.776445076912652e-05
f329m,1,1,1,1,2.6948647927873884e-05,6.776445076912652e-05
Efficient_Lion4009,1,1,1,1,2.6948647927873884e-05,6.776445076912652e-05
burberryjacket,1,1,1,1,2.6948647927873884e-05,6.776445076912652e-05
Right-Ad8261,1,1,1,1,2.6948647927873884e-05,6.776445076912652e-05
ThrowAwayEvilOne,1,1,1,1,2.6948647927873884e-05,6.776445076912652e-05
Apprehensive_Pen_481,1,1,1,1,2.6948647927873884e-05,6.776445076912652e-05
Alert-Foundation2009,1,1,1,1,2.6948647927873884e-05,6.776445076912652e-05
jefsevsev,1,1,1,1,2.6948647927873884e-05,6.776445076912652e-05
copper678,1,1,1,1,2.6948647927873884e-05,6.776445076912652e-05
RazorOldSchool,1,1,1,1,2.6948647927873884e-05,6.776445076912652e-05
apartmen1,1,1,1,1,2.6948647927873884e-05,6.776445076912652e-05
quantum_career_coach,1,1,1,1,2.6948647927873884e-05,6.776445076912652e-05
blackberrymoonmoth,1,1,1,1,2.6948647927873884e-05,6.776445076912652e-05
Jarrus__Kanan_Jarrus,1,1,1,1,2.6948647927873884e-05,6.776445076912652e-05
jlt6666,1,1,1,1,2.6948647927873884e-05,6.776445076912652e-05
Deathblow92,1,1,1,1,2.6948647927873884e-05,6.776445076912652e-05
wailingwonder,1,1,1,1,2.6948647927873884e-05,6.776445076912652e-05
Accomplished_Pay8214,1,1,1,1,2.6948647927873884e-05,6.776445076912652e-05
ShapeShiftingCats,1,1,1,1,2.6948647927873884e-05,6.776445076912652e-05
faux_glove,1,1,1,1,2.6948647927873884e-05,6.776445076912652e-05
Numerous_Photograph9,1,2,1,2,2.6948647927873884e-05,6.776445076912652e-05
abittooambitious,1,1,1,1,2.6948647927873884e-05,6.776445076912652e-05
Hotsince_9282,1,1,1,1,2.6948647927873884e-05,6.776445076912652e-05
SpleenBender,1,1,1,1,2.6948647927873884e-05,6.776445076912652e-05
Kaladinidalak,1,1,1,1,2.6948647927873884e-05,6.776445076912652e-05
liptongtea,1,1,1,1,2.6948647927873884e-05,6.776445076912652e-05
logicbus,1,1,1,1,2.6948647927873884e-05,6.776445076912652e-05
PDXEng,1,1,1,1,2.6948647927873884e-05,6.776445076912652e-05
ankercrank,1,1,1,1,2.6948647927873884e-05,6.776445076912652e-05
WISCOrear,1,1,1,1,2.6948647927873884e-05,6.776445076912652e-05
BasicallyFake,1,1,1,1,2.6948647927873884e-05,6.776445076912652e-05
SomeGuyNamedPaul,1,1,1,1,2.6948647927873884e-05,6.776445076912652e-05
MagpieEnjoyer,1,1,1,1,2.6948647927873884e-05,6.776445076912652e-05
SasparillaTango,1,1,1,1,2.6948647927873884e-05,6.776445076912652e-05
Ill-Egg4008,1,1,1,1,2.6948647927873884e-05,6.776445076912652e-05
Attenburrowed,1,1,1,1,2.6948647927873884e-05,6.776445076912652e-05
AnybodyMassive1610,1,1,1,1,2.6948647927873884e-05,6.776445076912652e-05
Madmandocv1,1,1,1,1,2.6948647927873884e-05,6.776445076912652e-05
barktreep,1,1,1,1,2.6948647927873884e-05,6.776445076912652e-05
CelebrationFit8548,1,1,1,1,2.6948647927873884e-05,6.776445076912652e-05
serras_,1,1,1,1,2.6948647927873884e-05,6.776445076912652e-05
motorcycle-manful541,1,1,1,1,2.6948647927873884e-05,6.776445076912652e-05
Apollo_gentile,1,1,1,1,2.6948647927873884e-05,6.776445076912652e-05
whoop_whoop_pullup,1,1,1,1,2.6948647927873884e-05,6.776445076912652e-05
onlymostlydead,1,1,1,1,2.6948647927873884e-05,6.776445076912652e-05
SuperFrog4,1,1,1,1,2.6948647927873884e-05,6.776445076912652e-05
Big_Virgil,1,1,1,1,2.6948647927873884e-05,6.776445076912652e-05
RadarSmith,1,1,1,1,2.6948647927873884e-05,6.776445076912652e-05
FlushTheTurd,1,1,1,1,2.6948647927873884e-05,6.776445076912652e-05
Character4315,1,1,1,1,2.6948647927873884e-05,6.776445076912652e-05
greentintedlenses,1,1,1,1,2.6948647927873884e-05,6.776445076912652e-05
GenerationBop,1,1,1,1,2.6948647927873884e-05,6.776445076912652e-05
ET2-SW,1,1,1,1,2.6948647927873884e-05,6.776445076912652e-05
BigBennP,1,1,1,1,2.6948647927873884e-05,6.776445076912652e-05
golftroll,1,1,1,1,2.6948647927873884e-05,6.776445076912652e-05
IndigoRanger,1,1,1,1,2.6948647927873884e-05,6.776445076912652e-05
BoBoZoBo,1,1,1,1,2.6948647927873884e-05,6.776445076912652e-05
Professional-Fix100,1,1,1,1,2.6948647927873884e-05,6.776445076912652e-05
brokegaysonic,1,1,1,1,2.6948647927873884e-05,6.776445076912652e-05
MomsAreola,1,1,1,1,2.6948647927873884e-05,6.776445076912652e-05
adthrowaway2020,1,1,1,1,2.6948647927873884e-05,6.776445076912652e-05
Promarksman117,1,1,1,1,2.6948647927873884e-05,6.776445076912652e-05
YureiKnighto,1,1,1,1,2.6948647927873884e-05,6.776445076912652e-05
Lyndon_Boner_Johnson,1,1,1,1,2.6948647927873884e-05,6.776445076912652e-05
hijinks123,1,1,1,1,2.6948647927873884e-05,6.776445076912652e-05
Ok-Log1864,1,1,1,1,2.6948647927873884e-05,6.776445076912652e-05
MalabaristaEnFuego,1,1,1,1,2.6948647927873884e-05,6.776445076912652e-05
psaux_grep,1,1,1,1,2.6948647927873884e-05,6.776445076912652e-05
SeeRecursion,1,1,1,1,2.6948647927873884e-05,6.776445076912652e-05
bd2999,1,1,1,1,2.6948647927873884e-05,6.776445076912652e-05
currently_pooping_rn,1,1,1,1,2.6948647927873884e-05,6.776445076912652e-05
riotingonthewall,1,1,1,1,2.6948647927873884e-05,6.776445076912652e-05
boredlady819,1,1,1,1,2.6948647927873884e-05,6.776445076912652e-05
warm_sweater,1,1,1,1,2.6948647927873884e-05,6.776445076912652e-05
3BlindMice1,1,1,1,1,2.6948647927873884e-05,6.776445076912652e-05
Adjective-Noun-nnnn,1,1,1,1,2.6948647927873884e-05,6.776445076912652e-05
mountaindoom,1,1,1,1,2.6948647927873884e-05,6.776445076912652e-05
moosekin16,1,1,1,1,2.6948647927873884e-05,6.776445076912652e-05
Hoovooloo42,1,1,1,1,2.6948647927873884e-05,6.776445076912652e-05
macrowave,1,1,1,1,2.6948647927873884e-05,6.776445076912652e-05
CaptainPieces,1,1,1,1,2.6948647927873884e-05,6.776445076912652e-05
swampy13,1,1,1,1,2.6948647927873884e-05,6.776445076912652e-05
Downtown_Trash_8913,1,1,1,1,2.6948647927873884e-05,6.776445076912652e-05
weed_could_fix_that,1,1,1,1,2.6948647927873884e-05,6.776445076912652e-05
mistersynapse,1,1,1,1,2.6948647927873884e-05,6.776445076912652e-05
smthngclvr,1,1,1,1,2.6948647927873884e-05,6.776445076912652e-05
jrcomputing,1,1,1,1,2.6948647927873884e-05,6.776445076912652e-05
Thelonius_Dunk,1,1,1,1,2.6948647927873884e-05,6.776445076912652e-05
Top5hottest,1,1,1,1,2.6948647927873884e-05,6.776445076912652e-05
QueezyF,1,1,1,1,2.6948647927873884e-05,6.776445076912652e-05
MedicMoth,1,1,1,1,2.6948647927873884e-05,6.776445076912652e-05
wintrmt3,1,1,1,1,2.6948647927873884e-05,6.776445076912652e-05
Moe_Perry,1,1,1,1,2.6948647927873884e-05,6.776445076912652e-05
Valuable_Recording85,1,1,1,1,2.6948647927873884e-05,6.776445076912652e-05
Exciting-Tart-2289,1,1,1,1,2.6948647927873884e-05,6.776445076912652e-05
wrakshae,1,1,1,1,2.6948647927873884e-05,6.776445076912652e-05
fuckswitbeavers,1,1,1,1,2.6948647927873884e-05,6.776445076912652e-05
orangejuicecake,1,1,1,1,2.6948647927873884e-05,6.776445076912652e-05
Janube,1,1,1,1,2.6948647927873884e-05,6.776445076912652e-05
MrValdemar,1,1,1,1,2.6948647927873884e-05,6.776445076912652e-05
ClinicalOppression,1,1,1,1,2.6948647927873884e-05,6.776445076912652e-05
Kizik,1,1,1,1,2.6948647927873884e-05,6.776445076912652e-05
Sofer2113,1,1,1,1,2.6948647927873884e-05,6.776445076912652e-05
chaser676,1,1,1,1,2.6948647927873884e-05,6.776445076912652e-05
Genie-Tickle-007,1,1,1,1,2.6948647927873884e-05,6.776445076912652e-05
NeverEndingCoralMaze,1,1,1,1,2.6948647927873884e-05,6.776445076912652e-05
theBladesoFwar54556,1,1,1,1,2.6948647927873884e-05,6.776445076912652e-05
urthen,1,1,1,1,2.6948647927873884e-05,6.776445076912652e-05
tripsd,1,1,1,1,2.6948647927873884e-05,6.776445076912652e-05
RenRen512,1,1,1,1,2.6948647927873884e-05,6.776445076912652e-05
TummyDrums,1,2,1,2,2.6948647927873884e-05,6.776445076912652e-05
mowotlarx,1,1,1,1,2.6948647927873884e-05,6.776445076912652e-05
EmergencyJacket207,1,1,1,1,2.6948647927873884e-05,6.776445076912652e-05
SNTCTN,1,1,1,1,2.6948647927873884e-05,6.776445076912652e-05
GenePoolFilter,1,1,1,1,2.6948647927873884e-05,6.776445076912652e-05
One-Vast-5227,1,1,1,1,2.6948647927873884e-05,6.776445076912652e-05
GreenFox1505,1,1,1,1,2.6948647927873884e-05,6.776445076912652e-05
Upbeat_Parking_7794,1,1,1,1,2.6948647927873884e-05,6.776445076912652e-05
Pete-PDX,1,2,1,2,2.6948647927873884e-05,6.776445076912652e-05
MotheroftheworldII,1,1,1,1,2.6948647927873884e-05,6.776445076912652e-05
SAI_Peregrinus,1,1,1,1,2.6948647927873884e-05,6.776445076912652e-05
Blazing1,1,1,1,1,2.6948647927873884e-05,6.776445076912652e-05
Ok_North_1984,1,1,1,1,2.6948647927873884e-05,6.776445076912652e-05
henlochimken,1,1,1,1,2.6948647927873884e-05,6.776445076912652e-05
ImThatAlexGuy,1,1,1,1,2.6948647927873884e-05,6.776445076912652e-05
spidereater,1,1,1,1,2.6948647927873884e-05,6.776445076912652e-05
CornerHugger,1,1,1,1,2.6948647927873884e-05,6.776445076912652e-05
BlueCheeseWalnut,1,1,1,1,2.6948647927873884e-05,6.776445076912652e-05
Worth-Frosting-2917,1,1,1,1,2.6948647927873884e-05,6.776445076912652e-05
SidheCreature,1,1,1,1,2.6948647927873884e-05,6.776445076912652e-05
HasGreatVocabulary,1,1,1,1,2.6948647927873884e-05,6.776445076912652e-05
COMMENT0R_3000,1,1,1,1,2.6948647927873884e-05,6.776445076912652e-05
Wind_Best_1440,1,1,1,1,2.6948647927873884e-05,6.776445076912652e-05
ImSolidGold,1,1,1,1,2.6948647927873884e-05,6.776445076912652e-05
yowmeister,1,1,1,1,2.6948647927873884e-05,6.776445076912652e-05
Maleficent_Break_451,1,1,1,1,2.6948647927873884e-05,6.776445076912652e-05
AcolyteOfCynicism,1,1,1,1,2.6948647927873884e-05,6.776445076912652e-05
Ireallydontkn0w2,1,1,1,1,2.6948647927873884e-05,6.776445076912652e-05
Lysol3435,1,1,1,1,2.6948647927873884e-05,6.776445076912652e-05
myretrospirit,1,1,1,1,2.6948647927873884e-05,6.776445076912652e-05
Cragnous,1,1,1,1,2.6948647927873884e-05,6.776445076912652e-05
intelpentium400,1,1,1,1,2.6948647927873884e-05,6.776445076912652e-05
oxidized_banana_peel,1,1,1,1,2.6948647927873884e-05,6.776445076912652e-05
oxfordcommaordeath,1,1,1,1,2.6948647927873884e-05,6.776445076912652e-05
NefariousnessAble736,1,1,1,1,2.6948647927873884e-05,6.776445076912652e-05
SteamedGamer,1,1,1,1,2.6948647927873884e-05,6.776445076912652e-05
whatiscamping,1,1,1,1,2.6948647927873884e-05,6.776445076912652e-05
sansaman,1,1,1,1,2.6948647927873884e-05,6.776445076912652e-05
Dokibatt,1,1,1,1,2.6948647927873884e-05,6.776445076912652e-05
acelaya35,1,1,1,1,2.6948647927873884e-05,6.776445076912652e-05
papasan_mamasan,1,1,1,1,2.6948647927873884e-05,6.776445076912652e-05
2hats4bats,1,2,1,2,2.6948647927873884e-05,6.776445076912652e-05
nunyab1z,1,1,1,1,2.6948647927873884e-05,6.776445076912652e-05
ebikr,1,1,1,1,2.6948647927873884e-05,6.776445076912652e-05
TryingoutSamantha,1,1,1,1,2.6948647927873884e-05,6.776445076912652e-05
-Hel-,1,1,1,1,2.6948647927873884e-05,6.776445076912652e-05
ayypecs,1,1,1,1,2.6948647927873884e-05,6.776445076912652e-05
Vulturo,1,1,1,1,2.6948647927873884e-05,6.776445076912652e-05
Rare_Register_4181,1,1,1,1,2.6948647927873884e-05,6.776445076912652e-05
Skybreakeresq,1,1,1,1,2.6948647927873884e-05,6.776445076912652e-05
OhSixTJ,1,1,1,1,2.6948647927873884e-05,6.776445076912652e-05
Vaxion,1,1,1,1,2.6948647927873884e-05,6.776445076912652e-05
discoveredunknown,1,1,1,1,2.6948647927873884e-05,6.776445076912652e-05
dc_IV,1,1,1,1,2.6948647927873884e-05,6.776445076912652e-05
ceilingscorpion,1,1,1,1,2.6948647927873884e-05,6.776445076912652e-05
KnifeEdge,1,1,1,1,2.6948647927873884e-05,6.776445076912652e-05
barrygateaux,1,1,1,1,2.6948647927873884e-05,6.776445076912652e-05
Omega593,1,1,1,1,2.6948647927873884e-05,6.776445076912652e-05
Dr4kin,1,1,1,1,2.6948647927873884e-05,6.776445076912652e-05
Outrageous-Ruin-5226,1,1,1,1,2.6948647927873884e-05,6.776445076912652e-05
UnethicalSamurai,1,1,1,1,2.6948647927873884e-05,6.776445076912652e-05
Ulysses502,1,1,1,1,2.6948647927873884e-05,6.776445076912652e-05
articulatedbeaver,1,1,1,1,2.6948647927873884e-05,6.776445076912652e-05
itoddicus,1,1,1,1,2.6948647927873884e-05,6.776445076912652e-05
skidanscours,1,1,1,1,2.6948647927873884e-05,6.776445076912652e-05
litigationfool,1,1,1,1,2.6948647927873884e-05,6.776445076912652e-05
Trademarkd,1,1,1,1,2.6948647927873884e-05,6.776445076912652e-05
dumbledayum,1,1,1,1,2.6948647927873884e-05,6.776445076912652e-05
Suck_My_Thick,1,1,1,1,2.6948647927873884e-05,6.776445076912652e-05
47-45-45-4B,1,1,1,1,2.6948647927873884e-05,6.776445076912652e-05
ThenBridge8090,1,1,1,1,2.6948647927873884e-05,6.776445076912652e-05
TheFoxsWeddingTarot,1,1,1,1,2.6948647927873884e-05,6.776445076912652e-05
airship_of_arbitrary,1,1,1,1,2.6948647927873884e-05,6.776445076912652e-05
Gleem_,1,1,1,1,2.6948647927873884e-05,6.776445076912652e-05
OogieBoogiez,1,1,1,1,2.6948647927873884e-05,6.776445076912652e-05
Fucky0uthatswhy,1,1,1,1,2.6948647927873884e-05,6.776445076912652e-05
jundis,1,1,1,1,2.6948647927873884e-05,6.776445076912652e-05
fraktionen,1,1,1,1,2.6948647927873884e-05,6.776445076912652e-05
PloppyPants9000,1,1,1,1,2.6948647927873884e-05,6.776445076912652e-05
COC_410,1,1,1,1,2.6948647927873884e-05,6.776445076912652e-05
Nosiege,1,1,1,1,2.6948647927873884e-05,6.776445076912652e-05
xubax,1,1,1,1,2.6948647927873884e-05,6.776445076912652e-05
cpatel479,1,1,1,1,2.6948647927873884e-05,6.776445076912652e-05
boolpies,1,1,1,1,2.6948647927873884e-05,6.776445076912652e-05
SectorSanFrancisco,1,1,1,1,2.6948647927873884e-05,6.776445076912652e-05
westisbestmicah,1,1,1,1,2.6948647927873884e-05,6.776445076912652e-05
AnxiousCount2367,1,1,1,1,2.6948647927873884e-05,6.776445076912652e-05
asfletch,1,1,1,1,2.6948647927873884e-05,6.776445076912652e-05
mystery_science,1,1,1,1,2.6948647927873884e-05,6.776445076912652e-05
matrinox,1,1,1,1,2.6948647927873884e-05,6.776445076912652e-05
asyork,1,1,1,1,2.6948647927873884e-05,6.776445076912652e-05
Pansophy,1,1,1,1,2.6948647927873884e-05,6.776445076912652e-05
FjorgVanDerPlorg,1,1,1,1,2.6948647927873884e-05,6.776445076912652e-05
righthandedlefty69,1,1,1,1,2.6948647927873884e-05,6.776445076912652e-05
timothy53,1,1,1,1,2.6948647927873884e-05,6.776445076912652e-05
mp2146,1,1,1,1,2.6948647927873884e-05,6.776445076912652e-05
chrisbcritter,1,1,1,1,2.6948647927873884e-05,6.776445076912652e-05
SDRabidBear,1,1,1,1,2.6948647927873884e-05,6.776445076912652e-05
Jonessejel2,1,1,1,1,2.6948647927873884e-05,6.776445076912652e-05
digitalheadbutt,1,1,1,1,2.6948647927873884e-05,6.776445076912652e-05
yrrrrrrrr,1,1,1,1,2.6948647927873884e-05,6.776445076912652e-05
da8BitKid,1,1,1,1,2.6948647927873884e-05,6.776445076912652e-05
Fun-Crow6284,1,1,1,1,2.6948647927873884e-05,6.776445076912652e-05
Salty-Level,1,1,1,1,2.6948647927873884e-05,6.776445076912652e-05
OneTwoThreeFourFf,1,1,1,1,2.6948647927873884e-05,6.776445076912652e-05
YOLO_Tamasi,1,1,1,1,2.6948647927873884e-05,6.776445076912652e-05
Raizzor,1,1,1,1,2.6948647927873884e-05,6.776445076912652e-05
Virtual_Praline234,1,1,1,1,2.6948647927873884e-05,6.776445076912652e-05
ilski,1,1,1,1,2.6948647927873884e-05,6.776445076912652e-05
LaughingBeer,1,1,1,1,2.6948647927873884e-05,6.776445076912652e-05
SingerSingle5682,1,1,1,1,2.6948647927873884e-05,6.776445076912652e-05
enjoythepain,1,1,1,1,2.6948647927873884e-05,6.776445076912652e-05
bob_lala,1,1,1,1,2.6948647927873884e-05,6.776445076912652e-05
______deleted__,1,1,1,1,2.6948647927873884e-05,6.776445076912652e-05
Uspion,1,1,1,1,2.6948647927873884e-05,6.776445076912652e-05
Applesaucesquatch,1,1,1,1,2.6948647927873884e-05,6.776445076912652e-05
TeutonJon78,1,2,1,2,2.6948647927873884e-05,6.776445076912652e-05
PewterButters,1,1,1,1,2.6948647927873884e-05,6.776445076912652e-05
eaatest,1,1,1,1,2.6948647927873884e-05,6.776445076912652e-05
im-ba,1,1,1,1,2.6948647927873884e-05,6.776445076912652e-05
Steak_Knight,1,1,1,1,2.6948647927873884e-05,6.776445076912652e-05
aquarain,1,1,1,1,2.6948647927873884e-05,6.776445076912652e-05
ThankuConan,1,1,1,1,2.6948647927873884e-05,6.776445076912652e-05
T_D_K,1,1,1,1,2.6948647927873884e-05,6.776445076912652e-05
thatguycolin,1,1,1,1,2.6948647927873884e-05,6.776445076912652e-05
ThrownAway17Years,1,1,1,1,2.6948647927873884e-05,6.776445076912652e-05
_PaulM,1,1,1,1,2.6948647927873884e-05,6.776445076912652e-05
xangbar,1,1,1,1,2.6948647927873884e-05,6.776445076912652e-05
jizonida,1,1,1,1,2.6948647927873884e-05,6.776445076912652e-05
ProfessionalLeek2152,1,1,1,1,2.6948647927873884e-05,6.776445076912652e-05
Tango6US,1,1,1,1,2.6948647927873884e-05,6.776445076912652e-05
madmaxGMR,1,1,1,1,2.6948647927873884e-05,6.776445076912652e-05
jbourne71,1,1,1,1,2.6948647927873884e-05,6.776445076912652e-05
leeps22,1,1,1,1,2.6948647927873884e-05,6.776445076912652e-05
Effective_Pie1312,1,1,1,1,2.6948647927873884e-05,6.776445076912652e-05
Bahamabanana,1,1,1,1,2.6948647927873884e-05,6.776445076912652e-05
ArchSyker,1,1,1,1,2.6948647927873884e-05,6.776445076912652e-05
OptimusSublime,1,1,1,1,2.6948647927873884e-05,6.776445076912652e-05
Tulki,1,1,1,1,2.6948647927873884e-05,6.776445076912652e-05
Greedy_Bar6676,1,1,1,1,2.6948647927873884e-05,6.776445076912652e-05
Creepy-Floor-1745,1,2,1,2,2.6948647927873884e-05,6.776445076912652e-05
BlueDebate,1,1,1,1,2.6948647927873884e-05,6.776445076912652e-05
mynadidas5,1,1,1,1,2.6948647927873884e-05,6.776445076912652e-05
No-Stand2427,1,1,1,1,2.6948647927873884e-05,6.776445076912652e-05
ashleyriddell61,1,1,1,1,2.6948647927873884e-05,6.776445076912652e-05
panic_talking,1,1,1,1,2.6948647927873884e-05,6.776445076912652e-05
femme_mystique,1,1,1,1,2.6948647927873884e-05,6.776445076912652e-05
worried_etng,1,1,1,1,2.6948647927873884e-05,6.776445076912652e-05
fantasstic_bet,1,1,1,1,2.6948647927873884e-05,6.776445076912652e-05
GabuEx,1,1,1,1,2.6948647927873884e-05,6.776445076912652e-05
engrng,1,1,1,1,2.6948647927873884e-05,6.776445076912652e-05
Joooooooosh,1,1,1,1,2.6948647927873884e-05,6.776445076912652e-05
ikzz1,1,1,1,1,2.6948647927873884e-05,6.776445076912652e-05
martala,1,1,1,1,2.6948647927873884e-05,6.776445076912652e-05
djamp42,1,1,1,1,2.6948647927873884e-05,6.776445076912652e-05
Afton11,1,1,1,1,2.6948647927873884e-05,6.776445076912652e-05
howardzen12,1,1,1,1,2.6948647927873884e-05,6.776445076912652e-05
Hands,1,1,1,1,2.6948647927873884e-05,6.776445076912652e-05
Tulpah,1,1,1,1,2.6948647927873884e-05,6.776445076912652e-05
Aberdolf-Linkler,1,1,1,1,2.6948647927873884e-05,6.776445076912652e-05
VVsmama88,1,1,1,1,2.6948647927873884e-05,6.776445076912652e-05
NodeZeroNein,1,1,1,1,2.6948647927873884e-05,6.776445076912652e-05
mleb_mleb_mleb,1,1,1,1,2.6948647927873884e-05,6.776445076912652e-05
jimtow28,1,1,1,1,2.6948647927873884e-05,6.776445076912652e-05
imperatrixderoma,1,1,1,1,2.6948647927873884e-05,6.776445076912652e-05
bobby_table5,1,1,1,1,2.6948647927873884e-05,6.776445076912652e-05
isjahammer,1,1,1,1,2.6948647927873884e-05,6.776445076912652e-05
True-Desktective,1,1,1,1,2.6948647927873884e-05,6.776445076912652e-05
freexanarchy,1,1,1,1,2.6948647927873884e-05,6.776445076912652e-05
IbraKaadabra,1,1,1,1,2.6948647927873884e-05,6.776445076912652e-05
s8rlink,1,1,1,1,2.6948647927873884e-05,6.776445076912652e-05
BlondeBorednBaked,1,1,1,1,2.6948647927873884e-05,6.776445076912652e-05
Jzeeee,1,1,1,1,2.6948647927873884e-05,6.776445076912652e-05
Electronic-Stick-161,1,1,1,1,2.6948647927873884e-05,6.776445076912652e-05
pieman3141,1,1,1,1,2.6948647927873884e-05,6.776445076912652e-05
beginner75,1,1,1,1,2.6948647927873884e-05,6.776445076912652e-05
bunnypaste,1,1,1,1,2.6948647927873884e-05,6.776445076912652e-05
dabroh,1,1,1,1,2.6948647927873884e-05,6.776445076912652e-05
fcocyclone,1,1,1,1,2.6948647927873884e-05,6.776445076912652e-05
captainpoppy,1,1,1,1,2.6948647927873884e-05,6.776445076912652e-05
LovesRetribution,1,1,1,1,2.6948647927873884e-05,6.776445076912652e-05
SensibleReply,1,1,1,1,2.6948647927873884e-05,6.776445076912652e-05
FreshitUp_,1,1,1,1,2.6948647927873884e-05,6.776445076912652e-05
rbooris,1,1,1,1,2.6948647927873884e-05,6.776445076912652e-05
Phoenixad72,1,1,1,1,2.6948647927873884e-05,6.776445076912652e-05
MEM0RYCARD99,1,1,1,1,2.6948647927873884e-05,6.776445076912652e-05
slow_news_day,1,1,1,1,2.6948647927873884e-05,6.776445076912652e-05
Phyrexian_Archlegion,1,1,1,1,2.6948647927873884e-05,6.776445076912652e-05
Captainxpunch,1,1,1,1,2.6948647927873884e-05,6.776445076912652e-05
pettypaybacksp,1,1,1,1,2.6948647927873884e-05,6.776445076912652e-05
Dangerous_Pop_5360,1,1,1,1,2.6948647927873884e-05,6.776445076912652e-05
funsizedtrouble,1,1,1,1,2.6948647927873884e-05,6.776445076912652e-05
maclifer,1,1,1,1,2.6948647927873884e-05,6.776445076912652e-05
TaylorMonkey,1,1,1,1,2.6948647927873884e-05,6.776445076912652e-05
Sptsjunkie,1,1,1,1,2.6948647927873884e-05,6.776445076912652e-05
Suspicious-Yogurt-95,1,1,1,1,2.6948647927873884e-05,6.776445076912652e-05
pambimbo,1,1,1,1,2.6948647927873884e-05,6.776445076912652e-05
THE_GOP,1,1,1,1,2.6948647927873884e-05,6.776445076912652e-05
ianpaschal,1,1,1,1,2.6948647927873884e-05,6.776445076912652e-05
Illadelphian,1,1,1,1,2.6948647927873884e-05,6.776445076912652e-05
ShiraCheshire,1,1,1,1,2.6948647927873884e-05,6.776445076912652e-05
skolrageous,1,1,1,1,2.6948647927873884e-05,6.776445076912652e-05
workMachine,1,1,1,1,2.6948647927873884e-05,6.776445076912652e-05
Brilliant-Giraffe983,1,1,1,1,2.6948647927873884e-05,6.776445076912652e-05
infamusforever223,1,1,1,1,2.6948647927873884e-05,6.776445076912652e-05
PsychicWarElephant,1,1,1,1,2.6948647927873884e-05,6.776445076912652e-05
Fourthspartan56,1,1,1,1,2.6948647927873884e-05,6.776445076912652e-05
Queeg_500,1,1,1,1,2.6948647927873884e-05,6.776445076912652e-05
Atheizm,1,1,1,1,2.6948647927873884e-05,6.776445076912652e-05
tirohtar,1,1,1,1,2.6948647927873884e-05,6.776445076912652e-05
Doridar,1,1,1,1,2.6948647927873884e-05,6.776445076912652e-05
Major-Corner-640,1,1,1,1,2.6948647927873884e-05,6.776445076912652e-05
CriesAboutSkinsInCOD,1,1,1,1,2.6948647927873884e-05,6.776445076912652e-05
asdechlpc,1,1,1,1,2.6948647927873884e-05,6.776445076912652e-05
gopiballava,1,1,1,1,2.6948647927873884e-05,6.776445076912652e-05
th3greenknight,1,1,1,2,2.6948647927873884e-05,6.776445076912652e-05
Virsenas,1,1,1,1,2.6948647927873884e-05,6.776445076912652e-05
azac24,1,1,1,1,2.6948647927873884e-05,6.776445076912652e-05
milanistasbarazzino0,1,1,1,1,2.6948647927873884e-05,6.776445076912652e-05
madu_tualang,1,1,1,1,2.6948647927873884e-05,6.776445076912652e-05
Cristian_Cerv9,1,1,1,1,2.6948647927873884e-05,6.776445076912652e-05
egotripping,1,1,1,1,2.6948647927873884e-05,6.776445076912652e-05
HurtyGeneva,1,1,1,1,2.6948647927873884e-05,6.776445076912652e-05
casual_btw,1,1,1,1,2.6948647927873884e-05,6.776445076912652e-05
Biliunas,1,1,1,1,2.6948647927873884e-05,6.776445076912652e-05
gangstanthony,1,1,1,1,2.6948647927873884e-05,6.776445076912652e-05
Flyby34,1,1,1,1,2.6948647927873884e-05,6.776445076912652e-05
Periwinkle_Lost,1,1,1,1,2.6948647927873884e-05,6.776445076912652e-05
Leather-Ambition121,1,1,1,1,2.6948647927873884e-05,6.776445076912652e-05
radicallyhip,1,1,1,1,2.6948647927873884e-05,6.776445076912652e-05
OrionJustice,1,1,1,1,2.6948647927873884e-05,6.776445076912652e-05
uhs-robert,1,1,1,1,2.6948647927873884e-05,6.776445076912652e-05
notsoninjaninja1,1,1,1,1,2.6948647927873884e-05,6.776445076912652e-05
CantaloupeCamper,1,1,1,1,2.6948647927873884e-05,6.776445076912652e-05
OrelTheCheese,1,1,1,1,2.6948647927873884e-05,6.776445076912652e-05
bit_shuffle,1,1,1,1,2.6948647927873884e-05,6.776445076912652e-05
undead-robot,1,1,1,1,2.6948647927873884e-05,6.776445076912652e-05
Eve_and_Bubbis,1,1,1,1,2.6948647927873884e-05,6.776445076912652e-05
yellowmonkeyzx93,1,1,1,1,2.6948647927873884e-05,6.776445076912652e-05
Syntaire,1,1,1,1,2.6948647927873884e-05,6.776445076912652e-05
tiltboi1,1,1,1,1,2.6948647927873884e-05,6.776445076912652e-05
tabdon,1,1,1,1,2.6948647927873884e-05,6.776445076912652e-05
lucylovergdp,1,1,1,2,2.6948647927873884e-05,6.776445076912652e-05
jinxeralbatross,1,1,1,1,2.6948647927873884e-05,6.776445076912652e-05
sumplookinggai,1,1,1,1,2.6948647927873884e-05,6.776445076912652e-05
YellowBeaverFever,1,1,1,1,2.6948647927873884e-05,6.776445076912652e-05
m0neky,1,1,1,1,2.6948647927873884e-05,6.776445076912652e-05
lovelacedeconstruct,1,1,1,1,2.6948647927873884e-05,6.776445076912652e-05
__sad_but_rad__,2,1,2,1,2.6948647927873884e-05,2.4153156481202616e-05
bigstinkylizard,2,1,2,1,2.6948647927873884e-05,6.118656167922848e-06
TheHentaiManReddit,1,0,1,0,2.6948647927873884e-05,0.0
Perc3O,1,0,1,0,2.6948647927873884e-05,0.0
codedrifting,1,0,1,0,2.6948647927873884e-05,0.0
Zaltrax777,1,0,1,0,2.6948647927873884e-05,0.0
BabyJuniorLover,1,0,1,0,2.6948647927873884e-05,0.0
Fast-Tune-6989,1,0,1,0,2.6948647927873884e-05,0.0
Round-Ocelot4129,1,1,1,1,2.6948647927873884e-05,0.0
ItsAlwaysSunnyInCali,1,1,1,1,2.693010847400186e-05,4.9018863412390165e-05
ManiacalDane,1,4,1,4,2.693010847400186e-05,3.218238678613469e-05
DecoyOne,1,1,1,1,2.693010847400186e-05,1.7747832344295038e-07
Cowbelf,1,1,1,1,2.6923928656044515e-05,0.0
Careless-Adeptness56,1,1,1,1,2.689926681916588e-05,1.145797828968049e-05
Jealous-Adeptness-16,1,2,1,2,2.6863664837623533e-05,5.868255581651513e-06
ohsinboi,1,1,1,1,2.6863480354408156e-05,2.3150308670596187e-05
LotusFlare,1,1,1,1,2.684640953891386e-05,1.749244442631702e-05
Son_Of_Toucan_Sam,1,1,1,1,2.684640953891386e-05,9.076537258078221e-06
Fine-Diver9636,1,2,1,2,2.680801421505134e-05,0.0003151890156724413
ryizer,1,1,1,1,2.680801421505134e-05,0.0
illathon,1,3,1,3,2.6795911634134176e-05,0.0003437385354631956
Ill-Independence6422,1,1,1,1,2.6795911634134176e-05,8.641105223923246e-06
floghdraki,1,1,1,1,2.6795911634134176e-05,0.0
mansfall,1,1,1,1,2.6795911634134176e-05,0.0
MomLovesMeBest,1,1,1,1,2.678902910448695e-05,3.7558250938541052e-06
baachou,1,1,1,1,2.6780153177587023e-05,0.0
paradoxofpurple,1,1,1,1,2.677296516742105e-05,0.0
Gas-Town,2,5,2,5,2.676214659890753e-05,0.00010016492793776345
Ancient-Beat-1614,2,3,2,3,2.676214659890753e-05,4.196161956679099e-05
jessedoasjessedoes4,1,1,1,1,2.675624740521837e-05,1.0942703901977466e-06
Susiepeterson,1,2,1,2,2.6752772101194568e-05,1.6846995399546733e-06
GrowthHackerMode,1,1,1,1,2.6689513271720775e-05,0.0
BL1133,1,2,1,3,2.6689513271720775e-05,0.0
Soundurr,1,1,1,1,2.6689513271720775e-05,0.0
KeyOcelot4679,1,1,1,1,2.6662693571759158e-05,5.429010041138215e-05
Substantial_Prune_64,1,3,1,3,2.6662058874186718e-05,0.00018438400632961693
AdmirableRabbit6723,1,3,1,3,2.6662058874186718e-05,3.0998306671356566e-05
WildRacoons,1,2,1,2,2.6662058874186718e-05,2.2689256463682887e-05
nikospkrk,1,1,1,1,2.661093543321018e-05,2.3936677024849996e-05
IceCreamValley,1,2,1,2,2.6585346874122694e-05,0.004422259068204721
UdenVranks,1,1,1,1,2.656355919829841e-05,0.0
Kefrus,1,1,1,1,2.656355919829841e-05,0.0
mxt0133,1,1,1,1,2.656301303708191e-05,3.4612283321761315e-05
LucyLuck_,1,1,1,1,2.652236218703668e-05,0.0
Delicioso_Badger2619,1,2,1,3,2.6471016635147606e-05,6.981791897425156e-07
johnnygalat,1,1,1,2,2.6398643348189264e-05,0.0
shade_study_break,1,1,1,1,2.6394919750088236e-05,0.0
SpicyFlygon,1,1,1,1,2.63383878342719e-05,0.0
Omnislash99999,1,1,1,1,2.6301133600373417e-05,6.697653263689719e-06
WeinerBarf420,1,2,1,2,2.6229823909871547e-05,0.00011384368421325466
Business_Ad_9850,1,1,1,1,2.61972863170803e-05,0.0
Ok_6970,1,2,1,2,2.606846272972948e-05,8.665506964586031e-06
AZEMT,1,1,1,1,2.606846272972948e-05,0.0
broguequery,1,3,1,3,2.6061596306079306e-05,5.6134196651270315e-05
MonYverse0609,1,1,1,1,2.6047220243781986e-05,0.0
bootsgirl41,1,1,1,1,2.602588199490061e-05,0.0015567585981090721
ShareGlittering1502,1,2,1,2,2.602588199490061e-05,0.0005394271963545849
mancunian101,1,4,1,4,2.602588199490061e-05,0.0005087569007511897
surnik22,1,1,1,1,2.602588199490061e-05,0.00029766242380469313
OGKrnWanderer,1,1,1,1,2.602588199490061e-05,0.0001863687070246316
Pleasant8484,1,1,1,1,2.602588199490061e-05,0.0001417439975603917
MarcBulldog88,1,1,1,1,2.602588199490061e-05,0.00013552890153825303
UnkeptSpoon5,1,1,1,1,2.602588199490061e-05,0.00010300319469836312
BaerMinUhMuhm,1,1,1,1,2.602588199490061e-05,9.872179715305012e-05
rikosuave10,1,1,1,1,2.602588199490061e-05,9.208046390994635e-05
BattlestarTide,1,1,1,1,2.602588199490061e-05,8.898251917451735e-05
Scarlet-Highlander-,1,1,1,1,2.602588199490061e-05,6.776445076912652e-05
MeenzerWegwerf,1,1,1,1,2.602588199490061e-05,6.776445076912652e-05
droi86,1,2,1,2,2.602588199490061e-05,6.437275667338175e-05
rationalomega,1,1,1,1,2.602588199490061e-05,5.608041461649451e-05
Tiki_Man_Roar,1,1,1,1,2.602588199490061e-05,5.1344874766853844e-05
yilzzzz,1,1,1,1,2.602588199490061e-05,4.089091403984953e-05
LaSage,1,1,1,1,2.602588199490061e-05,3.5999005098415565e-05
AceOBlade,1,1,1,1,2.602588199490061e-05,3.27690863606617e-05
MaddogBC,1,1,1,1,2.602588199490061e-05,2.2358779863692787e-05
SquatOnAPitbull,1,1,1,1,2.602588199490061e-05,1.7894129623978057e-05
m_jax,1,1,1,1,2.602588199490061e-05,1.3718801845189852e-05
Might0fHeaven,1,1,1,1,2.602588199490061e-05,5.458020573059645e-06
amanuense,1,1,1,1,2.602588199490061e-05,3.3317521628153873e-06
Jaded-Supermarket-28,1,1,1,1,2.602588199490061e-05,2.1107371517346445e-06
liljoey300,1,1,1,1,2.602588199490061e-05,6.628579497181644e-07
limma,1,1,1,1,2.602588199490061e-05,0.0
NoRegretCeptThatOne,1,1,1,1,2.602588199490061e-05,0.0
SequesterMe,1,1,1,1,2.602588199490061e-05,0.0
ciacco22,1,1,1,1,2.602588199490061e-05,0.0
No_Remove459,1,1,1,1,2.5976968686557834e-05,0.0003818256089207998
Roman_of_Ukraine,1,1,1,1,2.597081582883856e-05,0.0
Deep_Ad1959,1,3,1,3,2.5858033949153522e-05,0.00021825817337559246
humanperson111,1,1,1,1,2.5848920160084105e-05,6.729940061678937e-05
SplitEndsSuck,2,1,2,1,2.5822954186152886e-05,0.0005716838615381575
Emotional_Database53,1,1,1,1,2.5769950232124804e-05,0.0
BeanserSoyze,1,2,1,2,2.5718293350576185e-05,0.000295944104029035
void1110,1,1,1,1,2.5718293350576185e-05,0.0001871878815969439
janandgeorgeglass,1,1,1,1,2.5718293350576185e-05,2.0566421172913012e-05
leopard_tights,1,1,1,1,2.5718293350576185e-05,8.688370652184437e-06
NoticerEnthusiast,1,1,1,1,2.5718293350576185e-05,4.370807074608661e-06
Hellcrafted,1,1,1,1,2.566485213535186e-05,9.22932162343967e-06
Western-Image7125,1,1,1,1,2.566485213535186e-05,3.1985478755138996e-06
llama-in-pyjama,1,1,1,1,2.566485213535186e-05,3.1985478755138996e-06
Master_Dogs,1,2,1,2,2.566485213535186e-05,2.852528094786006e-06
Uncommented-Code,1,1,1,1,2.566485213535186e-05,0.0
sus-is-sus,1,1,1,1,2.564900368729968e-05,4.955392879535643e-05
wake4coffee,1,1,1,1,2.5638818253452226e-05,0.0
DreadPirateEvs,1,1,1,1,2.5637227267261798e-05,0.0001313566613614269
Accurate_Koala_4698,1,1,1,1,2.5604562774273025e-05,0.00020130113137558443
Ok-Angle-5523,2,2,2,2,2.559392644278766e-05,5.451327086392939e-05
Tim-in-CA,1,1,1,1,2.556449902841397e-05,9.527874069027312e-05
EaterOfFood,1,1,1,1,2.556449902841397e-05,8.366711525121333e-05
NoApartheidOnMars,1,3,1,3,2.5457424780360277e-05,0.0001494073518961721
SugarDick-,1,2,1,2,2.5457424780360277e-05,9.302100611039231e-06
PricedOut4Ever,1,1,1,1,2.5444383585413608e-05,5.04349678205204e-05
SciencePristine8878,1,2,1,2,2.5444383585413608e-05,3.471521259088825e-05
hopbow,2,3,2,3,2.5440808408573414e-05,0.00025318205545133993
Calimariae,1,1,1,1,2.538721789067403e-05,1.9391227461973548e-06
emteedub,1,4,1,4,2.5350553739622175e-05,0.000433022734143715
BringBackManaPots,1,2,1,2,2.5350553739622175e-05,0.00019864812047409527
dualwield42,1,2,1,2,2.5350553739622175e-05,0.0001224825599669296
jackalsnacks,1,3,1,4,2.5350553739622175e-05,0.0001145712581774389
icehot54321,1,1,1,1,2.5350553739622175e-05,0.00010222205395949877
Quick-Benjamin,1,2,1,2,2.5350553739622175e-05,7.459164873028868e-05
SlothLover313,1,2,1,2,2.5350553739622175e-05,6.776445076912652e-05
kaishinoske1,1,2,2,2,2.5350553739622175e-05,6.750630048048224e-05
looooookinAtTitties,1,2,1,2,2.5350553739622175e-05,5.931885125021901e-05
humanist-misanthrope,1,2,1,2,2.5350553739622175e-05,4.0020775143065437e-05
f1VisaMan,1,1,1,1,2.5350553739622175e-05,3.8327020613250785e-05
brutinator,1,2,1,2,2.5350553739622175e-05,3.601668635568694e-05
ikkiho,1,1,1,1,2.5350553739622175e-05,3.388222538456326e-05
MagicGene,1,2,1,2,2.5350553739622175e-05,3.388222538456326e-05
A-Halfpound,1,1,1,1,2.5350553739622175e-05,3.388222538456326e-05
Odd-Objective-7529,1,2,1,2,2.5350553739622175e-05,3.388222538456326e-05
CouchMountain,1,2,1,2,2.5350553739622175e-05,3.2280520184565726e-05
CrowNailCaw,1,2,1,2,2.5350553739622175e-05,2.9531547448610636e-05
ActuallyYulliah,1,1,1,1,2.5350553739622175e-05,2.881310663552057e-05
XcRaZeD,1,2,1,2,2.5350553739622175e-05,2.3099298566522597e-05
MourningMymn,1,3,1,4,2.5350553739622175e-05,2.0440114609293082e-05
DiscipleOfYeshua,1,2,1,2,2.5350553739622175e-05,1.558349854506999e-05
yawara25,1,2,1,2,2.5350553739622175e-05,8.548642862846488e-06
azninvasion2000,1,2,1,2,2.5350553739622175e-05,7.885432343368959e-06
DanielTheTechie,1,2,1,2,2.5350553739622175e-05,7.406230340207e-06
Creativator,1,2,1,2,2.5350553739622175e-05,3.879445882319258e-06
MisterSadPanda,1,2,1,2,2.5350553739622175e-05,2.0687482698450677e-06
Important-Tax1776,1,2,2,2,2.5350553739622175e-05,1.904670564131103e-06
visibleunderwater_-1,1,2,1,2,2.5350553739622175e-05,1.694111269228163e-06
ItalianDragon,1,2,1,2,2.5350553739622175e-05,1.559083165314642e-06
ElectronicSalt1435,1,2,1,2,2.5350553739622175e-05,1.0694310094594707e-06
Roareward,1,2,2,2,2.5350553739622175e-05,7.913177204623366e-07
kimaluco17,1,2,2,2,2.5350553739622175e-05,7.089508913799259e-07
fashionweekyear3000,1,2,1,2,2.5350553739622175e-05,5.225319694724045e-07
mishap1,1,2,1,4,2.5350553739622175e-05,2.2588150256375506e-07
crabby135,1,2,1,2,2.5350553739622175e-05,9.411729273489793e-08
Indecisive_worm_7142,1,3,1,4,2.5350553739622175e-05,2.2588150256375507e-08
pizzae,1,2,1,2,2.5350553739622175e-05,0.0
mikuinajar,1,2,1,2,2.5350553739622175e-05,0.0
momapalooza,1,2,1,2,2.5350553739622175e-05,0.0
picardstastygrapes,1,2,1,2,2.5350553739622175e-05,0.0
niemzi,1,2,1,2,2.5350553739622175e-05,0.0
Destined-2-Fail,1,1,1,1,2.5350553739622175e-05,0.0
Familiar_Speaker_278,1,2,1,2,2.5350553739622175e-05,0.0
analogic_dvd,1,2,1,2,2.5350553739622175e-05,0.0
ExtentOk1892,1,2,1,2,2.5350553739622175e-05,0.0
Black-Shoe,1,2,1,2,2.5350553739622175e-05,0.0
The_KOK_2511,1,2,1,2,2.5350553739622175e-05,0.0
Birk_Boi,1,2,1,2,2.5350553739622175e-05,0.0
d9vil,1,2,1,2,2.5350553739622175e-05,0.0
Extra-Try-5286,1,1,1,1,2.5342734304252578e-05,0.0
EnderMB,1,2,1,2,2.5341316601618457e-05,2.1440222330992366e-05
BumbleCoder,1,2,1,2,2.5341316601618457e-05,6.374517977486061e-06
Ricktor_67,1,2,1,2,2.5327886455833993e-05,8.438459517814506e-05
Most-Explanation-568,1,1,1,2,2.5313362347953007e-05,0.0
Innovator-X,1,1,1,1,2.5311021708053516e-05,0.00014843900118111317
thinkmatt,1,2,1,2,2.5256212887865468e-05,5.162496218789549e-05
CK_LouPai,1,2,1,2,2.5256212887865468e-05,4.103736767452679e-05
hopscorched,1,1,1,1,2.5256212887865468e-05,4.103736767452679e-05
malln1nja,1,1,1,1,2.5163185836429066e-05,1.3810460325582234e-05
AbsoluteRook1e,2,2,2,2,2.5091826299708833e-05,0.00040484786332348915
shadowdog293,2,1,2,1,2.5080608725103578e-05,4.869001277485387e-07
Angel1571,1,1,1,1,2.5041328399938248e-05,8.824096842944485e-06
bluefalcontrainer,1,1,1,1,2.5041328399938248e-05,1.2081237940152354e-06
t_bergmann,1,2,1,2,2.499192630514827e-05,3.075714621500838e-05
_MambaForever,1,1,1,1,2.499192630514827e-05,0.0
KwyjiboTheGringo,1,3,1,3,2.4989725804165813e-05,6.647446401689008e-05
rdditfilter,1,2,1,2,2.4989725804165813e-05,2.44602009236564e-05
Gasnia,1,3,1,3,2.4966851498973037e-05,0.0005303308279002568
Khue,1,2,1,2,2.4966851498973037e-05,1.4144432467806397e-05
Whatever801,2,1,2,1,2.4883022691850642e-05,0.0017372096704326508
MaxMoanz,2,1,2,1,2.4883022691850642e-05,8.94398486222915e-05
whyamihere189,2,1,2,1,2.4883022691850642e-05,4.155193084230821e-05
para3600,2,1,2,1,2.48650968097847e-05,7.233181811820153e-05
TomatoClassic2567,1,1,1,1,2.4832711288655486e-05,1.77690907940682e-05
FaithlessnessOk311,1,1,1,1,2.4832711288655486e-05,0.0
celtic1888,1,6,1,6,2.4761481479888534e-05,0.0013546210567551384
soundsfromoutside,1,1,1,1,2.4754643238729703e-05,8.475735716894147e-05
Lemonwizard,2,1,2,1,2.4680970450406437e-05,8.892276444675381e-05
virtual_adam,1,1,1,1,2.4660405864856176e-05,0.0032665971485292943
Orphasmia,1,3,1,3,2.4660405864856176e-05,0.0001837505960258265
EchoFieldHorizon,1,1,1,1,2.465041937110754e-05,8.422529565332834e-05
RealRace7,1,1,1,1,2.465041937110754e-05,5.721727606827063e-05
mpw-linux,1,1,1,1,2.465041937110754e-05,8.82762314313743e-06
lordbrocktree1,1,1,1,1,2.465041937110754e-05,0.0
newwatchdog,1,1,1,1,2.465041937110754e-05,0.0
_-_fred_-_,1,1,1,1,2.465041937110754e-05,0.0
Phylamedeian,1,1,1,1,2.465041937110754e-05,0.0
Significant-Leg1070,1,1,1,1,2.465041937110754e-05,0.0
TedBob99,1,1,1,2,2.465041937110754e-05,0.0
leetcodegrinder344,1,1,1,1,2.465041937110754e-05,0.0
vincerulzall,1,1,1,1,2.465041937110754e-05,0.0
TheSaifman,1,1,1,1,2.465041937110754e-05,0.0
ComplexHope3810,1,1,1,1,2.465041937110754e-05,0.0
Even_Distance_6330,1,1,1,1,2.465041937110754e-05,0.0
min_456,1,1,1,1,2.465041937110754e-05,0.0
phluidity,1,1,1,1,2.465041937110754e-05,0.0
evranch,1,1,1,2,2.465041937110754e-05,0.0
RadiantEnvironment90,1,1,1,1,2.465041937110754e-05,0.0
Appropriate1987,1,1,1,1,2.465041937110754e-05,0.0
TheCMaster,1,1,1,1,2.465041937110754e-05,0.0
oftcenter,1,3,1,4,2.4586636104582624e-05,6.841039189490764e-06
ColorWheelOfFortune,1,1,1,1,2.4543744886322368e-05,2.212780271401318e-06
Ell2509,1,1,1,1,2.4543744886322368e-05,2.212780271401318e-06
Sejast44,1,1,1,1,2.4543744886322368e-05,2.212780271401318e-06
Wintermutellm,1,1,1,1,2.4535899067157042e-05,2.169172777121897e-05
ShittyFrogMeme,1,1,1,1,2.4525672559383233e-05,0.0
Too_Beers,1,1,1,1,2.4506936813352423e-05,1.4064020287410464e-05
Suspicious_Buffalo38,1,1,1,1,2.4450254852777196e-05,1.9347749397329964e-05
AcousticRegards,1,1,1,1,2.4420939132508786e-05,3.823752562010362e-05
7h4tguy,1,2,1,2,2.432408252532042e-05,2.1493635703828488e-05
Adventurous-Tone-311,2,1,2,1,2.4285344458051338e-05,3.278991555383912e-05
insertnamehere-----,1,1,1,1,2.4274308544351484e-05,5.155697030739383e-07
Belyea,1,1,1,1,2.4274308544351484e-05,0.0
kincaidDev,1,2,1,2,2.4256074738931867e-05,0.00020763985329539414
Smurph269,1,2,1,2,2.4256074738931867e-05,9.575333728890643e-06
Gold_Score_1240,1,3,1,4,2.4256074738931867e-05,8.542291331446663e-07
PotatoWriter,1,1,1,2,2.4256074738931867e-05,0.0
Sea-Oven-7560,1,1,1,1,2.4256074738931867e-05,0.0
KrazyIrish89,1,1,1,1,2.4256074738931867e-05,0.0
ToffeeTangoONE,1,2,2,3,2.4193956935342467e-05,0.0
Time_Plastic_5373,1,3,1,3,2.4174065193249493e-05,7.354580761008097e-05
ccricers,1,4,1,5,2.412109438692952e-05,0.00012326601546980488
vivalatoucan,1,2,1,2,2.412109438692952e-05,4.865659723661574e-05
KingArthas94,1,2,1,2,2.412109438692952e-05,0.0
Other_Environment477,1,2,1,2,2.406757509684271e-05,0.0
EndeLarsson,1,1,1,1,2.401988778333421e-05,9.052100296933259e-06
Wingzerofyf,1,1,1,1,2.4008742251442582e-05,1.1348312285255474e-05
abuzeyr,1,1,1,1,2.4002445314290452e-05,0.0
Kingflamingohogwarts,1,1,1,1,2.4002445314290452e-05,0.0
tofuhater,1,1,1,1,2.4002445314290452e-05,0.0
Holiday-Medicine4168,1,3,1,3,2.3982296439569223e-05,0.00032303376941102905
-Periclase-Software-,1,1,1,2,2.3982296439569223e-05,0.0
thenewguyonreddit,1,1,1,1,2.397540271945916e-05,0.0
acylus0,1,1,1,1,2.3938620772859142e-05,1.408735607680979e-06
400Volts,1,2,1,2,2.390066628755662e-05,4.969973815240703e-05
Nova_Explorer,1,1,1,1,2.390066628755662e-05,1.56394901599745e-05
DeadProfessor,1,2,1,2,2.390066628755662e-05,9.024293797345109e-06
elroloando,1,2,1,2,2.389749690123246e-05,7.908086582613926e-06
iham32,1,1,1,1,2.3857316857001044e-05,0.0017349112920241314
Difficult-Cricket541,1,1,1,2,2.3830578686419073e-05,7.15098363671922e-07
Jewnadian,1,2,1,2,2.373336670439114e-05,2.968765735209704e-05
UnnecessaryLemon,1,1,1,1,2.3719701946752786e-05,0.0
kamikazoo,1,1,1,1,2.370904412651409e-05,0.0
scottrobertson,1,1,1,1,2.3631662459189912e-05,2.165505577146712e-06
oh_ski_bummer,1,2,1,2,2.3625470355793137e-05,3.59527580036524e-05
Brief_Series_3462,1,1,1,1,2.3613731545601367e-05,1.9213148956660513e-06
Away_Elephant_4977,1,5,1,6,2.3605401351117947e-05,0.00027107077689316985
Actual__Wizard,1,3,1,3,2.3605401351117947e-05,0.00013023656469370707
swampwiz,1,3,1,3,2.3605401351117947e-05,4.2291080655160216e-05
Lucky_Clock4188,1,3,1,3,2.3605401351117947e-05,9.114928894447148e-06
AdPotential773,1,3,1,3,2.3605401351117947e-05,2.826626686148653e-06
A5Wags,1,3,1,3,2.3605401351117947e-05,9.788198444429388e-07
The_Alchemist_4221,1,3,1,3,2.3605401351117947e-05,6.722663766778425e-07
OutOfApplesauce,1,1,1,1,2.35842430749457e-05,1.6892587591721638e-05
TheMcMcMcMcMc,1,1,1,1,2.3513790950178837e-05,3.4751000394423853e-07
Alternative-Earth543,1,1,1,1,2.3444264162871737e-05,0.0
Angel2121md,1,3,1,3,2.341032768748194e-05,3.2865472165465382e-06
basedkyogre,1,1,1,1,2.3388979781040866e-05,2.7301796572312264e-05
anti_everything__,1,1,1,1,2.3388827107352382e-05,9.999333685288267e-06
WDoE,1,1,1,1,2.3388827107352382e-05,0.0
atehrani,1,1,1,1,2.3379557380416372e-05,1.6655897900907637e-05
RiflemanLax,1,1,1,1,2.3379557380416372e-05,1.6655897900907637e-05
grimsolem,1,1,1,1,2.3360468431878224e-05,8.357615594858938e-07
Naus1987,1,1,1,1,2.3354358779763925e-05,5.7802610818333216e-05
selfdestructingin5,1,1,1,1,2.3344347451325464e-05,1.8066473701167596e-05
what2_2,1,1,1,1,2.3344347451325464e-05,1.4945826086301795e-06
Drauren,1,8,1,8,2.328487524380966e-05,0.0005282863539155903
Necessary_Weight,2,1,2,1,2.3256906603752102e-05,6.722273389921064e-05
TransBrandi,1,2,1,2,2.3233565577314e-05,2.6824048983024383e-06
deaglebingo,2,2,2,2,2.3230522503032045e-05,9.27397091207282e-05
ExperimentMonty,1,1,1,2,2.321763354913603e-05,0.0
ScrimpyCat,1,1,1,1,2.318224502169437e-05,0.00017866482657337616
therealsheriff,1,2,1,2,2.315849830013714e-05,0.00019177606831285377
halfwit258,1,1,1,1,2.2961791464992434e-05,2.3321531758205877e-06
spottydodgy,1,1,1,1,2.2927444140865747e-05,0.00011609037451928252
DarthRheys,1,1,1,1,2.2927444140865747e-05,3.836659979572766e-05
Lonesome_Pine,1,1,1,1,2.2927444140865747e-05,3.4108106887127014e-06
West-Worth-9359,1,1,1,1,2.2918470938200295e-05,1.888304207743408e-05
inwegobingo,1,4,1,4,2.282052698090122e-05,0.00010245953344257191
ghoti99,1,1,1,1,2.280503781991271e-05,2.635284196577142e-07
nate8458,1,1,1,2,2.274895494464691e-05,0.0
AloysiusGrimes,1,2,1,2,2.273080329182589e-05,0.00032697690211573127
National-Yogurt-392,1,3,1,3,2.273080329182589e-05,3.000831046646263e-05
notnotviolating,1,4,1,4,2.273080329182589e-05,1.5331983721425278e-05
Accomplished_Beat581,1,1,1,1,2.273080329182589e-05,0.0
reesespiecesaremyfav,1,1,1,1,2.272451633211802e-05,6.451089780246845e-05
rougher,1,1,1,1,2.272451633211802e-05,0.0
Boostedtrash112,1,1,1,1,2.272451633211802e-05,0.0
ccltjnpr,1,1,1,2,2.270351589859283e-05,0.0
BobSacramanto,1,1,1,1,2.270351589859283e-05,0.0
NomDePlume007,1,1,1,1,2.2693063236516495e-05,3.144025933028751e-05
g---e,1,2,1,2,2.264879382415252e-05,1.0699176632195412e-05
ParkingAgent2769,1,1,1,1,2.2623186211494388e-05,1.568352070715463e-05
JDD4318,1,1,1,1,2.2593053731237733e-05,3.851914879354135e-06
Fickle_Goose_4451,1,3,1,3,2.2588381081210995e-05,0.00032157066093874885
Rise-O-Matic,1,3,1,3,2.2588381081210995e-05,9.077946202086463e-05
thirdLeg51,1,1,1,1,2.2588381081210995e-05,1.9221745778430654e-05
bayhack,1,2,1,3,2.2588381081210995e-05,2.205240566696147e-07
PM_me_PMs_plox,1,1,1,1,2.2588381081210995e-05,0.0
digitaldeadstar,1,1,1,1,2.2579367453514395e-05,2.336570135142902e-05
Dranosh,1,1,1,1,2.252561095999192e-05,0.00013943048289016507
Wowclassicboomkinz,1,1,1,1,2.252561095999192e-05,0.0
webguynd,1,3,1,3,2.2332789102196315e-05,1.2051139659258373e-05
CUatDoak,1,1,1,1,2.2332789102196315e-05,2.16285061153991e-06
BigShiz1,1,1,1,1,2.2330118952148395e-05,3.388222538456326e-05
Correct_Mistake2640,1,2,1,2,2.231345551249946e-05,4.108869859406022e-05
FreeYogurtcloset6959,1,1,1,1,2.2292726735006676e-05,0.0
rsa1,1,2,1,3,2.2277300435092976e-05,1.9800222047211513e-07
Altruistic_Onion_471,1,1,1,1,2.2202220167178544e-05,0.0035387412406836737
Low_Watch9864,1,1,1,1,2.2202220167178544e-05,7.871514160030598e-05
iyankov96,1,1,1,1,2.2202220167178544e-05,5.5364377520931976e-05
PrimeIntellect,1,1,1,1,2.2202220167178544e-05,5.3251906995570766e-05
otterpop21,1,2,1,2,2.2202220167178544e-05,4.749531232240718e-05
DrSlugg,1,1,1,1,2.2202220167178544e-05,3.738230278515913e-05
Salty-Cloaca-69,1,1,1,1,2.2202220167178544e-05,2.5528935006072245e-05
playtrix,1,1,1,1,2.2202220167178544e-05,2.123032462803002e-05
hoyfish,1,1,1,1,2.2202220167178544e-05,1.4789863628971907e-05
the8bit,1,1,1,1,2.2202220167178544e-05,1.3663743031369142e-05
theenigmathatisme,1,1,1,1,2.2202220167178544e-05,1.1368706184781403e-05
narsil101,1,1,1,1,2.2202220167178544e-05,2.2588150256375507e-06
Benkyougin,1,1,1,1,2.2202220167178544e-05,2.2588150256375506e-07
Varorson,1,2,1,2,2.214761651907777e-05,0.00011531260524468209
RipCompetitive5983,1,1,1,1,2.214761651907777e-05,2.4247661427790942e-05
Striking-Speaker8686,1,2,1,2,2.2111684711135967e-05,0.00042205137745650713
Big_Impact_5331,1,2,1,2,2.2111684711135967e-05,8.150322146302997e-05
DiMarcoTheGawd,1,1,1,1,2.2111684711135967e-05,0.0
carlitospig,1,6,1,6,2.2086413675382488e-05,0.001077316271260379
snowflake37wao,1,1,1,1,2.2086413675382488e-05,1.765838407652289e-05
Alarmed-Flounder7212,1,4,2,5,2.2073904575209513e-05,0.001878406735034575
Rare_Magazine_5362,1,1,1,1,2.2072409011988237e-05,9.577101160756377e-06
Askew_2016,1,1,1,1,2.2061029936642254e-05,6.239474446547636e-07
PhysicallyTender,1,3,1,3,2.197178625779011e-05,0.00024804489438538547
icuredumb,1,1,1,1,2.197178625779011e-05,9.562621350851474e-05
scaredoftoasters,1,1,1,1,2.1899229069235444e-05,0.0
ecmcn,1,2,1,2,2.1784693650696503e-05,2.6968314786932384e-05
cautionaryytales,1,1,1,1,2.1726916297294864e-05,3.124344206128381e-05
xaiur,1,1,1,1,2.1726916297294864e-05,3.0408078280844112e-05
Blein123,1,1,1,1,2.16470032998045e-05,0.0
Stolivsky,1,1,1,1,2.160891669709163e-05,0.0010547560974463798
Mr-and-Mrs,1,1,1,1,2.156420468130604e-05,0.00017233449836321954
crimsonslaya,1,1,1,1,2.156420468130604e-05,0.0
jlangfo5,1,1,1,1,2.156420468130604e-05,0.0
For-Liberty,1,1,1,1,2.1555394865273338e-05,1.1052417774651291e-05
grchelp2018,1,2,1,2,2.1555394865273338e-05,6.343481588844496e-06
boogermike,1,2,1,2,2.1505216473389363e-05,0.004894507629585082
FastidiousLizard261,1,1,1,1,2.1505216473389363e-05,1.1599759666479748e-05
apesy888,1,1,1,1,2.1466940647708126e-05,0.0
MaximumFlow7491,1,4,1,5,2.1305543624998316e-05,0.0010044873203252282
Kossimer,1,1,1,1,2.1305543624998316e-05,8.283707028726338e-05
antimodez,1,2,1,2,2.1305543624998316e-05,5.4080246873592e-05
JammyPants1119,1,2,1,2,2.1305543624998316e-05,2.9549520594647737e-06
N0-Chill,1,1,1,1,2.1296353108763845e-05,0.00013595567313808964
WhatImKnownAs,1,2,1,2,2.1296353108763845e-05,5.3980311046886356e-05
ExF-Altrue,1,3,1,3,2.1296353108763845e-05,5.234939530398381e-05
headcodered,1,1,1,1,2.1296353108763845e-05,5.003169294599124e-05
Stock-Time-5117,1,2,1,2,2.1255373045115156e-05,7.541722282864926e-05
GailaMonster,1,2,1,2,2.1255373045115156e-05,2.994221479132448e-05
PennytheWiser215,1,2,1,2,2.1255373045115156e-05,1.6684880759162067e-05
xXChr0nicX420Xx,1,2,1,2,2.1255373045115156e-05,8.075485727213848e-06
a_lovelylight,1,1,1,1,2.1255373045115156e-05,5.378660146404856e-06
Free_Implement_799,1,2,1,2,2.1255373045115156e-05,1.4117593910234692e-07
leviem1,1,2,2,2,2.1255373045115156e-05,5.112055058021825e-08
Possibly_Naked_Now,1,2,1,2,2.1255373045115156e-05,0.0
G_Morgan,1,1,1,1,2.125293461503948e-05,5.586996606958588e-05
LadyM80,1,2,1,2,2.1240694582734905e-05,0.0
my-ka,1,2,1,2,2.1204785620581856e-05,4.4708031674886915e-05
janebenn333,1,1,1,1,2.1204785620581856e-05,9.629482557642627e-07
ProgrammaticallyCat0,1,1,1,1,2.1035717617050518e-05,0.0
U_SHLD_THINK_BOUT_IT,1,2,1,2,2.101833894379427e-05,4.265675146699648e-05
TungstenYUNOMELT,1,2,1,2,2.101833894379427e-05,0.0
rightascensi0n,1,1,1,1,2.097426532799776e-05,2.7543898569672192e-05
CryptoThroway8205,1,2,1,2,2.0926331966113367e-05,8.505647932227768e-05
FailedGradAdmissions,1,1,1,1,2.0926331966113367e-05,5.820218139692957e-06
UncleChevitz,1,1,1,1,2.085806017435837e-05,3.758314548477045e-05
alexifua,1,1,1,1,2.084909399539895e-05,2.864022051742772e-05
FuckIPLaw,1,1,1,1,2.084909399539895e-05,9.00515726900764e-06
agumonkey,1,1,1,1,2.084909399539895e-05,3.4931893248020975e-06
jfcarr,1,4,1,4,2.080693486964281e-05,0.00016448559247320073
buyingshitformylab,1,1,1,1,2.080693486964281e-05,0.0
four024490502,1,1,1,1,2.0785681429190694e-05,7.095326500620064e-05
coolnovelty_bro,1,1,1,1,2.0751772219804152e-05,0.0024308535870167652
_Slabs_,1,1,1,1,2.0751772219804152e-05,0.0017479165205438085
Illustrious-Jacket68,1,1,1,1,2.0751772219804152e-05,0.00169219127645637
Adventurous_Crab_761,1,1,1,1,2.0751772219804152e-05,0.00169219127645637
kidfromCLE,1,1,1,1,2.0751772219804152e-05,0.0005336212118479773
givemegreencard,1,1,1,1,2.0751772219804152e-05,0.00030445536788970706
gakl887,1,2,1,2,2.0751772219804152e-05,0.0002774305141444792
PHC_Tech_Recruiter,1,1,1,1,2.0751772219804152e-05,0.00024917686167963383
paiute,1,1,1,1,2.0751772219804152e-05,0.00023861290378625368
CrissBliss,1,2,1,2,2.0751772219804152e-05,0.0002120704407621447
clintCamp,1,2,1,2,2.0751772219804152e-05,0.00019928700485996365
Mediocre-Pair-2821,1,3,1,3,2.0751772219804152e-05,0.00015133058990722472
Professional-Dog1562,1,2,1,2,2.0751772219804152e-05,0.0001498578779416966
Fearless_Weather_206,1,2,1,2,2.0751772219804152e-05,0.0001340293051641948
Abraham_Lincoln_6767,1,1,1,1,2.0751772219804152e-05,0.00012453784084196773
zffjk,1,2,1,2,2.0751772219804152e-05,0.0001206256579525852
madtowneast,1,1,1,1,2.0751772219804152e-05,0.00011727817226055349
LitLitten,1,1,1,1,2.0751772219804152e-05,0.00010995401930140975
Zahgi,1,1,1,1,2.0751772219804152e-05,0.0001081329550757497
feedthechonk,1,1,1,1,2.0751772219804152e-05,0.00010259908575668566
professcorporate,1,1,1,1,2.0751772219804152e-05,0.00010164667615368978
kstargate-425,1,2,1,2,2.0751772219804152e-05,0.00010164667615368978
Oolongteabagger2233,1,2,1,2,2.0751772219804152e-05,8.986718187922755e-05
psr7185,1,1,1,1,2.0751772219804152e-05,8.580146621588461e-05
Groove-Theory,1,3,1,3,2.0751772219804152e-05,8.353720810839713e-05
LucidiK,1,1,1,1,2.0751772219804152e-05,8.320708276180692e-05
TheKosherGenocide,1,1,1,1,2.0751772219804152e-05,8.180881585246939e-05
nemofbaby2014,1,1,1,1,2.0751772219804152e-05,8.02540091661107e-05
Hmm408,1,1,1,1,2.0751772219804152e-05,7.592769342825399e-05
Brave_Locksmith798,1,5,1,5,2.0751772219804152e-05,7.471023061374913e-05
newsflashjackass,1,1,1,1,2.0751772219804152e-05,7.221596748869007e-05
DonnysDiscountGas,1,1,1,1,2.0751772219804152e-05,7.219363167637676e-05
Leather-Heron-7247,1,1,1,1,2.0751772219804152e-05,7.180822120353738e-05
crashcarr,1,1,1,1,2.0751772219804152e-05,7.164298609156874e-05
touristtam,1,2,1,2,2.0751772219804152e-05,7.142997403423251e-05
katchoo1,1,1,1,1,2.0751772219804152e-05,6.821621377425403e-05
Alternative-Pay9735,1,1,1,1,2.0751772219804152e-05,6.817550037895068e-05
adamus13,1,1,1,1,2.0751772219804152e-05,6.795857281699553e-05
shittychinesehacker,1,1,1,1,2.0751772219804152e-05,6.776445076912652e-05
ExplodingToasters,1,1,1,1,2.0751772219804152e-05,6.731268776399901e-05
KwiHaderach,1,1,1,1,2.0751772219804152e-05,6.695279426864436e-05
TheRealKidkudi,1,1,1,1,2.0751772219804152e-05,6.462024557281241e-05
BroForceOne,1,1,1,1,2.0751772219804152e-05,6.295278272128407e-05
square-enix-geno,1,1,1,1,2.0751772219804152e-05,6.166950590613938e-05
Music1990s,1,1,1,1,2.0751772219804152e-05,6.139344138772692e-05
PNW_Uncle_Iroh,1,1,1,1,2.0751772219804152e-05,6.097662283883977e-05
Ok-Operation-6432,1,1,1,1,2.0751772219804152e-05,5.9768474170381576e-05
Rierais,1,1,1,1,2.0751772219804152e-05,5.970917784166835e-05
GrandAdmiralTheDude,1,1,1,1,2.0751772219804152e-05,5.873503895578649e-05
HarmoniousJ,1,1,1,1,2.0751772219804152e-05,5.6479213413788045e-05
Lotton,1,1,1,1,2.0751772219804152e-05,5.438572324950607e-05
denNISI,1,1,1,1,2.0751772219804152e-05,5.390663259542612e-05
wavefunctionp,1,1,1,1,2.0751772219804152e-05,5.3785523943753964e-05
joker_toker28,1,1,1,1,2.0751772219804152e-05,5.249877305391507e-05
ydnubj,1,1,1,1,2.0751772219804152e-05,5.114811826880675e-05
luvdadrafts,1,1,1,1,2.0751772219804152e-05,5.077640354119314e-05
DonStimpo,1,1,1,1,2.0751772219804152e-05,5.0702126157543115e-05
PureBonus4630,1,1,1,1,2.0751772219804152e-05,5.002927185562669e-05
MBILC,1,1,1,1,2.0751772219804152e-05,4.888197868262649e-05
s-starr,1,1,1,1,2.0751772219804152e-05,4.604000171358035e-05
Handsome_Keyboard,1,1,1,1,2.0751772219804152e-05,4.498476452498377e-05
Blackout1154,1,1,1,1,2.0751772219804152e-05,4.4212202476861276e-05
silviazbitch,1,1,1,1,2.0751772219804152e-05,4.2154126259802035e-05
Full_Bank_6172,1,2,1,2,2.0751772219804152e-05,3.710990412274333e-05
drekiaa,1,1,1,1,2.0751772219804152e-05,3.6827290061929985e-05
Bubbles_2025,1,1,1,1,2.0751772219804152e-05,3.586782036850469e-05
ouchouchouchoof,1,1,1,1,2.0751772219804152e-05,3.5775929452416476e-05
junktech,1,1,1,1,2.0751772219804152e-05,3.5016776840397936e-05
Mundane_Crazy60,1,1,1,1,2.0751772219804152e-05,3.39341212781025e-05
Ok-Gap1970,1,1,1,1,2.0751772219804152e-05,3.388222538456326e-05
Confident_Compote_39,1,1,1,1,2.0751772219804152e-05,3.388222538456326e-05
DonKiddic,1,1,1,1,2.0751772219804152e-05,3.388222538456326e-05
CrookedSpinn,1,1,1,1,2.0751772219804152e-05,3.388222538456326e-05
dogedaysofsummer,1,1,1,1,2.0751772219804152e-05,3.388222538456326e-05
purp13mur,1,1,1,1,2.0751772219804152e-05,3.388222538456326e-05
Remarkable-Win-8556,1,1,1,1,2.0751772219804152e-05,3.388222538456326e-05
PlentyLettuce,1,1,1,2,2.0751772219804152e-05,3.388222538456326e-05
DetoxBaseball,1,1,1,2,2.0751772219804152e-05,3.388222538456326e-05
anarkyinducer,1,1,1,1,2.0751772219804152e-05,3.388222538456326e-05
cruelhumor,1,1,1,1,2.0751772219804152e-05,3.388222538456326e-05
FerretsQuest,1,1,1,1,2.0751772219804152e-05,3.388222538456326e-05
Small-Company-930,1,1,1,1,2.0751772219804152e-05,3.388222538456326e-05
NOT_EVEN_THAT_GUY,1,1,1,1,2.0751772219804152e-05,3.376928463328138e-05
diamondstonkhands,1,1,1,1,2.0751772219804152e-05,3.352189060666394e-05
tallicafu1,1,1,1,1,2.0751772219804152e-05,3.322640383963642e-05
Crivos,1,1,1,1,2.0751772219804152e-05,3.1896630400621835e-05
Expert-Profile4056,1,1,1,1,2.0751772219804152e-05,3.092164182333527e-05
ObviousAnswerGuy,1,1,1,1,2.0751772219804152e-05,3.062088215199137e-05
itspizzathehut,1,1,1,1,2.0751772219804152e-05,2.6511684736548902e-05
DrMaven,1,1,1,1,2.0751772219804152e-05,2.3231037998119528e-05
Okonos,1,1,1,1,2.0751772219804152e-05,2.304299349009678e-05
Commercial-Hawk6567,1,1,1,1,2.0751772219804152e-05,2.286269593559447e-05
Alexwonder999,1,1,1,1,2.0751772219804152e-05,2.2611708443053432e-05
AbroadMediocre312,1,1,1,1,2.0751772219804152e-05,2.2203459495640495e-05
CosbySweaters1992,1,1,1,1,2.0751772219804152e-05,2.1179791502649245e-05
ooglytoop7272,1,1,1,1,2.0751772219804152e-05,2.0966372746610964e-05
MortifiedPotato,1,1,1,1,2.0751772219804152e-05,2.062650405245729e-05
OnionsAbound,1,1,1,1,2.0751772219804152e-05,1.9234139489727615e-05
ShardsOfSalt,1,1,1,1,2.0751772219804152e-05,1.913238818166145e-05
atworkslackin,1,1,1,1,2.0751772219804152e-05,1.893094519045862e-05
SiscoSquared,1,1,1,1,2.0751772219804152e-05,1.7770496339988784e-05
Background_Cycle2985,1,1,1,1,2.0751772219804152e-05,1.7207761870199462e-05
Nerrs,1,1,1,1,2.0751772219804152e-05,1.619253673678212e-05
ikkleste,1,1,1,1,2.0751772219804152e-05,1.385781817370038e-05
rihanoa,1,1,1,1,2.0751772219804152e-05,1.323400772814611e-05
nvgvup84,1,1,1,1,2.0751772219804152e-05,1.288443659623481e-05
winangel,1,1,1,1,2.0751772219804152e-05,1.2609539703244544e-05
fetalasmuck,1,1,1,1,2.0751772219804152e-05,1.1926248291850685e-05
Dr_Disaster,1,1,1,1,2.0751772219804152e-05,1.1306330319073604e-05
hedronist,1,1,1,1,2.0751772219804152e-05,9.45754117130413e-06
DapperCam,1,1,1,1,2.0751772219804152e-05,9.44681707513263e-06
framorvaz,1,1,1,1,2.0751772219804152e-05,9.432374616826558e-06
bIocked,1,1,1,1,2.0751772219804152e-05,9.238386303828026e-06
MeggatronNB1,1,1,1,1,2.0751772219804152e-05,8.850392343106696e-06
skyxsteel,1,1,1,1,2.0751772219804152e-05,8.517635107717287e-06
MeeseShoop,1,1,1,1,2.0751772219804152e-05,7.912740767443084e-06
twospirit76,1,1,1,1,2.0751772219804152e-05,7.76636172011765e-06
Dr_trazobone69,1,1,1,1,2.0751772219804152e-05,5.824871240187601e-06
Hortos,1,1,1,1,2.0751772219804152e-05,5.561508692158674e-06
maholeycow,1,1,1,1,2.0751772219804152e-05,5.270368875117137e-06
def-pri-pub,1,1,1,1,2.0751772219804152e-05,5.0491787631822205e-06
zayoe4,1,1,1,1,2.0751772219804152e-05,5.038512204335382e-06
kevin2fla,1,1,1,1,2.0751772219804152e-05,4.805460111149114e-06
M3tus,1,1,1,1,2.0751772219804152e-05,4.694474192228494e-06
applejooshreally,1,1,1,1,2.0751772219804152e-05,4.447042081723928e-06
docholoday,1,1,1,1,2.0751772219804152e-05,4.3985363070344005e-06
Sad-Math-2039,1,1,1,1,2.0751772219804152e-05,3.546291324972629e-06
princehints,1,1,1,1,2.0751772219804152e-05,3.2819937458081937e-06
TimeIntroduction,1,1,1,1,2.0751772219804152e-05,3.2438412847729163e-06
ElevatorScared9797,1,1,1,1,2.0751772219804152e-05,2.748531348126651e-06
PytonRzeczny,1,1,1,1,2.0751772219804152e-05,2.3554295764094503e-06
zernoc56,1,1,1,1,2.0751772219804152e-05,1.993972876482363e-06
Cunnilingusobsessed,1,1,1,1,2.0751772219804152e-05,1.9839860414024623e-06
therealkami,1,1,1,1,2.0751772219804152e-05,1.9711013137861415e-06
philter451,1,1,1,1,2.0751772219804152e-05,1.819747042353263e-06
Future_Can_5523,1,1,1,1,2.0751772219804152e-05,1.7333646252292439e-06
geese_unite,1,1,1,1,2.0751772219804152e-05,1.669545700602443e-06
ParsingError,1,1,1,1,2.0751772219804152e-05,1.5510984085701307e-06
nab95,1,1,1,1,2.0751772219804152e-05,1.5089045300197244e-06
Tasty-Researcher-791,1,1,1,1,2.0751772219804152e-05,1.3168665397334332e-06
jrodsf,1,1,1,1,2.0751772219804152e-05,1.0851275674749281e-06
src_main_java_wtf,1,1,1,1,2.0751772219804152e-05,1.0299120890704545e-06
scriptmonkey420,1,1,1,1,2.0751772219804152e-05,9.633287180532957e-07
AnnualRemote7367,1,1,1,1,2.0751772219804152e-05,9.083084296274827e-07
SirWigglesVonWoogly,1,1,1,1,2.0751772219804152e-05,5.802589661097488e-07
pisquin7iIatin9-6ooI,1,1,1,1,2.0751772219804152e-05,4.938389712913469e-07
StatisticianLow5208,1,1,1,1,2.0751772219804152e-05,4.6877911040384884e-07
agentjob,1,1,1,1,2.0751772219804152e-05,3.8714581751391595e-07
regprenticer,1,1,1,1,2.0751772219804152e-05,2.9830700021118135e-07
Airf0rce,1,1,1,1,2.0751772219804152e-05,2.5411669038422443e-07
japanesejoker,1,1,1,1,2.0751772219804152e-05,1.2047013470066936e-07
MongoBongoTown,1,1,1,1,2.0751772219804152e-05,7.529383418791835e-08
Spirited-Manner9674,1,2,1,2,2.0751772219804152e-05,5.06522157264178e-08
BeerPoweredNonsense,1,1,1,1,2.0751772219804152e-05,0.0
Stuffy123456,1,1,1,1,2.0751772219804152e-05,0.0
Own_Cress_8254,1,1,1,2,2.0751772219804152e-05,0.0
Ok_Builder910,1,1,1,1,2.0751772219804152e-05,0.0
lucasvandongen,1,1,1,1,2.0751772219804152e-05,0.0
hobomojo,1,1,1,1,2.0751772219804152e-05,0.0
Agreeable_Meaning_96,1,1,1,1,2.0751772219804152e-05,0.0
Ok-Good8150,1,1,1,1,2.0751772219804152e-05,0.0
WarchOut,1,1,1,1,2.0751772219804152e-05,0.0
cookiekid6,1,1,1,1,2.0751772219804152e-05,0.0
on3moresoul,1,1,1,1,2.0751772219804152e-05,0.0
wuyadang,1,1,1,1,2.0751772219804152e-05,0.0
heinous_chromedome,1,1,1,1,2.0751772219804152e-05,0.0
JalapenoJamm,1,1,1,1,2.0751772219804152e-05,0.0
tcptomato,1,1,1,1,2.0751772219804152e-05,0.0
No_Aerie5485,1,1,1,1,2.0751772219804152e-05,0.0
SlyTinyPyramid,1,1,1,1,2.0751772219804152e-05,0.0
el_muchacho,1,1,1,1,2.0751772219804152e-05,0.0
PARADOXsquared,1,1,1,1,2.0751772219804152e-05,0.0
stevez_86,1,1,1,1,2.0751772219804152e-05,0.0
GoGades,1,1,1,1,2.0751772219804152e-05,0.0
beardedbrawler,1,1,1,1,2.0742502492868142e-05,0.0
poonman1234,1,1,1,1,2.0740554645198904e-05,5.611521857502441e-07
theB1ackSwan,1,1,1,1,2.0740554645198904e-05,0.0
Willing-Cucumber-718,1,2,1,2,2.0645936509648215e-05,0.0001408787641591449
howdiedoodie66,1,1,1,1,2.0640132085441616e-05,4.8253443678111246e-05
Ambitious_Air5776,1,2,1,2,2.0640132085441616e-05,2.4983577996903904e-05
orangetoadmike,1,2,1,2,2.0640132085441616e-05,1.379519972455468e-05
stolentext,1,1,1,1,2.0640132085441616e-05,9.775870198703476e-06
thecastellan1115,1,2,1,2,2.0640132085441616e-05,1.1368918640400863e-06
CttCJim,1,1,1,1,2.060607381003808e-05,8.522803508957953e-06
Outrageous_Job_2358,1,1,1,1,2.044418357547973e-05,1.0698723661397079e-05
ProgrammersAreSexy,1,1,1,1,2.044418357547973e-05,3.87378277477758e-06
IWuzTheWalrus,1,1,1,1,2.044418357547973e-05,0.0
Prize_Conference9369,1,2,1,2,2.04412430207799e-05,0.00022624534119344898
Burner_420_burner_69,1,1,1,1,2.04412430207799e-05,7.637745566756953e-06
Logical-Answer2183,1,1,1,1,2.04412430207799e-05,7.637745566756953e-06
Partial-Hydrangea,1,1,1,1,2.04412430207799e-05,7.637745566756953e-06
Reasonable_Royal7083,1,1,1,1,2.04412430207799e-05,2.6337661389799107e-06
worldspawn00,1,1,1,1,2.0314631999600124e-05,1.2841759817689118e-05
Putrid_Implement_622,1,1,1,1,2.0299077464769906e-05,0.0
ffrkAnonymous,1,4,1,4,2.0290389253317517e-05,0.001652063862705851
Oceanbreeze871,1,5,1,5,2.0290389253317517e-05,0.0008838286638537632
DueDisplay2185,1,1,1,1,2.0290389253317517e-05,0.00042448348504095675
ilemming_banned,1,1,1,1,2.0290389253317517e-05,8.292732015440041e-05
inspectoroverthemine,1,3,1,3,2.0290389253317517e-05,3.9713821256813244e-05
snubdeity,1,1,1,1,2.0290389253317517e-05,9.833905672739048e-06
dennisqle,1,1,1,1,2.0290389253317517e-05,4.535651583513216e-06
WinstonSEightyFour,1,1,1,1,2.0245350143954897e-05,0.0
Affectionate_Day9253,1,1,1,1,2.0199028171175293e-05,0.00024138153077685835
MrExCEO,1,1,1,1,1.9952725125678298e-05,2.611042436384407e-05
ProductOfLife,1,1,1,1,1.9952725125678298e-05,1.904670564131103e-06
thenofootcanman,1,1,1,1,1.992353671959044e-05,1.9576396888858772e-07
No-Emergency9224,1,1,1,2,1.992353671959044e-05,0.0
Temporary_Link225,1,1,1,1,1.9903331355671318e-05,0.0
Annual_Negotiation44,1,3,1,3,1.989165395810432e-05,0.0003842099748048456
jypKissedMyMom,1,1,1,1,1.989165395810432e-05,5.5362835659963e-06
OtherwisePoem1743,1,1,1,1,1.989165395810432e-05,0.0
ZyberZeon,1,1,1,1,1.9888282750648114e-05,2.179445780698353e-06
kyngston,1,1,1,1,1.9888282750648114e-05,2.179445780698353e-06
Queasy_Local_7199,1,1,1,1,1.9888282750648114e-05,2.179445780698353e-06
HistoryNo3608,1,1,1,1,1.9888282750648114e-05,2.179445780698353e-06
Deepthunkd,1,1,1,1,1.9888282750648114e-05,0.0
oculusctl,1,1,1,1,1.9888282750648114e-05,0.0
TruthReveals,1,1,1,1,1.9884557639097802e-05,9.53775926697471e-06
zergling-,1,1,1,1,1.9884557639097802e-05,5.376549271543577e-06
Round_Bag_4665,1,2,1,2,1.9795718510371395e-05,4.976960919524102e-05
jimmyhat78,1,1,1,1,1.9795718510371395e-05,1.0723078959738455e-05
ChristmasStrip,1,1,1,1,1.9725104761937852e-05,1.6709947727957336e-05
eileen404,1,4,1,4,1.95049812966414e-05,5.498524598815249e-05
Tigglebee,1,1,1,1,1.95049812966414e-05,0.0
No_Flan4401,1,2,1,2,1.941286049955415e-05,6.219663224649376e-06
Scared_Pianist3217,1,1,1,1,1.941286049955415e-05,0.0
OulweS369,1,2,1,2,1.9374426723538447e-05,9.781145332533837e-05
King_of_Avon,1,1,1,1,1.927215918101385e-05,5.07838761567992e-05
anoncology,1,1,1,1,1.9270328791174703e-05,3.523217521200749e-05
-_MarcusAurelius_-,1,1,1,1,1.9143290705000897e-05,3.5554996050978686e-06
BuzzEU,1,4,1,4,1.911247328822932e-05,9.772087471049214e-05
RipComfortable7989,1,2,1,2,1.911247328822932e-05,6.356561138227024e-07
Battered_Grit,1,2,1,2,1.911247328822932e-05,0.0
LowFruit25,1,1,1,1,1.9052577217157016e-05,0.0
OnlineParacosm,1,1,1,1,1.8985837392301654e-05,5.7577648806432165e-05
Realanise1,1,1,1,1,1.88949505916391e-05,5.908363231014764e-05
whif42,1,1,1,1,1.88949505916391e-05,5.908363231014764e-05
blackcain,1,1,1,1,1.88949505916391e-05,7.546758918989047e-07
unofficiahoekage,1,1,1,1,1.8721982490024293e-05,2.7430291586955966e-05
patternrelay,1,6,1,6,1.868614698378091e-05,0.0012401540482822868
ObeseBumblebee,1,2,1,2,1.868614698378091e-05,0.0006341754548463332
hadoopken,1,1,1,1,1.868614698378091e-05,0.00014790235663412083
Beneficial-Panda-640,1,3,1,3,1.868614698378091e-05,0.0001448543002626704
teknobable,1,1,1,1,1.868614698378091e-05,0.00012065940171410386
Euphoricas,1,1,1,1,1.868614698378091e-05,0.00010542140636943477
Pickadog_Anydog,1,1,1,1,1.868614698378091e-05,0.00010338190507575187
HydroLoon,1,1,1,1,1.868614698378091e-05,9.917653822826266e-05
iSavedtheGalaxy,1,5,1,5,1.868614698378091e-05,8.213008118609485e-05
BigBee2402,1,2,1,2,1.868614698378091e-05,7.093298049496983e-05
DJShaw86,1,1,1,1,1.868614698378091e-05,6.824201742162857e-05
Complete_Meeting8719,1,1,1,1,1.868614698378091e-05,6.669770394305396e-05
JustJustinInTime,1,2,1,2,1.868614698378091e-05,4.9075435171603824e-05
jjason82,1,1,1,1,1.868614698378091e-05,3.8347421132388284e-05
Third_Coast_2025,1,1,1,1,1.868614698378091e-05,3.410810688712702e-05
WhatTheLousy,1,1,1,1,1.868614698378091e-05,3.376928463328138e-05
goomyman,1,1,1,1,1.868614698378091e-05,3.376928463328138e-05
totallyrealname,1,1,1,1,1.868614698378091e-05,2.4625272009434988e-05
DesperateSky959,1,1,1,1,1.868614698378091e-05,2.3863851801163446e-05
ImJLu,1,1,1,1,1.868614698378091e-05,2.3413983468666725e-05
AristidLindenmayer,1,1,1,1,1.868614698378091e-05,2.1105493676300647e-05
Purple-Property8006,1,1,1,1,1.868614698378091e-05,2.0421498789426066e-05
Ein_Bear,1,1,1,1,1.868614698378091e-05,1.9436236268967344e-05
Mysterious-Falcon-83,1,1,1,1,1.868614698378091e-05,1.4548151124183743e-05
brexdab,1,1,1,1,1.868614698378091e-05,1.3967043605717951e-05
neutral-chaotic,1,1,1,1,1.868614698378091e-05,1.040684801850988e-05
TerminalVector,1,1,1,1,1.868614698378091e-05,1.0226442091070119e-05
Libro_Artis,1,1,1,1,1.868614698378091e-05,8.308341651250397e-06
AdeptInspection4868,1,1,1,2,1.868614698378091e-05,6.891126711333587e-06
Seaguard5,1,1,1,1,1.868614698378091e-05,6.781478861528607e-06
TheHistorian2,1,1,1,1,1.868614698378091e-05,6.3592849247670165e-06
Hawful,1,1,1,1,1.868614698378091e-05,5.788685278777717e-06
proddy,1,1,1,1,1.868614698378091e-05,4.5121348509549496e-06
whattodo4455,1,1,1,1,1.868614698378091e-05,3.5965354797095665e-06
eju2000,1,1,1,1,1.868614698378091e-05,2.780240276702574e-06
2WheelTinker-,1,1,1,1,1.868614698378091e-05,2.1075609366796157e-06
Otherwise_Silver4009,1,1,1,1,1.868614698378091e-05,1.7209880880950878e-06
Vanhoras,1,1,1,1,1.868614698378091e-05,1.5694370997337882e-06
cosmic-untiming,1,1,1,1,1.868614698378091e-05,1.4436354732485382e-06
natoliniak,1,1,1,1,1.868614698378091e-05,1.1189511850215247e-06
RelativeShock442,1,1,1,1,1.868614698378091e-05,5.485693633691194e-07
Visible_Solid2729,1,1,1,1,1.868614698378091e-05,0.0
MaddyKet,1,1,1,1,1.868614698378091e-05,0.0
saucysagnus,1,1,1,1,1.868614698378091e-05,0.0
poet3322,1,1,1,1,1.868614698378091e-05,0.0
CrabbyGremlin,1,1,1,1,1.868614698378091e-05,0.0
Upset-Wedding8494,1,1,1,1,1.868614698378091e-05,0.0
TheStonedEdge,1,1,1,1,1.868614698378091e-05,0.0
Electronic-Goal-8141,1,1,1,1,1.8623979874125458e-05,5.0221207897126415e-06
Relative-Degree-649,1,3,1,4,1.8491191860157935e-05,0.0
Unhappy-Homework-812,1,8,1,9,1.8394177370476688e-05,0.0007288979922715028
Responsible-Fee9149,1,1,1,1,1.8378558339456486e-05,2.7844707085199802e-05
Deathspiral222,1,5,1,5,1.8317298045421982e-05,0.00012815538468805178
Fit_Comfortable_8785,1,1,1,1,1.8314400543471967e-05,0.0
860_Ric,1,1,1,1,1.828667672336879e-05,3.121696820486783e-07
angeltiddie,1,1,1,1,1.8088468749981607e-05,0.0
stickybond009,1,1,1,1,1.8079502596488883e-05,2.8901390618063468e-06
F-Shack,1,1,1,1,1.8079502596488883e-05,2.8901390618063468e-06
natguy2016,1,4,2,4,1.8035442068563253e-05,0.001336617240420204
WorriedGiraffe2793,1,1,1,1,1.790513477842479e-05,5.112055058021825e-08
Shiningc00,1,1,1,1,1.783232093549619e-05,0.00010127943773864286
Minute_Attempt3063,1,1,1,1,1.783232093549619e-05,0.00010127943773864286
marmaviscount,1,2,1,2,1.783232093549619e-05,7.708711957054493e-06
Rportilla,1,1,1,1,1.7736861431641843e-05,3.011753367516734e-07
Djamalfna,1,1,1,1,1.7689190567509302e-05,0.00010968551348836768
steppe5,1,2,1,2,1.7689190567509302e-05,1.3873084721390174e-05
foxcnnmsnbc,1,4,1,4,1.7674276553361687e-05,8.659807311458417e-05
Empty_Expressionless,1,1,1,1,1.7674276553361687e-05,1.4541205611046845e-06
pl487,1,3,1,3,1.765333436576929e-05,0.0008099352213599485
AlphaNuke94,1,6,1,6,1.765333436576929e-05,0.00021090110582907092
ProfessionalGuard989,1,2,1,2,1.765333436576929e-05,0.00013240009600406304
South-Opening-9720,1,1,1,1,1.765333436576929e-05,0.00012940788771230682
Ok-Bed-9943,1,1,1,1,1.765333436576929e-05,5.4918558197151484e-05
DeOh,1,3,1,3,1.765333436576929e-05,3.8443593194611864e-05
soundmagnet,1,1,1,1,1.765333436576929e-05,2.6747133349205728e-05
See_Em,1,1,1,1,1.765333436576929e-05,1.8814854372763234e-05
hiskittendoll,1,1,1,1,1.765333436576929e-05,1.29985568794499e-05
DominantMale28,1,1,1,1,1.765333436576929e-05,1.1125107657376093e-05
Aghanims,1,1,1,1,1.765333436576929e-05,1.1125107657376093e-05
backfire10z,1,1,1,1,1.765333436576929e-05,7.695408125022062e-06
WhiteWinterRains,1,1,1,1,1.765333436576929e-05,1.3282219652875253e-06
Round_Rectangles,1,1,1,1,1.765333436576929e-05,4.821494453533486e-07
One-League1685,1,1,1,1,1.765333436576929e-05,3.737801054328804e-07
Kraeftluder,1,1,1,1,1.765333436576929e-05,2.8235187820469384e-07
Last_Cold5844,1,1,1,1,1.765333436576929e-05,2.2663695909406862e-07
IPissExcellentThrows,1,1,1,1,1.765333436576929e-05,0.0
Nizdaar,1,1,1,1,1.765333436576929e-05,0.0
elvis8mybaby,1,1,1,1,1.7033646794962313e-05,6.858921937939219e-05
Slu54,1,1,1,1,1.7033646794962313e-05,4.41776165872418e-05
rock25011,1,1,1,1,1.7033646794962313e-05,1.2222167759519924e-07
v3bbkZif6TjGR38KmfyL,1,1,1,1,1.7033646794962313e-05,1.2222167759519924e-07
GroceryBright,1,1,1,1,1.7033646794962313e-05,0.0
notfulofshit,1,1,1,1,1.702993890418791e-05,7.910155094542165e-06
solid_soup_go_boop,1,1,1,1,1.702993890418791e-05,1.6410633405957658e-06
travistravis,1,3,1,3,1.6620521747757666e-05,3.242921498784891e-05
Brilliant-Ad-4585,1,1,1,1,1.6620521747757666e-05,2.749529800192492e-05
DonkeyOfWallStreet,1,2,1,2,1.6325432428325776e-05,0.0002564563851235809
mtetrode,1,1,1,1,1.6325432428325776e-05,5.951274537931346e-05
keis,1,1,1,1,1.6325432428325776e-05,5.951274537931346e-05
soedesh1,1,1,1,1,1.6325432428325776e-05,4.82856396329672e-05
merkinmavin,1,1,1,1,1.6325432428325776e-05,8.868221680486248e-06
flerchin,1,2,1,2,1.6295169290148837e-05,5.606924221516073e-05
Enkiktd,1,1,1,1,1.6295169290148837e-05,3.294132136376495e-05
thriverebel,0,3,0,3,1.4554896511734424e-05,0.007830273117994516
space_monster,0,3,0,3,1.4554896511734424e-05,0.007604008587757332
h0twired,0,3,0,3,1.4554896511734424e-05,0.005532885096523491
newjeanshanni,0,2,0,2,1.4554896511734424e-05,0.004849936522816811
lordnacho666,0,2,0,2,1.4554896511734424e-05,0.003567474130345342
PersistentBadger,0,2,0,2,1.4554896511734424e-05,0.003451469359174174
AutoModerator,0,4,0,4,1.4554896511734424e-05,0.0030560927738014676
Old-Bat-7384,0,3,0,3,1.4554896511734424e-05,0.0030251599912322047
potatodrinker,0,4,0,4,1.4554896511734424e-05,0.002694899325412351
Sufficient-Bid1279,0,4,0,4,1.4554896511734424e-05,0.0025675140437531087
Sharpshooter188,0,2,0,2,1.4554896511734424e-05,0.002223456486411347
SilverLose,0,3,0,3,1.4554896511734424e-05,0.002024037001018647
Sensitive-Trouble648,0,3,0,3,1.4554896511734424e-05,0.0018884382098360998
notevenapro,0,3,0,4,1.4554896511734424e-05,0.0018281999528233295
mshcat,0,2,0,2,1.4554896511734424e-05,0.0018223901652566032
notislant,0,5,0,5,1.4554896511734424e-05,0.001808390422045783
Br0keNw0n,0,2,0,2,1.4554896511734424e-05,0.0016480835820123236
FreshLuck9739,0,3,0,3,1.4554896511734424e-05,0.0016050372568183649
downtimeredditor,0,3,0,3,1.4554896511734424e-05,0.001552419951710068
SetoKeating,0,3,0,3,1.4554896511734424e-05,0.0015353826895174783
the_red_scimitar,0,4,0,4,1.4554896511734424e-05,0.0014705271911976026
Inanimate_CARB0N_Rod,0,3,0,3,1.4554896511734424e-05,0.001369202747394335
NomadFH,0,2,0,2,1.4554896511734424e-05,0.001312498017663804
Prestigious_Wrap_932,0,2,0,2,1.4554896511734424e-05,0.0013055705320635348
Itzie4,0,3,0,3,1.4554896511734424e-05,0.0012618197818873877
Slow_Balance270,0,2,0,2,1.4554896511734424e-05,0.0012097737993334709
Repulsive-Hurry8172,0,2,0,2,1.4554896511734424e-05,0.0011718094127285085
Cautious_Ice_884,0,2,0,2,1.4554896511734424e-05,0.001150389235707468
Chaotic-Entropy,0,4,0,4,1.4554896511734424e-05,0.0011503888267329874
Hefty_Remove7965,0,3,0,3,1.4554896511734424e-05,0.0011385116765105213
AmputatorBot,0,3,0,3,1.4554896511734424e-05,0.0011356560582381123
Derpykins666,0,3,0,3,1.4554896511734424e-05,0.0011047840901216687
Everheart1955,0,2,0,2,1.4554896511734424e-05,0.0010829488475523512
thetrailofthedead,0,2,0,2,1.4554896511734424e-05,0.0010005202560747768
Straightwad,0,2,0,2,1.4554896511734424e-05,0.0009775042076027316
thesockninja,0,2,0,2,1.4554896511734424e-05,0.0009596124573693106
Intrepid_Mode8116,0,6,0,6,1.4554896511734424e-05,0.0009485570597729601
dkHD7,0,2,0,2,1.4554896511734424e-05,0.0009358045061708106
mtcwby,0,3,0,3,1.4554896511734424e-05,0.0008475977405368157
West-Abalone-171,0,5,0,5,1.4554896511734424e-05,0.0008416857524035413
steampowrd,0,4,0,4,1.4554896511734424e-05,0.0008213541714450013
thepandapear,0,5,0,5,1.4554896511734424e-05,0.0008173554226116941
Lewa358,0,2,0,2,1.4554896511734424e-05,0.0008109405722045951
BackDatSazzUp,0,4,0,4,1.4554896511734424e-05,0.0007273730954441814
lottspot,0,2,0,2,1.4554896511734424e-05,0.000718318807101054
GoldenSama,0,2,0,2,1.4554896511734424e-05,0.0006979458967265524
SunsGettinRealLow,0,2,0,2,1.4554896511734424e-05,0.000689243762887201
EyeUsual9400,0,2,0,2,1.4554896511734424e-05,0.0006805364665993284
StyleFree3085,0,2,0,2,1.4554896511734424e-05,0.0006705202432448251
SirDouglasMouf,0,2,0,2,1.4554896511734424e-05,0.0006658400758819527
thebig_dee,0,2,0,2,1.4554896511734424e-05,0.0006561514186854852
EXPLODEDman,0,2,0,2,1.4554896511734424e-05,0.0006253004220407185
MutaitoSensei,0,2,0,2,1.4554896511734424e-05,0.0006236218302205505
OBPSG,0,2,0,2,1.4554896511734424e-05,0.0006135975069747341
Gazelle_Possible,0,2,0,2,1.4554896511734424e-05,0.0005994883223689327
LindeeHilltop,0,2,0,2,1.4554896511734424e-05,0.0005881268598158384
LynxRufus,0,2,0,2,1.4554896511734424e-05,0.0005880252406343573
u_tech_m,0,2,0,2,1.4554896511734424e-05,0.0005750444915396921
Quick_Lingonberry_34,0,3,0,3,1.4554896511734424e-05,0.0005711867982313813
dfphd,0,4,0,4,1.4554896511734424e-05,0.0005697036143460153
Ill-Mastodon-8692,0,2,0,2,1.4554896511734424e-05,0.0005443444269851247
VVrayth,0,2,0,2,1.4554896511734424e-05,0.000541073859798879
pittaxx,0,4,0,4,1.4554896511734424e-05,0.0005393607919097365
ferrets4ever,0,2,0,2,1.4554896511734424e-05,0.000538408209651372
HappyIrishman633210,0,2,0,2,1.4554896511734424e-05,0.0005244685011226512
Macdaddy357,0,2,0,2,1.4554896511734424e-05,0.0005167046529633905
Makabajones,0,2,0,2,1.4554896511734424e-05,0.0005036822487355356
jettech737,0,3,0,3,1.4554896511734424e-05,0.0004964892942136504
takeyouraxeandhack,0,3,0,3,1.4554896511734424e-05,0.0004932586253524997
jmnugent,0,3,0,3,1.4554896511734424e-05,0.0004754317644534821
Initial_Luck_7986,0,4,0,4,1.4554896511734424e-05,0.00047423067271274913
Oldbay_BarbedWire,0,2,0,2,1.4554896511734424e-05,0.00047254018987551394
AttitudeGlass64,0,2,0,2,1.4554896511734424e-05,0.0004574457155795836
Curious_Maximum_639,0,2,0,2,1.4554896511734424e-05,0.00044077496883802354
TwiceUponATaco,0,2,0,2,1.4554896511734424e-05,0.00043085069742601384
ApplesBananasRhinoc,0,2,0,2,1.4554896511734424e-05,0.00042662168966097847
Tyrilean,0,2,0,2,1.4554896511734424e-05,0.0004211344188820914
Coldmode,0,2,0,2,1.4554896511734424e-05,0.0004180268360482519
sump_daddy,0,7,0,7,1.4554896511734424e-05,0.0004146059323166666
Basic-Lobster3603,0,2,0,2,1.4554896511734424e-05,0.00041440574373323403
International-Mix326,0,4,0,4,1.4554896511734424e-05,0.000413760799249594
FeralWookie,0,5,0,5,1.4554896511734424e-05,0.0004082585607077601
ledow,0,2,0,2,1.4554896511734424e-05,0.000406969164744756
humanguise,0,3,0,3,1.4554896511734424e-05,0.0004048342411856061
Individual-Result777,0,2,0,2,1.4554896511734424e-05,0.0004031121447048785
purplepanda5050,0,2,0,2,1.4554896511734424e-05,0.0003984313659351034
sbenfsonwFFiF,0,2,0,2,1.4554896511734424e-05,0.000391331482807615
Environmental-Sir-19,0,3,0,3,1.4554896511734424e-05,0.0003842842435878728
freakydeku,0,2,0,2,1.4554896511734424e-05,0.0003801050896286347
voiderest,0,3,0,3,1.4554896511734424e-05,0.0003796100499893903
mxldevs,0,2,0,2,1.4554896511734424e-05,0.00037272317220923
PB_MutaNt,0,2,0,2,1.4554896511734424e-05,0.00036496164560893433
teddyone,0,5,0,5,1.4554896511734424e-05,0.0003595854811220877
edparadox,0,2,0,2,1.4554896511734424e-05,0.00035333572041645114
amilo111,0,2,0,2,1.4554896511734424e-05,0.0003489557235315001
Brave-Finding-3866,0,3,0,3,1.4554896511734424e-05,0.0003457019684031869
macrohatch,0,3,0,3,1.4554896511734424e-05,0.0003433283950104179
AsleepAd9785,0,2,0,2,1.4554896511734424e-05,0.00034148676436263206
Small_Dog_8699,0,4,0,4,1.4554896511734424e-05,0.00033697327382773795
Svardskampe,0,3,0,3,1.4554896511734424e-05,0.0003352114632206046
Cortexan,0,2,0,2,1.4554896511734424e-05,0.00033284281162825535
Astral902,0,3,0,3,1.4554896511734424e-05,0.00032880330007325624
72dragonses,0,2,0,2,1.4554896511734424e-05,0.0003260413771241117
JMDeutsch,0,2,0,2,1.4554896511734424e-05,0.0003259668972083294
look,0,2,0,2,1.4554896511734424e-05,0.00032185260953811363
dinosaurkiller,0,3,0,3,1.4554896511734424e-05,0.00032080093512362674
MidnightIAmMid,0,3,0,3,1.4554896511734424e-05,0.00030654528901550513
MilkChugg,0,3,0,3,1.4554896511734424e-05,0.000304832852740166
Eat--The--Rich--,0,2,0,2,1.4554896511734424e-05,0.00030184535937932775
SakaWreath,0,2,0,2,1.4554896511734424e-05,0.00029785643437285614
Watsons-Butler,0,3,0,3,1.4554896511734424e-05,0.0002971688404495599
tacopower69,0,2,0,2,1.4554896511734424e-05,0.0002861046819401405
elBirdnose,0,2,0,2,1.4554896511734424e-05,0.00027914114735616823
qubedView,0,2,0,2,1.4554896511734424e-05,0.0002729945130460009
Shap3rz,0,4,0,4,1.4554896511734424e-05,0.0002723407376997477
Important-Ability-56,0,2,0,2,1.4554896511734424e-05,0.0002708524811674402
willbdb425,0,3,0,3,1.4554896511734424e-05,0.00026958439155243323
PeekAtChu1,0,3,0,3,1.4554896511734424e-05,0.00026862769472962145
Balmung60,0,4,0,4,1.4554896511734424e-05,0.0002664079413371439
dmazzoni,0,3,0,3,1.4554896511734424e-05,0.00026474751180024787
bluehawk232,0,2,0,2,1.4554896511734424e-05,0.0002632495497481924
firedrakes,0,3,0,3,1.4554896511734424e-05,0.00026313321456801107
skot77,0,2,0,2,1.4554896511734424e-05,0.00026153739159745325
GSWsplashbros3011,0,2,0,2,1.4554896511734424e-05,0.00026153739159745325
Synergisticit10,0,3,0,3,1.4554896511734424e-05,0.0002564123161231567
Yohoho-ABottleOfRum,0,2,0,2,1.4554896511734424e-05,0.00025514825817886914
Herpty_Derp95,0,2,0,2,1.4554896511734424e-05,0.00025488186865726075
letthetreeburn,0,2,0,2,1.4554896511734424e-05,0.0002520732980731475
No_Size9475,0,2,0,2,1.4554896511734424e-05,0.00024326559112944164
brainhack3r,0,4,0,4,1.4554896511734424e-05,0.00023791569703254418
likwitsnake,0,3,0,3,1.4554896511734424e-05,0.00023694308263995788
TwistStrict9811,0,2,0,2,1.4554896511734424e-05,0.00023444267203534796
Fit-Produce420,0,2,0,2,1.4554896511734424e-05,0.00023432091634270158
phylter99,0,2,0,2,1.4554896511734424e-05,0.00022931421075530282
Itz_Hen,0,2,0,2,1.4554896511734424e-05,0.00022928473801667835
Redararis,0,2,0,2,1.4554896511734424e-05,0.000228533897500193
RecognitionSignal425,0,3,0,3,1.4554896511734424e-05,0.00022414506926713074
taznado,0,2,0,2,1.4554896511734424e-05,0.00022354061104962972
InsuranceToTheRescue,0,2,0,2,1.4554896511734424e-05,0.00022148095631022822
polmeeee,0,2,0,2,1.4554896511734424e-05,0.00022039067387124501
AwesomeHorses,0,2,0,2,1.4554896511734424e-05,0.00022038532119737097
debugprint,0,3,0,3,1.4554896511734424e-05,0.00022027234284757488
UX-Edu,0,3,0,3,1.4554896511734424e-05,0.000220141405143378
epicfail1994,0,2,0,2,1.4554896511734424e-05,0.00021811778416324664
Ceci0,0,2,0,2,1.4554896511734424e-05,0.00021714398775901964
wowlock_taylan,0,2,0,2,1.4554896511734424e-05,0.00021710117780345526
Hazzman,0,3,0,3,1.4554896511734424e-05,0.00021673316003769838
DrRudyWells,0,2,0,2,1.4554896511734424e-05,0.00020991147261707172
TripleFreeErr,0,2,0,2,1.4554896511734424e-05,0.00020636088445875585
SpaceGerbil,0,2,0,2,1.4554896511734424e-05,0.00020608482237651488
Slggyqo,0,3,0,3,1.4554896511734424e-05,0.00020119289519316192
no-sleep-only-code,0,2,0,2,1.4554896511734424e-05,0.0001994161984544016
bbbberlin,0,2,0,2,1.4554896511734424e-05,0.00019279414995088554
Rising-Jay,0,2,0,2,1.4554896511734424e-05,0.00018602230329733144
hurley_chisholm,0,2,0,2,1.4554896511734424e-05,0.00018379102732037176
api-tester,0,2,0,2,1.4554896511734424e-05,0.00018348790047403567
SecretAgentVampire,0,2,0,2,1.4554896511734424e-05,0.00018214591014693136
Blando-Cartesian,0,3,0,3,1.4554896511734424e-05,0.00018179294749759724
Trick-Interaction396,0,2,0,2,1.4554896511734424e-05,0.00017916461420752267
ReverendRocky,0,2,0,2,1.4554896511734424e-05,0.00017866120189128157
Party-Cartographer11,0,2,0,2,1.4554896511734424e-05,0.0001782860586543003
kinboyatuwo,0,2,0,2,1.4554896511734424e-05,0.00017468961179108639
round-earth-theory,0,2,0,2,1.4554896511734424e-05,0.00017184233793896835
Choice_Potato_6279,0,2,0,2,1.4554896511734424e-05,0.00017089306934445436
Tough-Garbage8800,0,2,0,2,1.4554896511734424e-05,0.00016724101997110408
Jigglytep,0,2,0,2,1.4554896511734424e-05,0.00016575940204546693
Gold-Strength4269,0,2,0,2,1.4554896511734424e-05,0.0001655394733216129
Maximum-Okra3237,0,2,0,2,1.4554896511734424e-05,0.00016356585654412158
ropobipi,0,3,0,3,1.4554896511734424e-05,0.00016235309367695257
welshwelsh,0,4,0,4,1.4554896511734424e-05,0.00015020393980515705
Noblesseux,0,2,0,2,1.4554896511734424e-05,0.00014828156668829527
happyscrappy,0,2,0,2,1.4554896511734424e-05,0.00014737882492304587
Squibbles01,0,2,0,2,1.4554896511734424e-05,0.00014666993412467937
CapitalDiligent1676,0,2,0,2,1.4554896511734424e-05,0.00014618781730749465
Ninja-Panda86,0,3,0,3,1.4554896511734424e-05,0.00014526310827718883
Complex_Dragonfly_39,0,2,0,2,1.4554896511734424e-05,0.00014468930225022182
ShroomBear,0,2,0,2,1.4554896511734424e-05,0.00014381092090930763
heptyne,0,2,0,2,1.4554896511734424e-05,0.00014351252341812695
aReasonableStick,0,2,0,2,1.4554896511734424e-05,0.00014293886821953414
WaveFast,0,2,0,2,1.4554896511734424e-05,0.0001428462056926175
OGPapaSean,0,2,0,2,1.4554896511734424e-05,0.00014267296153905342
ObfuscatedCheese,0,2,0,2,1.4554896511734424e-05,0.00013890200932176042
pissoutmybutt,0,2,0,2,1.4554896511734424e-05,0.0001384200748281701
Lov3I5Treacherous,0,2,0,2,1.4554896511734424e-05,0.00013813975264358834
joexner,0,2,0,2,1.4554896511734424e-05,0.00013558437998838774
PartyParrotGames,0,2,0,2,1.4554896511734424e-05,0.0001352269984816235
PMMMR,0,2,0,2,1.4554896511734424e-05,0.0001335269026846732
NUKE---THE---WHALES,0,2,0,2,1.4554896511734424e-05,0.00013154698818282207
mrkprsn,0,2,0,2,1.4554896511734424e-05,0.0001314512207997374
SnooPets8873,0,2,0,2,1.4554896511734424e-05,0.00013106535488174032
Rich_Chart_3237,0,2,0,2,1.4554896511734424e-05,0.00013003581403628106
Alternative-Suit5541,0,3,0,3,1.4554896511734424e-05,0.00012890250731909647
drawkbox,0,2,0,2,1.4554896511734424e-05,0.00012883935953652127
SteveLorde,0,2,0,2,1.4554896511734424e-05,0.00012793392227226756
mattmaster68,0,2,0,2,1.4554896511734424e-05,0.00012680724721470416
oupablo,0,3,0,3,1.4554896511734424e-05,0.0001263702365580812
lm28ness,0,2,0,2,1.4554896511734424e-05,0.0001250534035836148
BreadAndOliveOil,0,2,0,2,1.4554896511734424e-05,0.00012316860699494915
Chemical-Fault-7331,0,4,0,4,1.4554896511734424e-05,0.00012206353522655233
HaMMeReD,0,2,0,2,1.4554896511734424e-05,0.00012145158535764041
Humble_Warthog9711,0,3,0,3,1.4554896511734424e-05,0.00012097282591376611
Marshall_Lawson,0,3,0,3,1.4554896511734424e-05,0.00011928061758337838
coldfeetbot,0,2,0,2,1.4554896511734424e-05,0.00011850343750480894
mothzilla,0,2,0,2,1.4554896511734424e-05,0.00011792111219193463
ThatMortalGuy,0,3,0,3,1.4554896511734424e-05,0.00011749197575163935
ThemeBig6731,0,3,0,3,1.4554896511734424e-05,0.0001170883132775121
CodeTinkerer,0,2,0,2,1.4554896511734424e-05,0.00011511408763210992
jrblockquote,0,2,0,2,1.4554896511734424e-05,0.00011493503619605427
ohiotechie,0,2,0,2,1.4554896511734424e-05,0.00011359705910965366
LetUsSpeakFreely,0,2,0,2,1.4554896511734424e-05,0.00011321439728880745
VoidVer,0,3,0,3,1.4554896511734424e-05,0.00011311796347088118
integraled,0,2,0,2,1.4554896511734424e-05,0.0001127318571032619
emperor_dinglenads,0,2,0,2,1.4554896511734424e-05,0.00011117001707200869
InstantShiningWizard,0,2,0,2,1.4554896511734424e-05,0.00011094060144262398
b0ound,0,3,0,3,1.4554896511734424e-05,0.00011081556815757847
Forward-Surprise1192,0,6,0,6,1.4554896511734424e-05,0.00011040013623599562
failsafe-author,0,2,0,2,1.4554896511734424e-05,0.0001091882110140293
SmaugTheMagnificent-,0,2,0,2,1.4554896511734424e-05,0.00010912663091290185
MarcableFluke,0,2,0,2,1.4554896511734424e-05,0.00010888324621009462
Chronotheos,0,2,0,2,1.4554896511734424e-05,0.00010640747631252016
LogicalBichon,0,2,0,2,1.4554896511734424e-05,0.00010597363644826185
Uniqlo,0,2,0,2,1.4554896511734424e-05,0.00010522967376882783
yUQHdn7DNWr9,0,2,0,2,1.4554896511734424e-05,0.00010472137010528941
melonkoli,0,2,0,2,1.4554896511734424e-05,0.00010429728874780676
Cedar_Wood_State,0,2,0,2,1.4554896511734424e-05,0.00010341231400974275
Deaf_Playa,0,2,0,2,1.4554896511734424e-05,0.00010146223885759315
Comfortable-Insect-7,0,2,0,2,1.4554896511734424e-05,0.00010090248183403642
ender42y,0,2,0,2,1.4554896511734424e-05,0.00010079371201437555
Katy_with_Intuit,0,2,0,2,1.4554896511734424e-05,0.00010059106046530178
babies_galore,0,5,0,7,1.4554896511734424e-05,9.917560040667697e-05
coldkiller,0,3,0,3,1.4554896511734424e-05,9.902538498665998e-05
Urthor,0,2,0,2,1.4554896511734424e-05,9.665789631539119e-05
musitechnica,0,3,0,3,1.4554896511734424e-05,9.59026380016096e-05
GiveMeSandwich2,0,3,0,3,1.4554896511734424e-05,9.58696966618035e-05
Brownl33d,0,2,0,2,1.4554896511734424e-05,9.576283666835025e-05
nadmaximus,0,2,0,2,1.4554896511734424e-05,9.5750148645809e-05
LiveEntertainment567,0,2,0,2,1.4554896511734424e-05,9.532092413165426e-05
falilth,0,2,0,2,1.4554896511734424e-05,9.428928003645654e-05
shadow-battle-crab,0,2,0,2,1.4554896511734424e-05,9.277444942172954e-05
SpiritualName2684,0,3,0,3,1.4554896511734424e-05,9.274604682844621e-05
diurnal_emissions,0,3,0,3,1.4554896511734424e-05,9.046642313655512e-05
KlingonButtMasseuse,0,4,0,4,1.4554896511734424e-05,9.038784958665977e-05
IncorrectAddress,0,2,0,2,1.4554896511734424e-05,9.013742275025625e-05
Baxkit,0,2,0,2,1.4554896511734424e-05,8.978954784479557e-05
TheReservedList,0,2,0,2,1.4554896511734424e-05,8.956446080324329e-05
Gold_Repair_3557,0,2,0,2,1.4554896511734424e-05,8.895158000974692e-05
BahBahSMT,0,2,0,2,1.4554896511734424e-05,8.87443302361674e-05
Warlock2111,0,2,0,2,1.4554896511734424e-05,8.786063712708514e-05
mrburnerboy2121,0,2,0,2,1.4554896511734424e-05,8.777779344321805e-05
Less_Tacos,0,2,0,2,1.4554896511734424e-05,8.760924034319087e-05
codemuncher,0,3,0,3,1.4554896511734424e-05,8.719041514449942e-05
Hrekires,0,2,0,2,1.4554896511734424e-05,8.717644756342894e-05
trifelin,0,2,0,2,1.4554896511734424e-05,8.672134806044436e-05
007meow,0,2,0,2,1.4554896511734424e-05,8.653520297946623e-05
Riley_,0,2,0,2,1.4554896511734424e-05,8.611021866661979e-05
Sepicuk,0,2,0,2,1.4554896511734424e-05,8.598515060270176e-05
Certain_Luck_8266,0,2,0,2,1.4554896511734424e-05,8.451287802258273e-05
Thee_Great_Cockroach,0,2,0,2,1.4554896511734424e-05,8.41809074468642e-05
Osirus1156,0,2,0,2,1.4554896511734424e-05,8.349907094587146e-05
finniruse,0,2,0,2,1.4554896511734424e-05,8.21037428388028e-05
wsch,0,2,0,2,1.4554896511734424e-05,8.152494308447081e-05
SuperXpression,0,2,0,2,1.4554896511734424e-05,8.108516869829213e-05
Decillionaire,0,2,0,2,1.4554896511734424e-05,7.976059783764883e-05
TurtleSandwich0,0,2,0,2,1.4554896511734424e-05,7.927847422381593e-05
thegooseisloose1982,0,2,0,2,1.4554896511734424e-05,7.882347048902567e-05
Golandia,0,2,0,2,1.4554896511734424e-05,7.753535887770817e-05
midnightauro,0,3,0,3,1.4554896511734424e-05,7.726279162228066e-05
hydranumb,0,2,0,2,1.4554896511734424e-05,7.648014555539186e-05
davispw,0,2,0,2,1.4554896511734424e-05,7.636556357615458e-05
TheBinkz,0,2,0,2,1.4554896511734424e-05,7.573837597252328e-05
ares623,0,3,0,3,1.4554896511734424e-05,7.47513065716823e-05
josemartinlopez,0,2,0,2,1.4554896511734424e-05,7.386521154906299e-05
boringexplanation,0,2,0,2,1.4554896511734424e-05,7.268941518206605e-05
pm_me_your_puppeh,0,2,0,2,1.4554896511734424e-05,7.220168942134064e-05
BioshockEnthusiast,0,2,0,2,1.4554896511734424e-05,7.20042023778644e-05
Sabatat-,0,3,0,3,1.4554896511734424e-05,7.150516816820041e-05
terrany1,0,2,0,2,1.4554896511734424e-05,7.145235534446339e-05
MrLeville,0,2,0,2,1.4554896511734424e-05,7.102635638983596e-05
PlasonJates,0,5,0,5,1.4554896511734424e-05,7.052319218055015e-05
ben-hur-hur,0,2,0,2,1.4554896511734424e-05,7.036575391624751e-05
strangeghoule,0,4,0,4,1.4554896511734424e-05,6.965147442441161e-05
Ok_Response_5787,0,3,0,3,1.4554896511734424e-05,6.917940057408135e-05
FiveHeadedSnake,0,2,0,2,1.4554896511734424e-05,6.852249554776097e-05
satansxlittlexhelper,0,2,0,2,1.4554896511734424e-05,6.806945117848161e-05
Jorycle,0,2,0,2,1.4554896511734424e-05,6.776445076912652e-05
UntrimmedBagel,0,2,0,2,1.4554896511734424e-05,6.761784191333713e-05
fuckoholic,0,4,0,4,1.4554896511734424e-05,6.761540396496751e-05
notoriousrdc,0,2,0,2,1.4554896511734424e-05,6.695766571762429e-05
BOT_Pain,0,2,0,2,1.4554896511734424e-05,6.691273685224739e-05
pigeonwiggle,0,3,0,3,1.4554896511734424e-05,6.676450523974887e-05
midnitewarrior,0,2,0,2,1.4554896511734424e-05,6.633044759815456e-05
Ragnarok314159,0,2,0,2,1.4554896511734424e-05,6.63248181282404e-05
itsbeenanhour,0,2,0,2,1.4554896511734424e-05,6.593345791692341e-05
kungfu1,0,2,0,2,1.4554896511734424e-05,6.55326723101343e-05
ObjectBrilliant7592,0,2,0,2,1.4554896511734424e-05,6.543007020663356e-05
corn_dick,0,3,0,3,1.4554896511734424e-05,6.541073924222252e-05
mrfixitx,0,2,0,2,1.4554896511734424e-05,6.537091874113019e-05
Itsmyloc-nar,0,2,0,2,1.4554896511734424e-05,6.52649920345411e-05
bloodychill,0,2,0,2,1.4554896511734424e-05,6.511241572860318e-05
apathy-sofa,0,2,0,2,1.4554896511734424e-05,6.493993530205003e-05
SlappinThatBass,0,2,0,2,1.4554896511734424e-05,6.438421099811092e-05
WingZeroCoder,0,2,0,2,1.4554896511734424e-05,6.344779733679917e-05
DeusCanon,0,2,0,2,1.4554896511734424e-05,6.28184974021298e-05
leathakkor,0,2,0,2,1.4554896511734424e-05,6.272012086233579e-05
ClvrNickname,0,2,0,2,1.4554896511734424e-05,6.242928811209306e-05
Big_Coconut8630,0,3,0,3,1.4554896511734424e-05,6.241165655753423e-05
DirectorBusiness5512,0,3,0,3,1.4554896511734424e-05,6.237522180917728e-05
giraloco,0,2,0,2,1.4554896511734424e-05,6.190584149277115e-05
Freud-Network,0,2,0,2,1.4554896511734424e-05,6.153290156644499e-05
Sidereel,0,2,0,2,1.4554896511734424e-05,6.101901170178259e-05
TriumphDaWonderPooch,0,2,0,2,1.4554896511734424e-05,6.0064934748881196e-05
Druber13,0,2,0,2,1.4554896511734424e-05,5.986690888423565e-05
Mamasugadex,0,2,0,2,1.4554896511734424e-05,5.912452303525435e-05
Terrible_Law6091,0,3,0,3,1.4554896511734424e-05,5.7124311560581713e-05
balletje2017,0,2,0,2,1.4554896511734424e-05,5.711672484675249e-05
Puzzleheaded_Sign249,0,2,0,2,1.4554896511734424e-05,5.703293141603733e-05
kaddras019,0,2,0,2,1.4554896511734424e-05,5.7019812723464507e-05
Zwentendorf,0,2,0,2,1.4554896511734424e-05,5.6914566011943536e-05
SwaeTech,0,2,0,2,1.4554896511734424e-05,5.685099361552617e-05
Phalex,0,2,0,2,1.4554896511734424e-05,5.6845171240024265e-05
digbybare,0,2,0,2,1.4554896511734424e-05,5.584163326251828e-05
NoPossibility4178,0,2,0,2,1.4554896511734424e-05,5.574663154034032e-05
Assasin537,0,2,0,2,1.4554896511734424e-05,5.5089804844093695e-05
Resident_Inflation51,0,2,0,2,1.4554896511734424e-05,5.489985936219576e-05
AmbientEngineer,0,2,0,2,1.4554896511734424e-05,5.47962142520802e-05
Murky-Elderberry-761,0,2,0,2,1.4554896511734424e-05,5.465199866021869e-05
florinandrei,0,2,0,2,1.4554896511734424e-05,5.3578360000199594e-05
moratnz,0,3,0,3,1.4554896511734424e-05,5.337896833470036e-05
BapeGeneral3,0,2,0,2,1.4554896511734424e-05,5.189445015250629e-05
semisolidwhale,0,2,0,2,1.4554896511734424e-05,5.173344164162082e-05
Rabbit-Hole-Quest,0,2,0,2,1.4554896511734424e-05,5.1711488247581125e-05
Primary-Bug-7353,0,3,0,3,1.4554896511734424e-05,5.126313587278509e-05
cballowe,0,2,0,2,1.4554896511734424e-05,5.0833861753489395e-05
Cheeze_It,0,2,0,2,1.4554896511734424e-05,4.976581824857219e-05
likesleague,0,2,0,2,1.4554896511734424e-05,4.975060337011669e-05
aggressive-figs,0,2,0,2,1.4554896511734424e-05,4.968397992033876e-05
Ok-Cartographer-5544,0,2,0,2,1.4554896511734424e-05,4.9611891769189664e-05
_pupil_,0,4,0,4,1.4554896511734424e-05,4.9360180338549204e-05
Grendel0075,0,2,0,2,1.4554896511734424e-05,4.9137673636914277e-05
saulgitman,0,2,0,2,1.4554896511734424e-05,4.8003744261586606e-05
coderemover,0,2,0,2,1.4554896511734424e-05,4.773325171068337e-05
thatgirlzhao,0,3,0,3,1.4554896511734424e-05,4.73931792620339e-05
BusinessStrategist,0,2,0,2,1.4554896511734424e-05,4.732433219193901e-05
swisstraeng,0,2,0,2,1.4554896511734424e-05,4.696274223639672e-05
Beliriel,0,3,0,3,1.4554896511734424e-05,4.676962099860973e-05
hammertime2009,0,2,0,2,1.4554896511734424e-05,4.669026037441479e-05
kingofthesqueal,0,2,0,2,1.4554896511734424e-05,4.658295038363927e-05
B-i-s-m-a-r-k,0,4,0,4,1.4554896511734424e-05,4.644373934288464e-05
Sexy_Art_Vandelay,0,3,0,3,1.4554896511734424e-05,4.5965297251558564e-05
Simple-Difference116,0,2,0,2,1.4554896511734424e-05,4.492360467752215e-05
Da-Frame-2R,0,2,0,2,1.4554896511734424e-05,4.483152159999295e-05
DudeWithTudeNotRude,0,3,0,3,1.4554896511734424e-05,4.4616141954638854e-05
edgmnt_net,0,2,0,2,1.4554896511734424e-05,4.456012785012169e-05
Calm-Tumbleweed-9820,0,2,0,2,1.4554896511734424e-05,4.4083296273607865e-05
IMovedYourCheese,0,2,0,2,1.4554896511734424e-05,4.399095282697858e-05
grismar-net,0,2,0,2,1.4554896511734424e-05,4.3276429346589e-05
Revolutionary-Desk50,0,2,0,2,1.4554896511734424e-05,4.313766547081821e-05
mend0k,0,2,0,2,1.4554896511734424e-05,4.2990778297139024e-05
kennlemy,0,2,0,2,1.4554896511734424e-05,4.278151688547854e-05
Technical-Scholar183,0,2,0,2,1.4554896511734424e-05,4.267363145661897e-05
Stolehtreb,0,2,0,2,1.4554896511734424e-05,4.182647928327309e-05
nadthevlad,0,2,0,2,1.4554896511734424e-05,4.179833796402142e-05
Godunman,0,3,0,3,1.4554896511734424e-05,4.130764403625973e-05
GuyF1eri,0,3,0,3,1.4554896511734424e-05,4.1050388237057054e-05
TheoryOfRelativity12,0,2,0,2,1.4554896511734424e-05,4.0635695959910375e-05
Bacon-muffin,0,2,0,2,1.4554896511734424e-05,4.0593994877604984e-05
coporate,0,2,0,2,1.4554896511734424e-05,4.059342146204018e-05
blolfighter,0,2,0,2,1.4554896511734424e-05,4.043456492820436e-05
Eastern_Raisin_5137,0,2,0,2,1.4554896511734424e-05,4.026011614387308e-05
arashi256,0,2,0,2,1.4554896511734424e-05,4.0243978555694226e-05
snksleepy,0,2,0,2,1.4554896511734424e-05,3.995750104183123e-05
IncreaseOld7112,0,2,0,2,1.4554896511734424e-05,3.884521849491264e-05
JRR_Tokin54,0,2,0,2,1.4554896511734424e-05,3.8844938708277724e-05
str8rippinfartz,0,2,0,2,1.4554896511734424e-05,3.879315934290774e-05
Lykeuhfox,0,3,0,3,1.4554896511734424e-05,3.85715381280796e-05
Far-Telephone-7432,0,2,0,2,1.4554896511734424e-05,3.7951054104185877e-05
an_agreeing_dothraki,0,2,0,2,1.4554896511734424e-05,3.789051057087786e-05
TheTurboDiesel,0,3,0,3,1.4554896511734424e-05,3.722573001533939e-05
Black_Moons,0,2,0,2,1.4554896511734424e-05,3.7210570048226346e-05
Cultural-Pattern-161,0,2,0,2,1.4554896511734424e-05,3.7090357940077425e-05
turboDividend,0,2,0,2,1.4554896511734424e-05,3.706270639275076e-05
TheDaug,0,2,0,2,1.4554896511734424e-05,3.695231611673272e-05
Joram2,0,2,0,2,1.4554896511734424e-05,3.692133520192844e-05
VaporCarpet,0,2,0,2,1.4554896511734424e-05,3.577867853185008e-05
No-Project-2353,0,2,0,2,1.4554896511734424e-05,3.575372447120388e-05
nath1234,0,2,0,2,1.4554896511734424e-05,3.528724305719066e-05
appealinggenitals,0,2,0,2,1.4554896511734424e-05,3.496740257107983e-05
-OooWWooO-,0,2,0,2,1.4554896511734424e-05,3.4953754428550456e-05
General-Jaguar-8164,0,3,0,3,1.4554896511734424e-05,3.494937067975112e-05
Traditional-Eye-7094,0,2,0,2,1.4554896511734424e-05,3.494047678171135e-05
Bonner71,0,3,0,3,1.4554896511734424e-05,3.417624244491947e-05
doodlinghearsay,0,2,0,2,1.4554896511734424e-05,3.413486827733023e-05
kc_cyclone,0,2,0,2,1.4554896511734424e-05,3.394629593992619e-05
Ferrocile,0,2,0,2,1.4554896511734424e-05,3.3927709619486763e-05
sassyhusky,0,2,0,2,1.4554896511734424e-05,3.388222538456326e-05
jakesboy2,0,2,0,2,1.4554896511734424e-05,3.388222538456326e-05
Historical-Cress1284,0,2,0,2,1.4554896511734424e-05,3.388222538456326e-05
uterussy,0,3,0,3,1.4554896511734424e-05,3.388222538456326e-05
No_Produce_701,0,2,0,2,1.4554896511734424e-05,3.388222538456326e-05
Enough-Connection346,0,3,0,3,1.4554896511734424e-05,3.388222538456326e-05
TristanaRiggle,0,2,0,2,1.4554896511734424e-05,3.388222538456326e-05
invariantspeed,0,2,0,2,1.4554896511734424e-05,3.388222538456326e-05
buyongmafanle,0,2,0,2,1.4554896511734424e-05,3.388222538456326e-05
hositir,0,2,0,2,1.4554896511734424e-05,3.388222538456326e-05
No_Accountant3232,0,2,0,2,1.4554896511734424e-05,3.384099304679368e-05
Titizen_Kane,0,3,0,3,1.4554896511734424e-05,3.3823663304587625e-05
Adventurous-Big-558,0,2,0,2,1.4554896511734424e-05,3.380693155037534e-05
redvelvetcake42,0,2,0,2,1.4554896511734424e-05,3.3485190755029226e-05
Zyrinj,0,2,0,2,1.4554896511734424e-05,3.289803616563752e-05
bigpunk157,0,2,0,2,1.4554896511734424e-05,3.204739847446672e-05
Suspicious-Engineer7,0,2,0,2,1.4554896511734424e-05,3.1800309966443064e-05
thr0waway12324,0,2,0,2,1.4554896511734424e-05,3.1290507698675195e-05
KallistiTMP,0,2,0,2,1.4554896511734424e-05,3.1248382048500844e-05
HRApprovedUsername,0,2,0,2,1.4554896511734424e-05,3.121115878781218e-05
Usual-Face8414,0,2,0,2,1.4554896511734424e-05,3.096324191106602e-05
cozycorner,0,2,0,2,1.4554896511734424e-05,3.0659443937022653e-05
takemyaptplz,0,2,0,2,1.4554896511734424e-05,3.0350945863105693e-05
Internal-Mushroom-76,0,3,0,3,1.4554896511734424e-05,3.005177062952237e-05
Warm-Bullfrog7766,0,2,0,2,1.4554896511734424e-05,2.9795938698034e-05
hyrumwhite,0,2,0,2,1.4554896511734424e-05,2.9605373384620405e-05
met0xff,0,2,0,2,1.4554896511734424e-05,2.9126445047702754e-05
74389654,0,2,0,2,1.4554896511734424e-05,2.8803118455486822e-05
FearlessAttempt,0,2,0,2,1.4554896511734424e-05,2.8424278917494353e-05
ExcitableSarcasm,0,4,0,4,1.4554896511734424e-05,2.8367742858333015e-05
Karmicature,0,3,0,3,1.4554896511734424e-05,2.7990885497697707e-05
AdministrationIll619,0,2,0,2,1.4554896511734424e-05,2.7972215941208873e-05
varjakvalmont,0,2,0,2,1.4554896511734424e-05,2.7817200544316964e-05
shadowromantic,0,2,0,2,1.4554896511734424e-05,2.737837232915677e-05
Tr_Issei2,0,2,0,2,1.4554896511734424e-05,2.718875076000316e-05
travelinzac,0,2,0,2,1.4554896511734424e-05,2.6480021433878856e-05
Ruin-Capable,0,2,0,2,1.4554896511734424e-05,2.6303098015960632e-05
ryan30z,0,2,0,2,1.4554896511734424e-05,2.603905377669468e-05
queencersei9,0,2,0,2,1.4554896511734424e-05,2.6034761403704844e-05
kingp1ng,0,2,0,2,1.4554896511734424e-05,2.5978926184024956e-05
skilliard7,0,2,0,2,1.4554896511734424e-05,2.5754872139507194e-05
Spiritual-Matters,0,2,0,2,1.4554896511734424e-05,2.5598483675554812e-05
coolaznkenny,0,2,0,2,1.4554896511734424e-05,2.5489004637235338e-05
WTFwhatthehell,0,2,0,2,1.4554896511734424e-05,2.5477712631854308e-05
will2089,0,2,0,2,1.4554896511734424e-05,2.4772435708548098e-05
LavishnessOk3439,0,2,0,2,1.4554896511734424e-05,2.465960487601192e-05
f3ack19,0,2,0,2,1.4554896511734424e-05,2.4517163620639938e-05
bball4294,0,2,0,2,1.4554896511734424e-05,2.438957616070923e-05
Jim-Jones,0,3,0,3,1.4554896511734424e-05,2.435365214525782e-05
NICEMENTALHEALTHPAL,0,2,0,2,1.4554896511734424e-05,2.4015858808717005e-05
camisado84,0,2,0,2,1.4554896511734424e-05,2.3299222719770112e-05
Ediwir,0,4,0,4,1.4554896511734424e-05,2.3103010246631786e-05
danintexas,0,2,0,2,1.4554896511734424e-05,2.3065436146053765e-05
L-Capitan1,0,2,0,2,1.4554896511734424e-05,2.261424188345683e-05
Intelligent-Kiwi118,0,2,0,2,1.4554896511734424e-05,2.2544839620125555e-05
Dangerous-Brain-,0,2,0,2,1.4554896511734424e-05,2.220815344377052e-05
nerd5code,0,2,0,2,1.4554896511734424e-05,2.2207935318701202e-05
ptd163,0,2,0,2,1.4554896511734424e-05,2.1933953387559585e-05
misogichan,0,2,0,2,1.4554896511734424e-05,2.1862193749246012e-05
Ok-Yogurt2360,0,2,0,2,1.4554896511734424e-05,2.1731261181355903e-05
RobKohr,0,3,0,3,1.4554896511734424e-05,2.1463684844363783e-05
Dasseem,0,3,0,3,1.4554896511734424e-05,2.146107555965943e-05
Proper-Ape,0,2,0,2,1.4554896511734424e-05,2.096335290880593e-05
CheddarGlob,0,3,0,3,1.4554896511734424e-05,2.092148407482622e-05
gummo_for_prez,0,2,0,2,1.4554896511734424e-05,2.0703591535681974e-05
SmellyButtHammer,0,3,0,3,1.4554896511734424e-05,2.0569846367664805e-05
avz86,0,2,0,2,1.4554896511734424e-05,2.0556792077507852e-05
hk4213,0,2,0,2,1.4554896511734424e-05,2.0232926496931745e-05
Moonlighting123,0,2,0,2,1.4554896511734424e-05,2.0129064381029672e-05
oscarnyc,0,2,0,2,1.4554896511734424e-05,2.0120892922318412e-05
Triple_Nickel_325,0,2,0,2,1.4554896511734424e-05,1.990484532554962e-05
Jmc_da_boss,0,2,0,2,1.4554896511734424e-05,1.986422254290709e-05
Fingerprint_Vyke,0,2,0,2,1.4554896511734424e-05,1.9445938706973783e-05
96dpi,0,2,0,2,1.4554896511734424e-05,1.8805110498752194e-05
NoMansSkyWasAlright,0,2,0,2,1.4554896511734424e-05,1.8597876210270835e-05
motorik,0,2,0,2,1.4554896511734424e-05,1.8323928482412778e-05
Lilacsoftlips,0,2,0,2,1.4554896511734424e-05,1.8289717734540567e-05
Cool_Kiwi_117,0,2,0,2,1.4554896511734424e-05,1.7692763542190936e-05
SofaAssassin,0,2,0,2,1.4554896511734424e-05,1.7662262450232097e-05
scullingby,0,2,0,2,1.4554896511734424e-05,1.761074199279e-05
JAlfredJR,0,2,0,2,1.4554896511734424e-05,1.7581091412797636e-05
macaronysalad,0,2,0,2,1.4554896511734424e-05,1.756818452265263e-05
ReservoirPenguin,0,3,0,3,1.4554896511734424e-05,1.7254499772608343e-05
Public-Guidance-9560,0,2,0,2,1.4554896511734424e-05,1.7036885389368454e-05
Either-Initiative550,0,2,0,2,1.4554896511734424e-05,1.7022333620320755e-05
Somanylyingliars,0,2,0,2,1.4554896511734424e-05,1.665140907195525e-05
dantevonlocke,0,2,0,2,1.4554896511734424e-05,1.641794435918727e-05
Clyde_Frag,0,2,0,2,1.4554896511734424e-05,1.5949634660993975e-05
shawndw,0,2,0,2,1.4554896511734424e-05,1.5918265511678808e-05
my-past-self,0,2,0,2,1.4554896511734424e-05,1.588619354764235e-05
Tasty_Cod_7354,0,2,0,2,1.4554896511734424e-05,1.5882025721612602e-05
_Personage,0,2,0,2,1.4554896511734424e-05,1.5572516976731914e-05
DetroitLionsSBChamps,0,2,0,2,1.4554896511734424e-05,1.5276783175690225e-05
ItaJohnson,0,2,0,2,1.4554896511734424e-05,1.4885625003307196e-05
Mtndrums,0,2,0,2,1.4554896511734424e-05,1.4553611251081037e-05
Existing_Comment_926,0,2,0,2,1.4554896511734424e-05,1.4517478636201952e-05
National_Cod9546,0,2,0,2,1.4554896511734424e-05,1.4142791594804984e-05
PaulSandwich,0,2,0,2,1.4554896511734424e-05,1.4000285390931509e-05
JollyTheory783,0,2,0,2,1.4554896511734424e-05,1.3629679170418789e-05
AccordingAnswer5031,0,2,0,2,1.4554896511734424e-05,1.3348831134487985e-05
sweetno,0,2,0,2,1.4554896511734424e-05,1.3303642854417845e-05
mizukagedrac,0,2,0,2,1.4554896511734424e-05,1.3281761519885798e-05
Dave3of5,0,2,0,2,1.4554896511734424e-05,1.3120973350859427e-05
Zanos,0,2,0,2,1.4554896511734424e-05,1.3118306693339884e-05
GrungeCheap56119,0,3,0,3,1.4554896511734424e-05,1.3039273000647267e-05
MelangeBot,0,2,0,2,1.4554896511734424e-05,1.2985312419479256e-05
dsmx,0,2,0,2,1.4554896511734424e-05,1.2952410491927924e-05
31LIVEEVIL13,0,2,0,2,1.4554896511734424e-05,1.2824208330641945e-05
perbrondum,0,2,0,2,1.4554896511734424e-05,1.2015971275270162e-05
YetMoreSpaceDust,0,2,0,2,1.4554896511734424e-05,1.1761970815460094e-05
AShinyRobot,0,2,0,2,1.4554896511734424e-05,1.169581393486258e-05
Puzzleheaded_Study81,0,2,0,2,1.4554896511734424e-05,1.1551209926841776e-05
WinterElfeas,0,2,0,2,1.4554896511734424e-05,1.1469597767625822e-05
ruibranco,0,2,0,2,1.4554896511734424e-05,1.128007049156941e-05
Salty_Permit4437,0,2,0,2,1.4554896511734424e-05,1.1174470688411195e-05
SockDem,0,2,0,2,1.4554896511734424e-05,1.1000277359990603e-05
bell37,0,2,0,2,1.4554896511734424e-05,1.0911774007254122e-05
Turbulent-Listen8809,0,4,0,4,1.4554896511734424e-05,1.0832493586440868e-05
thatyousername,0,2,0,2,1.4554896511734424e-05,1.0363770627095312e-05
dragon-dance,0,2,0,2,1.4554896511734424e-05,1.0361481477775976e-05
v1ceh,0,2,0,2,1.4554896511734424e-05,1.028691651373004e-05
turngep,0,2,0,2,1.4554896511734424e-05,1.0215781844200728e-05
owa00,0,2,0,2,1.4554896511734424e-05,1.0209734848889148e-05
commonsearchterm,0,2,0,2,1.4554896511734424e-05,1.0118293339548971e-05
Automatic_Tailor_598,0,2,0,3,1.4554896511734424e-05,9.964222894893331e-06
Fit-Radio6598,0,2,0,2,1.4554896511734424e-05,9.84666904043363e-06
Aggressive_Signal150,0,2,0,2,1.4554896511734424e-05,9.666037052977977e-06
AndAuri,0,2,0,2,1.4554896511734424e-05,9.369981171997363e-06
TONYBOY0924,0,2,0,2,1.4554896511734424e-05,9.170160087387594e-06
Jawyp,0,2,0,2,1.4554896511734424e-05,9.131562916406797e-06
Plastic-Fox0293,0,4,0,4,1.4554896511734424e-05,9.03540044465136e-06
Aureliamnissan,0,2,0,2,1.4554896511734424e-05,8.979661949439002e-06
ManCakes89,0,2,0,2,1.4554896511734424e-05,8.94041883064042e-06
Nadamir,0,2,0,2,1.4554896511734424e-05,8.93994063269435e-06
eye0ftheshiticane,0,2,0,2,1.4554896511734424e-05,8.902088844970857e-06
eufemiapiccio77,0,2,0,2,1.4554896511734424e-05,8.884672434174367e-06
Silver_Department_86,0,2,0,2,1.4554896511734424e-05,8.622153367419169e-06
Umbriion,0,2,0,2,1.4554896511734424e-05,8.525254594131373e-06
private-peter,0,2,0,2,1.4554896511734424e-05,8.00462867568019e-06
ChanglingBlake,0,2,0,2,1.4554896511734424e-05,8.00206794556236e-06
dllimport,0,2,0,2,1.4554896511734424e-05,7.838869265320432e-06
clownus,0,2,0,2,1.4554896511734424e-05,7.769152042909782e-06
Jonnyskybrockett,0,2,0,2,1.4554896511734424e-05,7.728797287762147e-06
JeebusChristBalls,0,2,0,2,1.4554896511734424e-05,7.674320943038469e-06
Silvermouse29,0,2,0,2,1.4554896511734424e-05,7.667883782682653e-06
Familiar-Range9014,0,2,0,2,1.4554896511734424e-05,7.642324170073711e-06
surfergrrl6,0,2,0,2,1.4554896511734424e-05,7.549783008394842e-06
Superb_Professor8200,0,2,0,2,1.4554896511734424e-05,7.398623569387529e-06
nabilus13,0,2,0,2,1.4554896511734424e-05,7.257831747450206e-06
Automatic-Buffalo-47,0,2,0,2,1.4554896511734424e-05,7.067929713107676e-06
AntonineWall,0,2,0,2,1.4554896511734424e-05,6.979378608927631e-06
Colfuzi0,0,2,0,2,1.4554896511734424e-05,6.894654973009956e-06
AndyLucia,0,2,0,2,1.4554896511734424e-05,6.828344631142108e-06
obafuckingchauwow,0,3,0,3,1.4554896511734424e-05,6.67792470440714e-06
Carsareghey,0,3,0,3,1.4554896511734424e-05,6.575349961890066e-06
AI_Dev_Happy_4920,0,2,0,3,1.4554896511734424e-05,6.211811303313243e-06
Mikkelet,0,2,0,2,1.4554896511734424e-05,5.993456404169331e-06
KingRBPII,0,2,0,2,1.4554896511734424e-05,5.887295501097924e-06
lowiqtrader,0,2,0,2,1.4554896511734424e-05,5.637501866489705e-06
Terrariant,0,2,0,2,1.4554896511734424e-05,5.62454079597738e-06
HellsHere,0,2,0,2,1.4554896511734424e-05,5.580169468493654e-06
CoolBakedBean,0,2,0,2,1.4554896511734424e-05,5.545608236343929e-06
upthetruth1,0,2,0,2,1.4554896511734424e-05,5.478555387073377e-06
whats13-j42,0,2,0,2,1.4554896511734424e-05,5.443503477932294e-06
Quazimojojojo,0,2,0,2,1.4554896511734424e-05,5.414845437616835e-06
svachalek,0,2,0,2,1.4554896511734424e-05,5.342688507883755e-06
QuickQuirk,0,2,0,2,1.4554896511734424e-05,5.34048409632878e-06
Punman_5,0,2,0,2,1.4554896511734424e-05,5.322451468863931e-06
timecop1123,0,2,0,2,1.4554896511734424e-05,5.257387350041979e-06
fionacielo,0,2,0,2,1.4554896511734424e-05,5.205977112262444e-06
bigfatfurrytexan,0,2,0,2,1.4554896511734424e-05,5.095068711745838e-06
RevealRemarkable4836,0,2,0,2,1.4554896511734424e-05,5.000048403179122e-06
fumar,0,2,0,2,1.4554896511734424e-05,4.919269008872495e-06
PipsqueakPilot,0,2,0,2,1.4554896511734424e-05,4.898876231125335e-06
h473r,0,2,0,2,1.4554896511734424e-05,4.8838807732891885e-06
huuaaang,0,2,0,2,1.4554896511734424e-05,4.817598858358339e-06
_ram_ok,0,2,0,2,1.4554896511734424e-05,4.7171587118730845e-06
Ok_Substance1895,0,2,0,2,1.4554896511734424e-05,4.579033393412542e-06
spinwizard69,0,3,0,4,1.4554896511734424e-05,4.568993453240505e-06
Craving_Unspecified,0,2,0,2,1.4554896511734424e-05,4.559530882168874e-06
entr0picly,0,2,0,2,1.4554896511734424e-05,4.5098491132707526e-06
mycall,0,2,0,2,1.4554896511734424e-05,4.486931728565836e-06
sudosussudio,0,2,0,2,1.4554896511734424e-05,4.3635264095610604e-06
dietcheese,0,2,0,2,1.4554896511734424e-05,4.288086327481526e-06
Detail4,0,2,0,2,1.4554896511734424e-05,4.245079241641192e-06
A9u9,0,5,0,5,1.4554896511734424e-05,4.1825866809024945e-06
Own_Candidate9553,0,2,0,2,1.4554896511734424e-05,4.143875291245294e-06
BeauloTSM,0,2,0,2,1.4554896511734424e-05,3.854103137494071e-06
Randomwoegeek,0,2,0,2,1.4554896511734424e-05,3.828459949981541e-06
No_Inspection4415,0,2,0,2,1.4554896511734424e-05,3.7253015640141983e-06
GiannisIsTheBeast,0,2,0,2,1.4554896511734424e-05,3.68915137753655e-06
ltdanimal,0,3,0,3,1.4554896511734424e-05,3.671822603217077e-06
heisthedarchness,0,2,0,2,1.4554896511734424e-05,3.5957822529337805e-06
Powerful_Resident_48,0,2,0,2,1.4554896511734424e-05,3.5556065236894674e-06
jupfold,0,2,0,2,1.4554896511734424e-05,3.366514131326146e-06
Augoustine,0,2,0,2,1.4554896511734424e-05,3.2437063581804463e-06
Throwawayz911,0,2,0,2,1.4554896511734424e-05,3.204745530421481e-06
catonic,0,3,0,3,1.4554896511734424e-05,3.1115141577471553e-06
WorkingTheMadses,0,2,0,2,1.4554896511734424e-05,3.1064084733529745e-06
sfled,0,2,0,2,1.4554896511734424e-05,2.992375171679909e-06
randynumbergenerator,0,3,0,3,1.4554896511734424e-05,2.9375351595315e-06
InfamousFlan5963,0,2,0,2,1.4554896511734424e-05,2.8879529286115985e-06
tmt22459,0,2,0,2,1.4554896511734424e-05,2.708831980410325e-06
Repulsive-Mine-4320,0,2,0,2,1.4554896511734424e-05,2.7039416471749687e-06
TheOneWhoDidntCum,0,2,0,2,1.4554896511734424e-05,2.5145399560282074e-06
serious-catzor,0,2,0,2,1.4554896511734424e-05,2.4294203777698463e-06
trivetsandcolanders,0,2,0,2,1.4554896511734424e-05,2.399509366492134e-06
pak9rabid,0,2,0,2,1.4554896511734424e-05,2.362414812527694e-06
vanisher_1,0,2,0,2,1.4554896511734424e-05,2.361985922079923e-06
Decent_Gap1067,0,3,0,3,1.4554896511734424e-05,2.3492833379666748e-06
anythingall,0,2,0,2,1.4554896511734424e-05,2.327434048372067e-06
StevieMJH,0,2,0,2,1.4554896511734424e-05,2.176213900890504e-06
ub3rh4x0rz,0,2,0,2,1.4554896511734424e-05,2.1639192247158953e-06
Unhappy-Ladder-4594,0,2,0,2,1.4554896511734424e-05,2.050436037161338e-06
TCsnowdream,0,2,0,2,1.4554896511734424e-05,2.0254095721105726e-06
greenberet112,0,2,0,2,1.4554896511734424e-05,2.0088128583687676e-06
Timmy98789,0,2,0,2,1.4554896511734424e-05,1.9720296368666632e-06
covmatty1,0,2,0,2,1.4554896511734424e-05,1.946770064293553e-06
HawkeyeGild,0,2,0,2,1.4554896511734424e-05,1.8155851867387068e-06
CalRobert,0,2,0,2,1.4554896511734424e-05,1.7997492740503427e-06
IcyEcho17,0,2,0,2,1.4554896511734424e-05,1.7892213318055945e-06
psioniclizard,0,2,0,2,1.4554896511734424e-05,1.729615893781255e-06
Azidamadjida,0,2,0,2,1.4554896511734424e-05,1.6332011071744036e-06
TangerineSorry8463,0,2,0,2,1.4554896511734424e-05,1.6267450070052225e-06
Ok_Assistant_2155,0,2,0,2,1.4554896511734424e-05,1.493327711393714e-06
muegle,0,2,0,2,1.4554896511734424e-05,1.4854397859073608e-06
PileOGunz,0,2,0,2,1.4554896511734424e-05,1.4759424954586571e-06
JB-Wentworth,0,2,0,2,1.4554896511734424e-05,1.4508404763876745e-06
Aquatic-Vocation,0,2,0,2,1.4554896511734424e-05,1.433048612561398e-06
ForceItDeeper,0,2,0,2,1.4554896511734424e-05,1.4261010737259299e-06
BadTanJob,0,2,0,2,1.4554896511734424e-05,1.3910535866217915e-06
DrKhota,0,2,0,2,1.4554896511734424e-05,1.382412697620281e-06
RuthlessCritic1sm,0,2,0,2,1.4554896511734424e-05,1.201861458823761e-06
Main-Company-5946,0,2,0,2,1.4554896511734424e-05,1.2006447406995104e-06
Lulukassu,0,3,0,3,1.4554896511734424e-05,1.1843199228846716e-06
Blaha_Yaga,0,2,0,2,1.4554896511734424e-05,1.1674029215056604e-06
akurgo,0,2,0,2,1.4554896511734424e-05,1.1342640190850767e-06
NationsAnarchy,0,2,0,2,1.4554896511734424e-05,1.1303738507976577e-06
physical-vapor,0,2,0,2,1.4554896511734424e-05,1.110584054271796e-06
thepulloutmethod,0,2,0,2,1.4554896511734424e-05,9.99436013327726e-07
PapaRL,0,2,0,2,1.4554896511734424e-05,8.82573986207691e-07
Simple-Count3905,0,2,0,2,1.4554896511734424e-05,8.65879093161061e-07
hawkeye224,0,2,0,2,1.4554896511734424e-05,8.390815211307182e-07
TFT_mom,0,2,0,2,1.4554896511734424e-05,8.282321760671018e-07
LL0RT_,0,2,0,2,1.4554896511734424e-05,8.044352953622246e-07
simalicrum,0,3,0,3,1.4554896511734424e-05,7.474941636427891e-07
Halfwise2,0,2,0,2,1.4554896511734424e-05,7.34114883332204e-07
Pseudonymico,0,2,0,2,1.4554896511734424e-05,7.081717284053963e-07
AbsoluteZro,0,2,0,2,1.4554896511734424e-05,6.734764561558627e-07
mythrilcrafter,0,2,0,2,1.4554896511734424e-05,6.544169759150278e-07
Any_Psychology_8113,0,2,0,2,1.4554896511734424e-05,6.023506735033468e-07
GentlemanWukong,0,2,0,2,1.4554896511734424e-05,5.915509518319483e-07
Projektdb,0,2,0,2,1.4554896511734424e-05,5.437363460873739e-07
Emotional-Bed6300,0,2,0,2,1.4554896511734424e-05,5.16300577288583e-07
ObjectiveExternal671,0,2,0,2,1.4554896511734424e-05,4.839974627122162e-07
Worthyness,0,2,0,2,1.4554896511734424e-05,4.792469470249506e-07
Eagerbeaver98,0,2,0,2,1.4554896511734424e-05,4.658042877193111e-07
ackmondual,0,2,0,2,1.4554896511734424e-05,4.5176300512751013e-07
needs-more-code,0,2,0,2,1.4554896511734424e-05,4.4649809792489625e-07
n0t_4_thr0w4w4y,0,2,0,2,1.4554896511734424e-05,4.2887423113756376e-07
Trawling_,0,3,0,4,1.4554896511734424e-05,4.1962832845203986e-07
Jango2106,0,2,0,2,1.4554896511734424e-05,3.48861431737355e-07
Zhombe,0,2,0,2,1.4554896511734424e-05,3.482204019801996e-07
Icy-Pay7479,0,2,0,2,1.4554896511734424e-05,3.3882225384563257e-07
AccomplishedWish3033,0,2,0,2,1.4554896511734424e-05,3.3882225384563257e-07
JoseLunaArts,0,2,0,2,1.4554896511734424e-05,3.3882225384563257e-07
Brilliant-Sector-677,0,2,0,2,1.4554896511734424e-05,3.383976645550992e-07
tasbir49,0,2,0,2,1.4554896511734424e-05,3.3344412283220984e-07
CarelessPackage1982,0,2,0,2,1.4554896511734424e-05,3.011753367516734e-07
IAmDotorg,0,2,0,2,1.4554896511734424e-05,2.8235187820469384e-07
Additional_Ad_4049,0,2,0,2,1.4554896511734424e-05,2.2588150256375506e-07
alex88-,0,2,0,2,1.4554896511734424e-05,2.2588150256375506e-07
flavius_lacivious,0,2,0,2,1.4554896511734424e-05,2.2562668546990157e-07
ubPKD00,0,2,0,2,1.4554896511734424e-05,2.2034519122640813e-07
maxfields2000,0,2,0,2,1.4554896511734424e-05,1.9576396888858772e-07
w0m,0,2,0,2,1.4554896511734424e-05,1.6797695865257025e-07
Ok_Addition_356,0,2,0,2,1.4554896511734424e-05,1.6779768761878947e-07
nighhawkrr,0,2,0,2,1.4554896511734424e-05,1.505876683758367e-07
InfectedShadow,0,2,0,2,1.4554896511734424e-05,1.2907514432214574e-07
ThatOtherOtherMan,0,3,0,3,1.4554896511734424e-05,1.1294075128187753e-07
tthadhwghjhjhjchtah,0,3,0,3,1.4554896511734424e-05,1.1294075128187753e-07
RepresentativeBee600,0,2,0,2,1.4554896511734424e-05,9.035260102550203e-08
iplie,0,2,0,2,1.4554896511734424e-05,6.453757216107287e-08
mightydistance,0,1,0,1,1.4554896511734424e-05,0.0
Ordinary_Shape6287,0,1,0,1,1.4554896511734424e-05,0.0
MindSufficient769,0,1,0,1,1.4554896511734424e-05,0.0
pineapplejuniors,0,1,0,1,1.4554896511734424e-05,0.0
bc10551,0,1,0,1,1.4554896511734424e-05,0.0
DarkDiablo1601,0,1,0,1,1.4554896511734424e-05,0.0
Iredditall21,0,1,0,1,1.4554896511734424e-05,0.0
whalebeefhooked223,0,1,0,1,1.4554896511734424e-05,0.0
klibs,0,1,0,1,1.4554896511734424e-05,0.0
io-x,0,1,0,1,1.4554896511734424e-05,0.0
HopefulWoodpecker629,0,1,0,1,1.4554896511734424e-05,0.0
Hairless_Gash,0,1,0,1,1.4554896511734424e-05,0.0
badger1224,0,1,0,1,1.4554896511734424e-05,0.0
Own-Necessary4974,0,1,0,1,1.4554896511734424e-05,0.0
opakvostana,0,1,0,1,1.4554896511734424e-05,0.0
Civil_Inspection579,0,1,0,1,1.4554896511734424e-05,0.0
kibblerz,0,1,0,1,1.4554896511734424e-05,0.0
Midk_1,0,1,0,1,1.4554896511734424e-05,0.0
Btgremgrem,0,1,0,1,1.4554896511734424e-05,0.0
mylanoo,0,1,0,1,1.4554896511734424e-05,0.0
darthcoder,0,1,0,1,1.4554896511734424e-05,0.0
wagkangpaurong,0,1,0,1,1.4554896511734424e-05,0.0
hoagiesingh,0,1,0,1,1.4554896511734424e-05,0.0
AmericanCodersDied,0,1,0,1,1.4554896511734424e-05,0.0
brikky,0,1,0,1,1.4554896511734424e-05,0.0
OwnConsequence2672,0,1,0,1,1.4554896511734424e-05,0.0
Great-Mirror1215,0,1,0,1,1.4554896511734424e-05,0.0
haragon,0,1,0,1,1.4554896511734424e-05,0.0
wizzward0,0,1,0,1,1.4554896511734424e-05,0.0
Rin-Tohsaka-is-hot,0,1,0,1,1.4554896511734424e-05,0.0
Purple_Storm_397,0,1,0,1,1.4554896511734424e-05,0.0
_Wertbtw,0,1,0,1,1.4554896511734424e-05,0.0
Useful_Anybody_9351,0,1,0,1,1.4554896511734424e-05,0.0
sssauber,0,1,0,1,1.4554896511734424e-05,0.0
dirtchef,0,1,0,1,1.4554896511734424e-05,0.0
thebuddy,0,1,0,1,1.4554896511734424e-05,0.0
MarkZuccsForeskin,0,1,0,1,1.4554896511734424e-05,0.0
Betaglutamate2,0,1,0,1,1.4554896511734424e-05,0.0
Personpersonoerson,0,1,0,1,1.4554896511734424e-05,0.0
Different-Star-9914,0,1,0,1,1.4554896511734424e-05,0.0
slayerzerg,0,1,0,1,1.4554896511734424e-05,0.0
EmotionalHalf,0,1,0,1,1.4554896511734424e-05,0.0
Flashy_Yesterday_147,0,1,0,1,1.4554896511734424e-05,0.0
FuzzyZocks,0,1,0,1,1.4554896511734424e-05,0.0
penguinmandude,0,1,0,1,1.4554896511734424e-05,0.0
jonkl91,0,1,0,1,1.4554896511734424e-05,0.0
slapstick_software,0,1,0,1,1.4554896511734424e-05,0.0
arandomdude24,0,1,0,1,1.4554896511734424e-05,0.0
ditalinidog,0,1,0,1,1.4554896511734424e-05,0.0
splooge_whale,0,1,0,1,1.4554896511734424e-05,0.0
Significant_Media63,0,1,0,1,1.4554896511734424e-05,0.0
Level-Championship72,0,1,0,1,1.4554896511734424e-05,0.0
Intelligent-Youth-63,0,1,0,1,1.4554896511734424e-05,0.0
LongjumpingWinner250,0,1,0,1,1.4554896511734424e-05,0.0
saltedhashneggs,0,1,0,1,1.4554896511734424e-05,0.0
Mysterious_James,0,1,0,1,1.4554896511734424e-05,0.0
ReiOokami,0,1,0,1,1.4554896511734424e-05,0.0
_u-u_,0,1,0,1,1.4554896511734424e-05,0.0
my_cat_is_too_fat,0,1,0,1,1.4554896511734424e-05,0.0
Haunting_Welder,0,1,0,1,1.4554896511734424e-05,0.0
vikigenius,0,1,0,1,1.4554896511734424e-05,0.0
Any_Research_6256,0,1,0,1,1.4554896511734424e-05,0.0
PartySignificance808,0,1,0,1,1.4554896511734424e-05,0.0
Infectedtoe32,0,1,0,1,1.4554896511734424e-05,0.0
HackVT,0,1,0,1,1.4554896511734424e-05,0.0
pervyme17,0,1,0,1,1.4554896511734424e-05,0.0
Atyracu,0,1,0,1,1.4554896511734424e-05,0.0
ubcsanta,0,1,0,1,1.4554896511734424e-05,0.0
cluckinho,0,1,0,1,1.4554896511734424e-05,0.0
pragmojo,0,1,0,1,1.4554896511734424e-05,0.0
adactuslatem,0,1,0,1,1.4554896511734424e-05,0.0
MoneyTomato7711,0,1,0,1,1.4554896511734424e-05,0.0
BellacosePlayer,0,2,0,2,1.4554896511734424e-05,0.0
diadmer,0,1,0,1,1.4554896511734424e-05,0.0
FrenchLiviela,0,1,0,1,1.4554896511734424e-05,0.0
nikhilmama,0,1,0,1,1.4554896511734424e-05,0.0
etoastie,0,1,0,1,1.4554896511734424e-05,0.0
Comfortable_Yam2331,0,1,0,1,1.4554896511734424e-05,0.0
this_sparks_joy_joy,0,1,0,1,1.4554896511734424e-05,0.0
PublicStalls,0,1,0,1,1.4554896511734424e-05,0.0
FlashyStudent2748,0,1,0,1,1.4554896511734424e-05,0.0
eightslipsandagully,0,1,0,1,1.4554896511734424e-05,0.0
tpneocow,0,1,0,1,1.4554896511734424e-05,0.0
powerwiz_chan,0,1,0,1,1.4554896511734424e-05,0.0
thisisjustascreename,0,1,0,1,1.4554896511734424e-05,0.0
ButterMilkHoney,0,1,0,1,1.4554896511734424e-05,0.0
hamsterofdark,0,1,0,1,1.4554896511734424e-05,0.0
Titoswap,0,1,0,1,1.4554896511734424e-05,0.0
joel1618,0,1,0,1,1.4554896511734424e-05,0.0
Malcolmlisk,0,1,0,1,1.4554896511734424e-05,0.0
itsmeumkay,0,1,0,1,1.4554896511734424e-05,0.0
PM_ME_STRONG_CALVES,0,1,0,1,1.4554896511734424e-05,0.0
SocYS4,0,1,0,1,1.4554896511734424e-05,0.0
cronemm,0,1,0,1,1.4554896511734424e-05,0.0
Im_Matt_Murdock,0,1,0,1,1.4554896511734424e-05,0.0
imcguyver,0,1,0,1,1.4554896511734424e-05,0.0
Thrawn89,0,1,0,1,1.4554896511734424e-05,0.0
Independent_Humor685,0,1,0,1,1.4554896511734424e-05,0.0
Ok_Diver9921,0,1,0,1,1.4554896511734424e-05,0.0
bobmailer,0,1,0,1,1.4554896511734424e-05,0.0
SmartPuppyy,0,1,0,1,1.4554896511734424e-05,0.0
Main_War9026,0,1,0,1,1.4554896511734424e-05,0.0
z0d14c,0,1,0,1,1.4554896511734424e-05,0.0
Numerous_Control_629,0,1,0,1,1.4554896511734424e-05,0.0
ExcuseAccomplished97,0,1,0,1,1.4554896511734424e-05,0.0
Savings-Leading4618,0,1,0,1,1.4554896511734424e-05,0.0
wtf_is_this_9,0,1,0,1,1.4554896511734424e-05,0.0
CarpetNibbler,0,1,0,1,1.4554896511734424e-05,0.0
newyorkerTechie,0,1,0,1,1.4554896511734424e-05,0.0
DatingYella,0,1,0,1,1.4554896511734424e-05,0.0
candl2,0,1,0,1,1.4554896511734424e-05,0.0
ilirium115,0,1,0,1,1.4554896511734424e-05,0.0
curious_corn,0,1,0,1,1.4554896511734424e-05,0.0
qwerty622,0,1,0,1,1.4554896511734424e-05,0.0
pag07,0,1,0,1,1.4554896511734424e-05,0.0
deeperinabox,0,1,0,1,1.4554896511734424e-05,0.0
n3qml,0,1,0,1,1.4554896511734424e-05,0.0
DISAPPOINTING_FAIRY,0,1,0,1,1.4554896511734424e-05,0.0
timpwbaker,0,1,0,1,1.4554896511734424e-05,0.0
LeopoldBStonks,0,1,0,1,1.4554896511734424e-05,0.0
BattlePope,0,1,0,1,1.4554896511734424e-05,0.0
offsecthro,0,1,0,1,1.4554896511734424e-05,0.0
StrangeWill,0,1,0,1,1.4554896511734424e-05,0.0
Ace0spades808,0,1,0,1,1.4554896511734424e-05,0.0
rus47281zz,0,1,0,1,1.4554896511734424e-05,0.0
harley1009,0,1,0,1,1.4554896511734424e-05,0.0
Maulik8960,0,1,0,1,1.4554896511734424e-05,0.0
kohossle,0,1,0,1,1.4554896511734424e-05,0.0
chocolatedounut,0,1,0,1,1.4554896511734424e-05,0.0
GoodlooksMcGee,0,1,0,1,1.4554896511734424e-05,0.0
Impressive-Drama-227,0,1,0,1,1.4554896511734424e-05,0.0
AttemptNo499,0,2,0,2,1.4554896511734424e-05,0.0
Live_Fall3452,0,1,0,1,1.4554896511734424e-05,0.0
Drewbert1211,0,1,0,1,1.4554896511734424e-05,0.0
Frequent_Morning_900,0,1,0,1,1.4554896511734424e-05,0.0
Real_Square1323,0,1,0,1,1.4554896511734424e-05,0.0
Fickle-Highway1543,0,1,0,1,1.4554896511734424e-05,0.0
sjltwo-v10,0,1,0,1,1.4554896511734424e-05,0.0
sfbay_swe,0,1,0,1,1.4554896511734424e-05,0.0
techno_wizard_lizard,0,1,0,1,1.4554896511734424e-05,0.0
drugsbowed,0,1,0,1,1.4554896511734424e-05,0.0
CiDevant,0,1,0,1,1.4554896511734424e-05,0.0
SourceAwkward,0,1,0,1,1.4554896511734424e-05,0.0
Neat_Strawberry_2491,0,1,0,1,1.4554896511734424e-05,0.0
Ok-Voice-9610,0,1,0,1,1.4554896511734424e-05,0.0
SiegfriedVK,0,1,0,1,1.4554896511734424e-05,0.0
wrxninja,0,1,0,1,1.4554896511734424e-05,0.0
Most-Bookkeeper-950,0,1,0,1,1.4554896511734424e-05,0.0
MrIrvGotTea,0,1,0,1,1.4554896511734424e-05,0.0
newpua_bie,0,1,0,1,1.4554896511734424e-05,0.0
thehoodedidiot,0,1,0,1,1.4554896511734424e-05,0.0
NeuroticKnight,0,1,0,1,1.4554896511734424e-05,0.0
The-Rizztoffen,0,1,0,1,1.4554896511734424e-05,0.0
squirlz333,0,1,0,1,1.4554896511734424e-05,0.0
Witty-Play9499,0,1,0,1,1.4554896511734424e-05,0.0
MikeyMike01,0,1,0,1,1.4554896511734424e-05,0.0
buttJunky,0,1,0,1,1.4554896511734424e-05,0.0
iRandoBot,0,1,0,1,1.4554896511734424e-05,0.0
JQuilty,0,1,0,1,1.4554896511734424e-05,0.0
hadoeur,0,1,0,1,1.4554896511734424e-05,0.0
claythearc,0,1,0,1,1.4554896511734424e-05,0.0
jackmodern,0,1,0,1,1.4554896511734424e-05,0.0
KeyboardGrunt,0,1,0,1,1.4554896511734424e-05,0.0
Difficult-Lime2555,0,1,0,1,1.4554896511734424e-05,0.0
argon07,0,1,0,1,1.4554896511734424e-05,0.0
TerriblyRare,0,1,0,1,1.4554896511734424e-05,0.0
lVlulcan,0,1,0,1,1.4554896511734424e-05,0.0
jakeStacktrace,0,1,0,1,1.4554896511734424e-05,0.0
Pojobob,0,1,0,1,1.4554896511734424e-05,0.0
Unfamous_Trader,0,1,0,1,1.4554896511734424e-05,0.0
AshuraBaron,0,1,0,1,1.4554896511734424e-05,0.0
istareatscreens,0,1,0,1,1.4554896511734424e-05,0.0
amajorhassle,0,1,0,1,1.4554896511734424e-05,0.0
rfgm6,0,1,0,1,1.4554896511734424e-05,0.0
codescapes,0,1,0,1,1.4554896511734424e-05,0.0
Oregon_Oregano,0,1,0,1,1.4554896511734424e-05,0.0
lift-and-yeet,0,1,0,1,1.4554896511734424e-05,0.0
amdcoc,0,1,0,1,1.4554896511734424e-05,0.0
Professional-Bad-559,0,1,0,1,1.4554896511734424e-05,0.0
nutellaislife1,0,1,0,1,1.4554896511734424e-05,0.0
Good-Activity-1994,0,1,0,1,1.4554896511734424e-05,0.0
havok4118,0,1,0,1,1.4554896511734424e-05,0.0
curlyAndUnruly,0,1,0,1,1.4554896511734424e-05,0.0
cute_bark,0,1,0,1,1.4554896511734424e-05,0.0
haroldbaals,0,1,0,1,1.4554896511734424e-05,0.0
UnVincent,0,1,0,1,1.4554896511734424e-05,0.0
chrisk9,0,1,0,1,1.4554896511734424e-05,0.0
sick_nibba,0,1,0,1,1.4554896511734424e-05,0.0
jgrig2,0,1,0,1,1.4554896511734424e-05,0.0
mithril2020,0,1,0,1,1.4554896511734424e-05,0.0
SuspiciousOwl816,0,1,0,1,1.4554896511734424e-05,0.0
AftyOfTheUK,0,1,0,1,1.4554896511734424e-05,0.0
Johnnyamaz,0,1,0,1,1.4554896511734424e-05,0.0
spyder360,0,1,0,1,1.4554896511734424e-05,0.0
not_a-mimic,0,1,0,1,1.4554896511734424e-05,0.0
lsdiesel_,0,1,0,1,1.4554896511734424e-05,0.0
Ornery-Address-2472,0,1,0,1,1.4554896511734424e-05,0.0
AssignmentMammoth696,0,1,0,1,1.4554896511734424e-05,0.0
GenezysM,0,1,0,1,1.4554896511734424e-05,0.0
Cybore,0,1,0,1,1.4554896511734424e-05,0.0
Efficient_Shoe_6646,0,1,0,1,1.4554896511734424e-05,0.0
duffedwaffe,0,1,0,1,1.4554896511734424e-05,0.0
Chocolate--Chip,0,1,0,1,1.4554896511734424e-05,0.0
sessamekesh,0,1,0,1,1.4554896511734424e-05,0.0
IEnumerable661,0,1,0,1,1.4554896511734424e-05,0.0
rulerdude,0,1,0,1,1.4554896511734424e-05,0.0
Upbeat_Scarcity_8463,0,1,0,1,1.4554896511734424e-05,0.0
MondayOctober,0,1,0,1,1.4554896511734424e-05,0.0
JCMS99,0,1,0,1,1.4554896511734424e-05,0.0
FriendOfEvergreens,0,1,0,1,1.4554896511734424e-05,0.0
SnowflakeStreet,0,1,0,1,1.4554896511734424e-05,0.0
AssimilateThis_,0,1,0,1,1.4554896511734424e-05,0.0
AmbitiousNothing123,0,1,0,1,1.4554896511734424e-05,0.0
peeba83,0,1,0,1,1.4554896511734424e-05,0.0
dontmissth,0,1,0,1,1.4554896511734424e-05,0.0
chikamakaleyley,0,1,0,2,1.4554896511734424e-05,0.0
Anxious-Insurance-91,0,1,0,1,1.4554896511734424e-05,0.0
autunno,0,1,0,1,1.4554896511734424e-05,0.0
rej-jsa,0,1,0,1,1.4554896511734424e-05,0.0
ShoulderIllustrious,0,1,0,1,1.4554896511734424e-05,0.0
PM_ME_UR_MEH_NUDES,0,1,0,1,1.4554896511734424e-05,0.0
ArcYurt,0,1,0,1,1.4554896511734424e-05,0.0
NachoWindows,0,1,0,1,1.4554896511734424e-05,0.0
Eclipsan,0,1,0,1,1.4554896511734424e-05,0.0
dreaminphp,0,1,0,1,1.4554896511734424e-05,0.0
supyonamesjosh,0,1,0,1,1.4554896511734424e-05,0.0
hicks185,0,1,0,1,1.4554896511734424e-05,0.0
MiddleFishArt,0,1,0,1,1.4554896511734424e-05,0.0
Cool-Double-5392,0,1,0,1,1.4554896511734424e-05,0.0
Tha_Sly_Fox,0,1,0,1,1.4554896511734424e-05,0.0
maxstader,0,1,0,1,1.4554896511734424e-05,0.0
Kid_Piano,0,1,0,1,1.4554896511734424e-05,0.0
TheNasky1,0,1,0,1,1.4554896511734424e-05,0.0
Jone469,0,1,0,1,1.4554896511734424e-05,0.0
RoyFromSales,0,1,0,1,1.4554896511734424e-05,0.0
obscureyetrevealing,0,1,0,1,1.4554896511734424e-05,0.0
Kaizen321,0,1,0,1,1.4554896511734424e-05,0.0
mobenben,0,1,0,1,1.4554896511734424e-05,0.0
one-won-juan,0,1,0,1,1.4554896511734424e-05,0.0
codeblockzz,0,1,0,1,1.4554896511734424e-05,0.0
L_sigh_kangeroo,0,1,0,1,1.4554896511734424e-05,0.0
randbytes,0,1,0,1,1.4554896511734424e-05,0.0
Ularsing,0,1,0,1,1.4554896511734424e-05,0.0
OutrageousCourse4172,0,1,0,1,1.4554896511734424e-05,0.0
two_betrayals,0,1,0,1,1.4554896511734424e-05,0.0
MakingMoves2022,0,1,0,1,1.4554896511734424e-05,0.0
gororuns,0,1,0,1,1.4554896511734424e-05,0.0
ContainerDesk,0,1,0,1,1.4554896511734424e-05,0.0
Fantastic_Button9264,0,1,0,1,1.4554896511734424e-05,0.0
Brilliant_Camera4537,0,1,0,1,1.4554896511734424e-05,0.0
mrscrufy,0,1,0,1,1.4554896511734424e-05,0.0
honey495,0,1,0,1,1.4554896511734424e-05,0.0
beatingyouall,0,1,0,1,1.4554896511734424e-05,0.0
internetcookiez,0,1,0,1,1.4554896511734424e-05,0.0
kaiseryet,0,1,0,1,1.4554896511734424e-05,0.0
800Volts,0,1,0,1,1.4554896511734424e-05,0.0
Agitated-Country-969,0,1,0,1,1.4554896511734424e-05,0.0
zelmak,0,1,0,1,1.4554896511734424e-05,0.0
ontnotton,0,1,0,1,1.4554896511734424e-05,0.0
NegotiationNo7851,0,1,0,1,1.4554896511734424e-05,0.0
jonscrambler,0,1,0,1,1.4554896511734424e-05,0.0
sovietramone,0,1,0,1,1.4554896511734424e-05,0.0
dareftw,0,1,0,1,1.4554896511734424e-05,0.0
StrangelyBrown,0,1,0,1,1.4554896511734424e-05,0.0
spoopypoptartz,0,1,0,1,1.4554896511734424e-05,0.0
Ok_Finance_2001,0,1,0,1,1.4554896511734424e-05,0.0
Wollzy,0,1,0,1,1.4554896511734424e-05,0.0
m98789,0,1,0,1,1.4554896511734424e-05,0.0
FoxLast947,0,1,0,1,1.4554896511734424e-05,0.0
Bezzzzo,0,1,0,1,1.4554896511734424e-05,0.0
Paliknight,0,1,0,1,1.4554896511734424e-05,0.0
gamer-007-007,0,1,0,1,1.4554896511734424e-05,0.0
Spongedog5,0,1,0,1,1.4554896511734424e-05,0.0
planetoftheshrimps,0,1,0,1,1.4554896511734424e-05,0.0
TheMoonWalker27,0,1,0,1,1.4554896511734424e-05,0.0
arcticie,0,1,0,1,1.4554896511734424e-05,0.0
SputnikCucumber,0,1,0,1,1.4554896511734424e-05,0.0
brandontc,0,1,0,1,1.4554896511734424e-05,0.0
motorbikler,0,1,0,1,1.4554896511734424e-05,0.0
Information_High,0,1,0,1,1.4554896511734424e-05,0.0
phonage_aoi,0,1,0,1,1.4554896511734424e-05,0.0
ElephantWithBlueEyes,0,1,0,1,1.4554896511734424e-05,0.0
lmao_unemployment,0,1,0,1,1.4554896511734424e-05,0.0
controlpad008,0,1,0,1,1.4554896511734424e-05,0.0
Celcius_87,0,1,0,1,1.4554896511734424e-05,0.0
Low_Entertainer2372,0,1,0,1,1.4554896511734424e-05,0.0
WireShark1,0,1,0,1,1.4554896511734424e-05,0.0
PositiveUse,0,1,0,1,1.4554896511734424e-05,0.0
yourjusticewarrior2,0,1,0,1,1.4554896511734424e-05,0.0
TimeAndSpaceAndMe,0,1,0,1,1.4554896511734424e-05,0.0
Ok-Race-7655,0,1,0,1,1.4554896511734424e-05,0.0
distinctvagueness,0,1,0,1,1.4554896511734424e-05,0.0
Ok_Particular143,0,1,0,1,1.4554896511734424e-05,0.0
Ok-Range-3306,0,1,0,1,1.4554896511734424e-05,0.0
pizza_the_mutt,0,1,0,1,1.4554896511734424e-05,0.0
YellowJacketTime,0,1,0,1,1.4554896511734424e-05,0.0
Independent-Chair-27,0,1,0,1,1.4554896511734424e-05,0.0
godofpumpkins,0,1,0,1,1.4554896511734424e-05,0.0
painedHacker,0,1,0,1,1.4554896511734424e-05,0.0
Enough-Luck1846,0,1,0,1,1.4554896511734424e-05,0.0
nateh1212,0,1,0,1,1.4554896511734424e-05,0.0
dashingThroughSnow12,0,1,0,2,1.4554896511734424e-05,0.0
babypho,0,1,0,1,1.4554896511734424e-05,0.0
who_you_are,0,1,0,1,1.4554896511734424e-05,0.0
ghdana,0,1,0,1,1.4554896511734424e-05,0.0
never_safe_for_life,0,1,0,1,1.4554896511734424e-05,0.0
TedGetsSnickelfritz,0,1,0,1,1.4554896511734424e-05,0.0
Effective-Ranger-345,0,1,0,1,1.4554896511734424e-05,0.0
kill4b,0,1,0,1,1.4554896511734424e-05,0.0
InThePipe5x5_,0,1,0,1,1.4554896511734424e-05,0.0
Ohnah-bro,0,1,0,1,1.4554896511734424e-05,0.0
Prime624,0,1,0,1,1.4554896511734424e-05,0.0
Servebotfrank,0,1,0,1,1.4554896511734424e-05,0.0
HattyFlanagan,0,1,0,1,1.4554896511734424e-05,0.0
ldrx90,0,1,0,1,1.4554896511734424e-05,0.0
Clean_Bake_2180,0,1,0,1,1.4554896511734424e-05,0.0
crimsonroninx,0,1,0,1,1.4554896511734424e-05,0.0
TheRealLostCost,0,1,0,1,1.4554896511734424e-05,0.0
pastor-of-muppets69,0,1,0,1,1.4554896511734424e-05,0.0
therealnvp,0,1,0,1,1.4554896511734424e-05,0.0
Spicebox,0,1,0,1,1.4554896511734424e-05,0.0
travybongos69,0,1,0,1,1.4554896511734424e-05,0.0
DolphinsFan15521,0,1,0,1,1.4554896511734424e-05,0.0
Explodingcamel,0,1,0,1,1.4554896511734424e-05,0.0
jesusonoro,0,1,0,1,1.4554896511734424e-05,0.0
frombsc2msc,0,1,0,1,1.4554896511734424e-05,0.0
TYHVoteForBurr,0,1,0,1,1.4554896511734424e-05,0.0
Initial-Zone-8907,0,1,0,1,1.4554896511734424e-05,0.0
tateravo,0,1,0,1,1.4554896511734424e-05,0.0
dlp211,0,1,0,1,1.4554896511734424e-05,0.0
Knosh,0,1,0,1,1.4554896511734424e-05,0.0
_wheeljack_,0,1,0,1,1.4554896511734424e-05,0.0
Personal-Lychee-4457,0,1,0,1,1.4554896511734424e-05,0.0
Luci-Noir,0,1,0,1,1.4554896511734424e-05,0.0
Levitz,0,2,0,2,1.4554896511734424e-05,0.0
maxmax4,0,1,0,1,1.4554896511734424e-05,0.0
chamillus,0,1,0,1,1.4554896511734424e-05,0.0
sanketh64,0,1,0,1,1.4554896511734424e-05,0.0
Beginning-Comedian-2,0,1,0,1,1.4554896511734424e-05,0.0
AgeMysterious123,0,1,0,1,1.4554896511734424e-05,0.0
Solid___Green,0,1,0,1,1.4554896511734424e-05,0.0
SpaceToaster,0,1,0,1,1.4554896511734424e-05,0.0
Maleficent_Curve3119,0,1,0,1,1.4554896511734424e-05,0.0
roylikesweed,0,1,0,1,1.4554896511734424e-05,0.0
ZebraTank,0,1,0,1,1.4554896511734424e-05,0.0
Winter-Rip712,0,1,0,1,1.4554896511734424e-05,0.0
imeeme,0,1,0,1,1.4554896511734424e-05,0.0
Difficult-Square-689,0,1,0,1,1.4554896511734424e-05,0.0
ProfessorMiserable76,0,1,0,1,1.4554896511734424e-05,0.0
MostJudgment3212,0,2,0,2,1.4554896511734424e-05,0.0
Realistic_Bug9116,0,1,0,1,1.4554896511734424e-05,0.0
pugRescuer,0,1,0,1,1.4554896511734424e-05,0.0
Tron122344a,0,1,0,1,1.4554896511734424e-05,0.0
HearMeOut-13,0,1,0,1,1.4554896511734424e-05,0.0
jmclondon97,0,1,0,1,1.4554896511734424e-05,0.0
Anal-buttsex,0,1,0,1,1.4554896511734424e-05,0.0
Medical_Onion_6419,0,1,0,1,1.4554896511734424e-05,0.0
OkCelebration6408,0,1,0,1,1.4554896511734424e-05,0.0
Mrtenbelovv,0,1,0,1,1.4554896511734424e-05,0.0
aiij,0,1,0,1,1.4554896511734424e-05,0.0
andlewis,0,1,0,1,1.4554896511734424e-05,0.0
Content-Challenge-28,0,1,0,1,1.4554896511734424e-05,0.0
AlignmentProblem,0,1,0,1,1.4554896511734424e-05,0.0
Sprinkler-of-salt,0,1,0,1,1.4554896511734424e-05,0.0
uncleZmoney,0,1,0,1,1.4554896511734424e-05,0.0
SlapNuts007,0,1,0,1,1.4554896511734424e-05,0.0
seankao31,0,1,0,1,1.4554896511734424e-05,0.0
jasmine_tea_,0,1,0,1,1.4554896511734424e-05,0.0
kv_reddit,0,1,0,1,1.4554896511734424e-05,0.0
MadCervantes,0,1,0,1,1.4554896511734424e-05,0.0
Open-Addendum-9905,0,1,0,1,1.4554896511734424e-05,0.0
Background_Bass_2587,0,1,0,1,1.4554896511734424e-05,0.0
YeastyWingedGiglet,0,1,0,1,1.4554896511734424e-05,0.0
Outside-Escape9051,0,1,0,1,1.4554896511734424e-05,0.0
protestantcontestant,0,1,0,1,1.4554896511734424e-05,0.0
thepaddedroom,0,1,0,1,1.4554896511734424e-05,0.0
becomeNone,0,1,0,1,1.4554896511734424e-05,0.0
denialerror,0,1,0,1,1.4554896511734424e-05,0.0
Xenadon,0,1,0,1,1.4554896511734424e-05,0.0
preethamrn,0,1,0,1,1.4554896511734424e-05,0.0
TheMightyTywin,0,1,0,1,1.4554896511734424e-05,0.0
WestTF900,0,1,0,1,1.4554896511734424e-05,0.0
No-Buy7459,0,1,0,1,1.4554896511734424e-05,0.0
naffix,0,1,0,1,1.4554896511734424e-05,0.0
Large-Inspector5688,0,1,0,1,1.4554896511734424e-05,0.0
Gloomy_Temporary2914,0,1,0,1,1.4554896511734424e-05,0.0
Grouchy-Transition-7,0,1,0,1,1.4554896511734424e-05,0.0
Sarfanadia,0,1,0,1,1.4554896511734424e-05,0.0
KhyberKat,0,1,0,1,1.4554896511734424e-05,0.0
alien-reject,0,1,0,1,1.4554896511734424e-05,0.0
poo_poo_poo_poo_poo,0,1,0,1,1.4554896511734424e-05,0.0
Exciting-Giraffe,0,1,0,1,1.4554896511734424e-05,0.0
Username1273839,0,1,0,1,1.4554896511734424e-05,0.0
juvenile_josh,0,1,0,1,1.4554896511734424e-05,0.0
Anxious-Possibility,0,1,0,1,1.4554896511734424e-05,0.0
encony,0,1,0,1,1.4554896511734424e-05,0.0
Mediocre_Leg_754,0,1,0,1,1.4554896511734424e-05,0.0
nameredaqted,0,1,0,1,1.4554896511734424e-05,0.0
shankar86,0,1,0,1,1.4554896511734424e-05,0.0
Worldisshit23,0,1,0,1,1.4554896511734424e-05,0.0
Comfortable-Duty7143,0,1,0,1,1.4554896511734424e-05,0.0
ZorbaTHut,0,1,0,1,1.4554896511734424e-05,0.0
SunlightScribe,0,1,0,1,1.4554896511734424e-05,0.0
nonya102,0,1,0,1,1.4554896511734424e-05,0.0
fadedblackleggings,0,1,0,1,1.4554896511734424e-05,0.0
JiskiLathiUskiBhains,0,1,0,1,1.4554896511734424e-05,0.0
Oracle-of-Guelph,0,1,0,1,1.4554896511734424e-05,0.0
Southern_Orange3744,0,1,0,1,1.4554896511734424e-05,0.0
pixel-der,0,1,0,1,1.4554896511734424e-05,0.0
awful_at_internet,0,1,0,1,1.4554896511734424e-05,0.0
rorschach200,0,1,0,1,1.4554896511734424e-05,0.0
ryan_770,0,1,0,1,1.4554896511734424e-05,0.0
YasirTheGreat,0,1,0,1,1.4554896511734424e-05,0.0
HansDampfHaudegen,0,1,0,1,1.4554896511734424e-05,0.0
LokiScript,0,1,0,1,1.4554896511734424e-05,0.0
Logical_Baker,0,1,0,1,1.4554896511734424e-05,0.0
FalconRelevant,0,1,0,1,1.4554896511734424e-05,0.0
PossiblyaScientist,0,1,0,1,1.4554896511734424e-05,0.0
Saltyeconbro,0,1,0,1,1.4554896511734424e-05,0.0
arbiter_steven,0,1,0,1,1.4554896511734424e-05,0.0
jimmytoan,0,1,0,1,1.4554896511734424e-05,0.0
blackpanther28,0,1,0,1,1.4554896511734424e-05,0.0
_Jhop_,0,1,0,1,1.4554896511734424e-05,0.0
hikingsticks,0,1,0,1,1.4554896511734424e-05,0.0
clintron_abc,0,1,0,1,1.4554896511734424e-05,0.0
Jukunub,0,1,0,1,1.4554896511734424e-05,0.0
Alternative_Work_916,0,1,0,1,1.4554896511734424e-05,0.0
ConsistentAnalysis35,0,1,0,1,1.4554896511734424e-05,0.0
rupayanc,0,1,0,1,1.4554896511734424e-05,0.0
BrewBigMoma,0,1,0,1,1.4554896511734424e-05,0.0
creamyhorror,0,1,0,1,1.4554896511734424e-05,0.0
vzq,0,1,0,1,1.4554896511734424e-05,0.0
canadian_webdev,0,1,0,1,1.4554896511734424e-05,0.0
Shehzman,0,1,0,1,1.4554896511734424e-05,0.0
csthrowawayguy1,0,1,0,2,1.4554896511734424e-05,0.0
Squidalopod,0,1,0,1,1.4554896511734424e-05,0.0
xland44,0,1,0,1,1.4554896511734424e-05,0.0
Magiic56,0,1,0,1,1.4554896511734424e-05,0.0
public_void,0,1,0,1,1.4554896511734424e-05,0.0
DevilsMicro,0,1,0,1,1.4554896511734424e-05,0.0
Successful_Safe_5366,0,1,0,1,1.4554896511734424e-05,0.0
guanogato,0,1,0,1,1.4554896511734424e-05,0.0
1millionnotameme,0,1,0,1,1.4554896511734424e-05,0.0
Due_Cap_7720,0,1,0,1,1.4554896511734424e-05,0.0
Banned_LUL,0,1,0,1,1.4554896511734424e-05,0.0
ceevar,0,1,0,1,1.4554896511734424e-05,0.0
No_Confusion_7236,0,1,0,1,1.4554896511734424e-05,0.0
NotACockroach,0,1,0,1,1.4554896511734424e-05,0.0
SkySchemer,0,1,0,1,1.4554896511734424e-05,0.0
CarpSpirit,0,1,0,1,1.4554896511734424e-05,0.0
darthjoey91,0,1,0,1,1.4554896511734424e-05,0.0
nimshwe,0,1,0,1,1.4554896511734424e-05,0.0
ChandeliererLitAF,0,1,0,1,1.4554896511734424e-05,0.0
TheMainExperience,0,1,0,1,1.4554896511734424e-05,0.0
Livid_Possibility_53,0,1,0,1,1.4554896511734424e-05,0.0
gravity_kills_u,0,1,0,1,1.4554896511734424e-05,0.0
TalesfromCryptKeeper,0,1,0,1,1.4554896511734424e-05,0.0
Normal-Book8258,0,1,0,1,1.4554896511734424e-05,0.0
india2wallst,0,1,0,1,1.4554896511734424e-05,0.0
Primofinn,0,1,0,1,1.4554896511734424e-05,0.0
PreparationAdvanced9,0,1,0,1,1.4554896511734424e-05,0.0
BourbonProof,0,1,0,1,1.4554896511734424e-05,0.0
Cool-Cicada9228,0,1,0,1,1.4554896511734424e-05,0.0
Megido_Thanatos,0,1,0,1,1.4554896511734424e-05,0.0
Timely_Note_1904,0,1,0,1,1.4554896511734424e-05,0.0
Ok_Individual_5050,0,1,0,1,1.4554896511734424e-05,0.0
Slimbopboogie,0,1,0,1,1.4554896511734424e-05,0.0
Intelligent_Mud1266,0,1,0,1,1.4554896511734424e-05,0.0
x11obfuscation,0,1,0,1,1.4554896511734424e-05,0.0
CyberBerserk,0,1,0,1,1.4554896511734424e-05,0.0
alucab1,0,1,0,1,1.4554896511734424e-05,0.0
CornJackJohnson,0,1,0,1,1.4554896511734424e-05,0.0
visarga,0,1,0,1,1.4554896511734424e-05,0.0
drkspace2,0,1,0,1,1.4554896511734424e-05,0.0
YearPsychological589,0,1,0,1,1.4554896511734424e-05,0.0
Marksta,0,1,0,1,1.4554896511734424e-05,0.0
hi_tech75,0,1,0,1,1.4554896511734424e-05,0.0
brakx,0,1,0,1,1.4554896511734424e-05,0.0
JollyConversation186,0,1,0,1,1.4554896511734424e-05,0.0
ElderberryNatural527,0,1,0,1,1.4554896511734424e-05,0.0
Nemnel,0,1,0,1,1.4554896511734424e-05,0.0
TheGreatArmageddon,0,2,0,2,1.4554896511734424e-05,0.0
shrewduser,0,1,0,1,1.4554896511734424e-05,0.0
TolarianDropout0,0,1,0,1,1.4554896511734424e-05,0.0
kakarukakaru,0,1,0,1,1.4554896511734424e-05,0.0
serial_crusher,0,1,0,1,1.4554896511734424e-05,0.0
Square_Alps1349,0,1,0,1,1.4554896511734424e-05,0.0
Melodic-Ebb-7781,0,1,0,1,1.4554896511734424e-05,0.0
dashammolam,0,1,0,1,1.4554896511734424e-05,0.0
AntagonistOne,0,1,0,1,1.4554896511734424e-05,0.0
FatFailBurger,0,1,0,1,1.4554896511734424e-05,0.0
MonochromeDinosaur,0,1,0,1,1.4554896511734424e-05,0.0
kblaney,0,1,0,1,1.4554896511734424e-05,0.0
Imaginary_Art_2412,0,1,0,1,1.4554896511734424e-05,0.0
sierra_whiskey1,0,1,0,1,1.4554896511734424e-05,0.0
liquidbreakfast,0,1,0,1,1.4554896511734424e-05,0.0
Classic_Clock8302,0,1,0,1,1.4554896511734424e-05,0.0
Limp-Plantain3824,0,2,0,2,1.4554896511734424e-05,0.0
Far-Policy5814,0,1,0,1,1.4554896511734424e-05,0.0
hatfarm,0,1,0,1,1.4554896511734424e-05,0.0
samgyeopsaltorta,0,1,0,1,1.4554896511734424e-05,0.0
deong,0,1,0,1,1.4554896511734424e-05,0.0
fjdh,0,1,0,1,1.4554896511734424e-05,0.0
goodyousername,0,1,0,1,1.4554896511734424e-05,0.0
v-0o0-v,0,1,0,1,1.4554896511734424e-05,0.0
StreetStripe,0,1,0,1,1.4554896511734424e-05,0.0
Itchy_Feedback_7625,0,1,0,1,1.4554896511734424e-05,0.0
sadhorsegirl,0,1,0,1,1.4554896511734424e-05,0.0
mdedetrich,0,1,0,1,1.4554896511734424e-05,0.0
perestroika12,0,1,0,1,1.4554896511734424e-05,0.0
9to5grinder,0,1,0,1,1.4554896511734424e-05,0.0
ralle421,0,1,0,1,1.4554896511734424e-05,0.0
henrymega,0,1,0,1,1.4554896511734424e-05,0.0
Zoldyck_J,0,1,0,1,1.4554896511734424e-05,0.0
Dark_Knight2000,0,1,0,1,1.4554896511734424e-05,0.0
domipal,0,1,0,1,1.4554896511734424e-05,0.0
zeezle,0,1,0,1,1.4554896511734424e-05,0.0
rdtscp__,0,1,0,1,1.4554896511734424e-05,0.0
youderkB,0,1,0,1,1.4554896511734424e-05,0.0
Stunning_Ride_220,0,1,0,1,1.4554896511734424e-05,0.0
Careful_Let509,0,1,0,1,1.4554896511734424e-05,0.0
cloogshicer,0,1,0,1,1.4554896511734424e-05,0.0
Eligriv,0,1,0,1,1.4554896511734424e-05,0.0
lllyyyynnn,0,1,0,1,1.4554896511734424e-05,0.0
ptear,0,1,0,1,1.4554896511734424e-05,0.0
HomieeJo,0,1,0,1,1.4554896511734424e-05,0.0
cqm,0,1,0,1,1.4554896511734424e-05,0.0
GiantRobotMonkey,0,1,0,1,1.4554896511734424e-05,0.0
Bballer220,0,1,0,1,1.4554896511734424e-05,0.0
PFive,0,1,0,1,1.4554896511734424e-05,0.0
jexxie3,0,1,0,1,1.4554896511734424e-05,0.0
scissorsgrinder,0,1,0,1,1.4554896511734424e-05,0.0
wayne099,0,1,0,1,1.4554896511734424e-05,0.0
SadPlumx,0,1,0,1,1.4554896511734424e-05,0.0
SponsoredByMLGMtnDew,0,1,0,1,1.4554896511734424e-05,0.0
Eric848448,0,1,0,1,1.4554896511734424e-05,0.0
CJKay93,0,1,0,1,1.4554896511734424e-05,0.0
RatZveloc,0,1,0,1,1.4554896511734424e-05,0.0
NotGoodSoftwareMaker,0,1,0,1,1.4554896511734424e-05,0.0
Appropriate-Bet3576,0,1,0,1,1.4554896511734424e-05,0.0
cosmopoof,0,1,0,1,1.4554896511734424e-05,0.0
CyberDumb,0,1,0,1,1.4554896511734424e-05,0.0
LIONEL14JESSE,0,1,0,1,1.4554896511734424e-05,0.0
Sshrinks,0,1,0,1,1.4554896511734424e-05,0.0
Troebr,0,1,0,1,1.4554896511734424e-05,0.0
EisteeCitrus,0,1,0,1,1.4554896511734424e-05,0.0
Mast3rCylinder,0,1,0,1,1.4554896511734424e-05,0.0
TheCrowWhisperer3004,0,1,0,1,1.4554896511734424e-05,0.0
StewHax,0,1,0,1,1.4554896511734424e-05,0.0
Dramatic_Mastodon_93,0,1,0,1,1.4554896511734424e-05,0.0
patrickisgreat,0,1,0,1,1.4554896511734424e-05,0.0
gejo491010,0,1,0,1,1.4554896511734424e-05,0.0
Electrical_Ad7565,0,1,0,1,1.4554896511734424e-05,0.0
Thanatine,0,1,0,1,1.4554896511734424e-05,0.0
CupFine8373,0,1,0,1,1.4554896511734424e-05,0.0
StronglyHeldOpinions,0,1,0,1,1.4554896511734424e-05,0.0
voan0935995700,0,1,0,1,1.4554896511734424e-05,0.0
FooBarBuzzBoom,0,1,0,1,1.4554896511734424e-05,0.0
According-Emu-8721,0,1,0,1,1.4554896511734424e-05,0.0
Dry_Damage_6629,0,1,0,1,1.4554896511734424e-05,0.0
Inadover,0,1,0,1,1.4554896511734424e-05,0.0
microferret,0,1,0,1,1.4554896511734424e-05,0.0
AngelOfLastResort,0,1,0,1,1.4554896511734424e-05,0.0
johanneswelsch,0,1,0,1,1.4554896511734424e-05,0.0
Healthy-Educator-267,0,1,0,1,1.4554896511734424e-05,0.0
Weekly_Singer_7232,0,1,0,1,1.4554896511734424e-05,0.0
heveabrasilien,0,1,0,1,1.4554896511734424e-05,0.0
Emotional_Art_7842,0,1,0,1,1.4554896511734424e-05,0.0
netwhoo,0,1,0,1,1.4554896511734424e-05,0.0
Helicobacter,0,1,0,1,1.4554896511734424e-05,0.0
DanielPBak,0,1,0,1,1.4554896511734424e-05,0.0
M4A1SD__,0,1,0,1,1.4554896511734424e-05,0.0
PuppyCocktheFirst,0,1,0,1,1.4554896511734424e-05,0.0
Shendare,0,1,0,1,1.4554896511734424e-05,0.0
jasperino64,0,1,0,1,1.4554896511734424e-05,0.0
csshoi,0,1,0,1,1.4554896511734424e-05,0.0
alanzo123,0,1,0,1,1.4554896511734424e-05,0.0
ClixxGuardian,0,1,0,1,1.4554896511734424e-05,0.0
In_Search_Of_Gainz,0,1,0,1,1.4554896511734424e-05,0.0
jayxeus,0,1,0,1,1.4554896511734424e-05,0.0
Blackcat0123,0,1,0,1,1.4554896511734424e-05,0.0
iambryan,0,1,0,1,1.4554896511734424e-05,0.0
sinkingintothedepths,0,1,0,1,1.4554896511734424e-05,0.0
SisyphusAndMyBoulder,0,1,0,1,1.4554896511734424e-05,0.0
malloc_some_bitches,0,1,0,1,1.4554896511734424e-05,0.0
what_cube,0,1,0,1,1.4554896511734424e-05,0.0
reboog711,0,1,0,1,1.4554896511734424e-05,0.0
Charmander787,0,1,0,1,1.4554896511734424e-05,0.0
cozy-mug,0,1,0,1,1.4554896511734424e-05,0.0
TonyTheEvil,0,1,0,1,1.4554896511734424e-05,0.0
EmoLatina,0,1,0,1,1.4554896511734424e-05,0.0
pat_trick,0,1,0,1,1.4554896511734424e-05,0.0
2AFellow,0,1,0,1,1.4554896511734424e-05,0.0
huggalump,0,1,0,1,1.4554896511734424e-05,0.0
benedictus99,0,1,0,1,1.4554896511734424e-05,0.0
Buttickles,0,1,0,1,1.4554896511734424e-05,0.0
spmonkey13,0,1,0,1,1.4554896511734424e-05,0.0
StrawberryWaste9040,0,1,0,1,1.4554896511734424e-05,0.0
itsyorboy,0,1,0,1,1.4554896511734424e-05,0.0
myDevReddit,0,1,0,1,1.4554896511734424e-05,0.0
Havasiz,0,1,0,1,1.4554896511734424e-05,0.0
No_Software8474,0,1,0,1,1.4554896511734424e-05,0.0
BordicChernomyrdin,0,1,0,1,1.4554896511734424e-05,0.0
TheBadgerKing1992,0,1,0,1,1.4554896511734424e-05,0.0
CoderGirl9,0,1,0,1,1.4554896511734424e-05,0.0
Able_Elderberry_3786,0,1,0,1,1.4554896511734424e-05,0.0
__ER__,0,1,0,1,1.4554896511734424e-05,0.0
Hour_Help_7842,0,1,0,1,1.4554896511734424e-05,0.0
voyager_cyber,0,1,0,1,1.4554896511734424e-05,0.0
AfraidBid9624,0,1,0,1,1.4554896511734424e-05,0.0
Temp-Name15951,0,1,0,1,1.4554896511734424e-05,0.0
Diddlesquig,0,1,0,1,1.4554896511734424e-05,0.0
2Zased4Plebbit,0,1,0,1,1.4554896511734424e-05,0.0
Voryne,0,1,0,1,1.4554896511734424e-05,0.0
mrkouhadi,0,1,0,1,1.4554896511734424e-05,0.0
bouncydancer,0,1,0,1,1.4554896511734424e-05,0.0
dry_Impression,0,1,0,1,1.4554896511734424e-05,0.0
GenTs0,0,1,0,1,1.4554896511734424e-05,0.0
BAMartin1618,0,1,0,1,1.4554896511734424e-05,0.0
DebugTheWorld,0,1,0,1,1.4554896511734424e-05,0.0
Remarkable_Guest2806,0,1,0,1,1.4554896511734424e-05,0.0
222chrome,0,1,0,1,1.4554896511734424e-05,0.0
rebel_cdn,0,1,0,1,1.4554896511734424e-05,0.0
LS3sx,0,1,0,1,1.4554896511734424e-05,0.0
JakeModeler,0,1,0,1,1.4554896511734424e-05,0.0
localhost8100,0,1,0,1,1.4554896511734424e-05,0.0
Illustrious-Emperor,0,1,0,1,1.4554896511734424e-05,0.0
Terrible_Truth,0,1,0,1,1.4554896511734424e-05,0.0
alecubudulecu,0,1,0,1,1.4554896511734424e-05,0.0
platinum92,0,1,0,1,1.4554896511734424e-05,0.0
Tight-Woodpecker2516,0,1,0,1,1.4554896511734424e-05,0.0
aguilasolige,0,1,0,1,1.4554896511734424e-05,0.0
GojoPojo,0,1,0,1,1.4554896511734424e-05,0.0
BigEmperorPenguin,0,1,0,1,1.4554896511734424e-05,0.0
RecruiterSignal,0,1,0,1,1.4554896511734424e-05,0.0
Mission-Owl-8761,0,1,0,1,1.4554896511734424e-05,0.0
marknotgeorge,0,1,0,1,1.4554896511734424e-05,0.0
t-the-me,0,1,0,1,1.4554896511734424e-05,0.0
ScroogeMcDuckFace2,0,1,0,1,1.4554896511734424e-05,0.0
vonGlick,0,1,0,1,1.4554896511734424e-05,0.0
SylvesterStapwn,0,1,0,1,1.4554896511734424e-05,0.0
yaoz889,0,1,0,1,1.4554896511734424e-05,0.0
Never-Trust-Me,0,1,0,1,1.4554896511734424e-05,0.0
TimelySuccess7537,0,1,0,1,1.4554896511734424e-05,0.0
DoritoDustThumb,0,1,0,1,1.4554896511734424e-05,0.0
MistakeRepeater,0,1,0,1,1.4554896511734424e-05,0.0
singhal0389,0,1,0,1,1.4554896511734424e-05,0.0
mudlarks,0,1,0,1,1.4554896511734424e-05,0.0
locus-amoenus,0,1,0,1,1.4554896511734424e-05,0.0
bigmoneyclab,0,1,0,1,1.4554896511734424e-05,0.0
sumduud14,0,1,0,1,1.4554896511734424e-05,0.0
Ok-Personality6561,0,1,0,1,1.4554896511734424e-05,0.0
ComfortableJacket429,0,1,0,1,1.4554896511734424e-05,0.0
Full-Extent-6533,0,1,0,1,1.4554896511734424e-05,0.0
Swastik496,0,1,0,1,1.4554896511734424e-05,0.0
Both-Bookkeeper-3860,0,1,0,1,1.4554896511734424e-05,0.0
imtoowhiteandnerdy,0,1,0,1,1.4554896511734424e-05,0.0
indeckau,0,1,0,1,1.4554896511734424e-05,0.0
SnooRobots9184,0,1,0,1,1.4554896511734424e-05,0.0
ChemicalBus608,0,1,0,1,1.4554896511734424e-05,0.0
Upbeat-Natural-7120,0,1,0,1,1.4554896511734424e-05,0.0
yellowgypsy,0,1,0,1,1.4554896511734424e-05,0.0
FinancialComputer574,0,1,0,1,1.4554896511734424e-05,0.0
Serious_Scratch8475,0,1,0,1,1.4554896511734424e-05,0.0
Zestyclose_Growth_60,0,1,0,1,1.4554896511734424e-05,0.0
MrGiantsFan,0,1,0,1,1.4554896511734424e-05,0.0
Current-In-Bay1223,0,1,0,1,1.4554896511734424e-05,0.0
PastaVeggies,0,1,0,1,1.4554896511734424e-05,0.0
think_like_general,0,1,0,1,1.4554896511734424e-05,0.0
neo_digital_79,0,1,0,1,1.4554896511734424e-05,0.0
Pink_Slyvie,0,1,0,1,1.4554896511734424e-05,0.0
ironic-waffle,0,1,0,1,1.4554896511734424e-05,0.0
WhompWump,0,1,0,1,1.4554896511734424e-05,0.0
inaktive,0,1,0,1,1.4554896511734424e-05,0.0
Guilty_Application14,0,1,0,1,1.4554896511734424e-05,0.0
Mountain-Nobody-3548,0,1,0,1,1.4554896511734424e-05,0.0
blah938,0,1,0,1,1.4554896511734424e-05,0.0
Yevon,0,1,0,1,1.4554896511734424e-05,0.0
Positive-War3957,0,1,0,1,1.4554896511734424e-05,0.0
phoggey,0,1,0,1,1.4554896511734424e-05,0.0
GunR_SC2,0,1,0,1,1.4554896511734424e-05,0.0
EffectiveLong,0,1,0,1,1.4554896511734424e-05,0.0
singeblanc,0,1,0,1,1.4554896511734424e-05,0.0
BearsPearsBearsPears,0,1,0,1,1.4554896511734424e-05,0.0
yuheet,0,1,0,1,1.4554896511734424e-05,0.0
wtjones,0,1,0,1,1.4554896511734424e-05,0.0
LonelyAndroid11942,0,1,0,1,1.4554896511734424e-05,0.0
MarianCR,0,1,0,1,1.4554896511734424e-05,0.0
_n8n8_,0,2,0,2,1.4554896511734424e-05,0.0
krayonkid,0,1,0,1,1.4554896511734424e-05,0.0
nutonurmom,0,1,0,1,1.4554896511734424e-05,0.0
Lanky-Ad6843,0,1,0,1,1.4554896511734424e-05,0.0
BuyHigh_S3llLow,0,1,0,1,1.4554896511734424e-05,0.0
Effective_Ad_2797,0,1,0,1,1.4554896511734424e-05,0.0
Professional_Bat9174,0,1,0,1,1.4554896511734424e-05,0.0
SezitLykItiz,0,1,0,1,1.4554896511734424e-05,0.0
buzzlightyear0473,0,1,0,1,1.4554896511734424e-05,0.0
haveacorona20,0,1,0,1,1.4554896511734424e-05,0.0
ranban2012,0,1,0,1,1.4554896511734424e-05,0.0
Dr_cool_Sugar_Daddy,0,1,0,1,1.4554896511734424e-05,0.0
Synth3t1c,0,1,0,1,1.4554896511734424e-05,0.0
eleazar0425,0,1,0,1,1.4554896511734424e-05,0.0
weaponR,0,1,0,1,1.4554896511734424e-05,0.0
Particular_Can_7860,0,1,0,1,1.4554896511734424e-05,0.0
FanClubof5,0,1,0,1,1.4554896511734424e-05,0.0
Comfortable_Superb,0,1,0,1,1.4554896511734424e-05,0.0
bobthemundane,0,1,0,1,1.4554896511734424e-05,0.0
mainframe_maisie,0,1,0,1,1.4554896511734424e-05,0.0
poieo-dev,0,1,0,1,1.4554896511734424e-05,0.0
buffalobi11s,0,1,0,1,1.4554896511734424e-05,0.0
crimsonpowder,0,1,0,1,1.4554896511734424e-05,0.0
TheCamazotzian,0,1,0,1,1.4554896511734424e-05,0.0
Zealousideal_Dig39,0,1,0,1,1.4554896511734424e-05,0.0
flopisit32,0,2,0,2,1.4554896511734424e-05,0.0
DepressedDrift,0,1,0,1,1.4554896511734424e-05,0.0
JakeArvizu,0,1,0,1,1.4554896511734424e-05,0.0
Et_tu__Brute,0,1,0,1,1.4554896511734424e-05,0.0
__Drink_Water__,0,1,0,1,1.4554896511734424e-05,0.0
notimpressedimo,0,1,0,1,1.4554896511734424e-05,0.0
foo-bar-nlogn-100,0,1,0,1,1.4554896511734424e-05,0.0
rco8786,0,1,0,1,1.4554896511734424e-05,0.0
NeonSpirol,0,1,0,1,1.4554896511734424e-05,0.0
Severe-Security-1365,0,1,0,1,1.4554896511734424e-05,0.0
guico33,0,1,0,1,1.4554896511734424e-05,0.0
h0uz3_,0,1,0,1,1.4554896511734424e-05,0.0
Ok_Composer_1761,0,1,0,1,1.4554896511734424e-05,0.0
gnomeba,0,1,0,1,1.4554896511734424e-05,0.0
BatPlack,0,1,0,1,1.4554896511734424e-05,0.0
callingthebullshit,0,1,0,1,1.4554896511734424e-05,0.0
Eastern-Narwhal-2093,0,1,0,1,1.4554896511734424e-05,0.0
nates1984,0,1,0,1,1.4554896511734424e-05,0.0
vinegarhorse,0,1,0,1,1.4554896511734424e-05,0.0
EVOSexyBeast,0,1,0,1,1.4554896511734424e-05,0.0
-Excitement,0,1,0,1,1.4554896511734424e-05,0.0
budd222,0,1,0,1,1.4554896511734424e-05,0.0
multiplayerhater,0,1,0,1,1.4554896511734424e-05,0.0
cherry_chocolate_,0,1,0,1,1.4554896511734424e-05,0.0
LightWolfCavalry,0,1,0,1,1.4554896511734424e-05,0.0
Acceptable-Milk-314,0,1,0,1,1.4554896511734424e-05,0.0
Jason1923,0,1,0,1,1.4554896511734424e-05,0.0
seriouslysampson,0,1,0,1,1.4554896511734424e-05,0.0
Federal-Police22,0,1,0,1,1.4554896511734424e-05,0.0
bucolucas,0,1,0,1,1.4554896511734424e-05,0.0
occurrenceOverlap,0,1,0,1,1.4554896511734424e-05,0.0
csammy2611,0,1,0,1,1.4554896511734424e-05,0.0
lottadoggos,0,1,0,1,1.4554896511734424e-05,0.0
Glaborage,0,1,0,1,1.4554896511734424e-05,0.0
HumbleJiraiya,0,1,0,1,1.4554896511734424e-05,0.0
eat_those_lemons,0,1,0,1,1.4554896511734424e-05,0.0
Kolt56,0,1,0,1,1.4554896511734424e-05,0.0
QuroInJapan,0,1,0,1,1.4554896511734424e-05,0.0
millenialliberal,0,1,0,1,1.4554896511734424e-05,0.0
bhu87ygv,0,1,0,1,1.4554896511734424e-05,0.0
alpinebuzz,0,1,0,1,1.4554896511734424e-05,0.0
bt3g,0,1,0,1,1.4554896511734424e-05,0.0
HoangGoc,0,1,0,1,1.4554896511734424e-05,0.0
NanthaR,0,1,0,1,1.4554896511734424e-05,0.0
vert1s,0,1,0,1,1.4554896511734424e-05,0.0
liuhanshu2000,0,1,0,1,1.4554896511734424e-05,0.0
smirnoff4life,0,1,0,1,1.4554896511734424e-05,0.0
GargantuChet,0,1,0,1,1.4554896511734424e-05,0.0
Sufficient-Diver-327,0,1,0,1,1.4554896511734424e-05,0.0
MrDywel,0,1,0,1,1.4554896511734424e-05,0.0
RawSalmonella,0,1,0,1,1.4554896511734424e-05,0.0
Kratos427,0,1,0,1,1.4554896511734424e-05,0.0
TeeDotHerder,0,1,0,1,1.4554896511734424e-05,0.0
Aromatic_Prior_1371,0,1,0,1,1.4554896511734424e-05,0.0
FlutFlut,0,1,0,1,1.4554896511734424e-05,0.0
Broad-Cranberry-9050,0,1,0,1,1.4554896511734424e-05,0.0
iamonredddit,0,1,0,1,1.4554896511734424e-05,0.0
syates21,0,1,0,1,1.4554896511734424e-05,0.0
rk06,0,1,0,1,1.4554896511734424e-05,0.0
No_Opportunity_9357,0,1,0,1,1.4554896511734424e-05,0.0
Thanosmiss234,0,1,0,1,1.4554896511734424e-05,0.0
Hello_MoonCake,0,1,0,1,1.4554896511734424e-05,0.0
Kitchen_Koala_4878,0,1,0,1,1.4554896511734424e-05,0.0
Solid-Package8915,0,1,0,1,1.4554896511734424e-05,0.0
Puzzleheaded_Monk516,0,1,0,1,1.4554896511734424e-05,0.0
wencc,0,1,0,1,1.4554896511734424e-05,0.0
foxyankeecharlie,0,1,0,1,1.4554896511734424e-05,0.0
Pale-While-9783,0,1,0,1,1.4554896511734424e-05,0.0
bautin,0,1,0,1,1.4554896511734424e-05,0.0
harshil93,0,1,0,1,1.4554896511734424e-05,0.0
srona22,0,1,0,1,1.4554896511734424e-05,0.0
Myarmhasteeth,0,1,0,1,1.4554896511734424e-05,0.0
NandoDeColonoscopy,0,1,0,1,1.4554896511734424e-05,0.0
BelgraviaEngineer,0,1,0,1,1.4554896511734424e-05,0.0
DevGrohl,0,1,0,1,1.4554896511734424e-05,0.0
TheBeAll,0,1,0,1,1.4554896511734424e-05,0.0
HustleWestbrook94,0,1,0,1,1.4554896511734424e-05,0.0
CubeFlipper,0,1,0,1,1.4554896511734424e-05,0.0
TurboRadical,0,1,0,1,1.4554896511734424e-05,0.0
gamedev342,0,1,0,1,1.4554896511734424e-05,0.0
CallidusNomine,0,1,0,1,1.4554896511734424e-05,0.0
cheezzy4ever,0,1,0,1,1.4554896511734424e-05,0.0
0x0MG,0,1,0,1,1.4554896511734424e-05,0.0
2LateAlreadySentient,0,1,0,1,1.4554896511734424e-05,0.0
leo-dip,0,1,0,1,1.4554896511734424e-05,0.0
Best_Location_8237,0,1,0,1,1.4554896511734424e-05,0.0
wy100101,0,1,0,1,1.4554896511734424e-05,0.0
Status-Article-6104,0,1,0,1,1.4554896511734424e-05,0.0
hyperaeolian,0,1,0,1,1.4554896511734424e-05,0.0
The_Mauldalorian,0,1,0,1,1.4554896511734424e-05,0.0
-ShortFuseSindri-,0,1,0,1,1.4554896511734424e-05,0.0
trele_morele,0,1,0,1,1.4554896511734424e-05,0.0
congressmanlol,0,1,0,1,1.4554896511734424e-05,0.0
__scan__,0,1,0,1,1.4554896511734424e-05,0.0
belowaverageint,0,1,0,1,1.4554896511734424e-05,0.0
imtoooldforreddit,0,1,0,1,1.4554896511734424e-05,0.0
Jazz8680,0,1,0,1,1.4554896511734424e-05,0.0
absurdamerica,0,1,0,1,1.4554896511734424e-05,0.0
abughorash,0,1,0,1,1.4554896511734424e-05,0.0
Ma4r,0,1,0,1,1.4554896511734424e-05,0.0
TheDiscoJew,0,1,0,1,1.4554896511734424e-05,0.0
ThatCakeIsDone,0,1,0,1,1.4554896511734424e-05,0.0
kstonge11,0,1,0,1,1.4554896511734424e-05,0.0
delaware,0,1,0,1,1.4554896511734424e-05,0.0
Quite_Blessed,0,1,0,1,1.4554896511734424e-05,0.0
leftysrule200,0,1,0,1,1.4554896511734424e-05,0.0
involutionn,0,1,0,1,1.4554896511734424e-05,0.0
EntranceOrganic564,0,1,0,1,1.4554896511734424e-05,0.0
No-Evidence-08,0,1,0,1,1.4554896511734424e-05,0.0
dbenz,0,1,0,1,1.4554896511734424e-05,0.0
Chimpskibot,0,1,0,1,1.4554896511734424e-05,0.0
Frillback,0,1,0,1,1.4554896511734424e-05,0.0
pochitapetter,0,1,0,1,1.4554896511734424e-05,0.0
Smooth-Leadership-35,0,1,0,1,1.4554896511734424e-05,0.0
BigCummy,0,1,0,1,1.4554896511734424e-05,0.0
Okay_I_Go_Now,0,1,0,1,1.4554896511734424e-05,0.0
Neeerp,0,1,0,1,1.4554896511734424e-05,0.0
SessionStrange4205,0,1,0,1,1.4554896511734424e-05,0.0
lib_progressive_23,0,1,0,1,1.4554896511734424e-05,0.0
WannaBeRichieRich,0,1,0,1,1.4554896511734424e-05,0.0
xylem-utopia,0,1,0,1,1.4554896511734424e-05,0.0
Gullible-Question129,0,1,0,1,1.4554896511734424e-05,0.0
FearlessPark4588,0,1,0,1,1.4554896511734424e-05,0.0
crappyoats,0,1,0,1,1.4554896511734424e-05,0.0
PerformanceThick2232,0,1,0,1,1.4554896511734424e-05,0.0
neherak,0,1,0,1,1.4554896511734424e-05,0.0
Big-Rush-6943,0,1,0,1,1.4554896511734424e-05,0.0
fuzwz,0,1,0,1,1.4554896511734424e-05,0.0
mrmiffmiff,0,1,0,1,1.4554896511734424e-05,0.0
ukrokit2,0,1,0,1,1.4554896511734424e-05,0.0
ThinkingWithPortal,0,1,0,1,1.4554896511734424e-05,0.0
Thin_Salamander8469,0,1,0,1,1.4554896511734424e-05,0.0
k1dfromkt0wn,0,1,0,1,1.4554896511734424e-05,0.0
alinroc,0,1,0,1,1.4554896511734424e-05,0.0
Square-Conclusion454,0,1,0,1,1.4554896511734424e-05,0.0
Prefer_Diet_Soda,0,1,0,1,1.4554896511734424e-05,0.0
ThatNerdyRedneck,0,1,0,1,1.4554896511734424e-05,0.0
Similar_Tooth7569,0,1,0,1,1.4554896511734424e-05,0.0
codeethos,0,1,0,1,1.4554896511734424e-05,0.0
XenoPhex,0,1,0,1,1.4554896511734424e-05,0.0
Ambitious_Eye9279,0,1,0,1,1.4554896511734424e-05,0.0
mmprobablymakingitup,0,1,0,1,1.4554896511734424e-05,0.0
ryersonCS,0,1,0,1,1.4554896511734424e-05,0.0
breeez333,0,1,0,1,1.4554896511734424e-05,0.0
m00shi_dev,0,1,0,1,1.4554896511734424e-05,0.0
Treesrule,0,1,0,1,1.4554896511734424e-05,0.0
PayResponsible3462,0,1,0,1,1.4554896511734424e-05,0.0
gratitudeisbs,0,1,0,1,1.4554896511734424e-05,0.0
InternationalArm7614,0,1,0,1,1.4554896511734424e-05,0.0
kkkkkaran,0,1,0,1,1.4554896511734424e-05,0.0
AcanthocephalaNo2929,0,1,0,1,1.4554896511734424e-05,0.0
Agitated-Crow862,0,1,0,1,1.4554896511734424e-05,0.0
EchoImpressive6063,0,1,0,1,1.4554896511734424e-05,0.0
Willing_Box_752,0,1,0,1,1.4554896511734424e-05,0.0
FlyingDumplingTrader,0,1,0,1,1.4554896511734424e-05,0.0
sap1enz,0,1,0,1,1.4554896511734424e-05,0.0
Randromeda2172,0,1,0,1,1.4554896511734424e-05,0.0
Antique_Target3076,0,1,0,1,1.4554896511734424e-05,0.0
adotomov,0,1,0,1,1.4554896511734424e-05,0.0
Big_Piece1132,0,1,0,1,1.4554896511734424e-05,0.0
PurelyGumbo_1,0,1,0,1,1.4554896511734424e-05,0.0
yellowddit,0,1,0,1,1.4554896511734424e-05,0.0
MeBadNeedMoneyNow,0,1,0,1,1.4554896511734424e-05,0.0
CandiceWoo,0,1,0,1,1.4554896511734424e-05,0.0
Training-Chain-5572,0,1,0,1,1.4554896511734424e-05,0.0
RenAsa,0,1,0,1,1.4554896511734424e-05,0.0
Bitter_Umpire2729,0,1,0,1,1.4554896511734424e-05,0.0
GambitTheBest,0,1,0,1,1.4554896511734424e-05,0.0
NewSchoolBoxer,0,1,0,1,1.4554896511734424e-05,0.0
sequesteredhoneyfall,0,1,0,1,1.4554896511734424e-05,0.0
WombatGambit,0,1,0,1,1.4554896511734424e-05,0.0
For_Entertain_Only,0,1,0,1,1.4554896511734424e-05,0.0
BeerCheeseSoup,0,1,0,1,1.4554896511734424e-05,0.0
WaywardSon78,0,2,0,2,1.4554896511734424e-05,0.0
Ok-Process-2187,0,1,0,1,1.4554896511734424e-05,0.0
bhayanakmaut,0,1,0,1,1.4554896511734424e-05,0.0
SkywalkerTheLord,0,1,0,1,1.4554896511734424e-05,0.0
Independent-Ad-4791,0,1,0,1,1.4554896511734424e-05,0.0
Tarul,0,1,0,1,1.4554896511734424e-05,0.0
Vector-Zero,0,1,0,1,1.4554896511734424e-05,0.0
KillDozer1996,0,1,0,1,1.4554896511734424e-05,0.0
athrunlelouch,0,1,0,1,1.4554896511734424e-05,0.0
VoodooS0ldier,0,1,0,1,1.4554896511734424e-05,0.0
kokumou,0,1,0,1,1.4554896511734424e-05,0.0
DesperateSouthPark,0,1,0,1,1.4554896511734424e-05,0.0
Extension_Text4231,0,1,0,1,1.4554896511734424e-05,0.0
TacoRemix,0,1,0,1,1.4554896511734424e-05,0.0
combrade,0,1,0,1,1.4554896511734424e-05,0.0
jro0211,0,1,0,1,1.4554896511734424e-05,0.0
IBJON,0,1,0,1,1.4554896511734424e-05,0.0
macronotice,0,1,0,1,1.4554896511734424e-05,0.0
Catch11,0,1,0,1,1.4554896511734424e-05,0.0
revel_in_it,0,1,0,1,1.4554896511734424e-05,0.0
Sufficient_Example30,0,1,0,1,1.4554896511734424e-05,0.0
EviliestBuckle,0,1,0,1,1.4554896511734424e-05,0.0
victoryrock,0,1,0,1,1.4554896511734424e-05,0.0
rbuen4455,0,1,0,1,1.4554896511734424e-05,0.0
GYN-k4H-Q3z-75B,0,1,0,1,1.4554896511734424e-05,0.0
gi0nna,0,1,0,1,1.4554896511734424e-05,0.0
No-Blueberry-1291,0,1,0,1,1.4554896511734424e-05,0.0
nineteen_eightyfour,0,1,0,1,1.4554896511734424e-05,0.0
musing_codger,0,1,0,1,1.4554896511734424e-05,0.0
neverOddOrEv_n,0,1,0,1,1.4554896511734424e-05,0.0
llamacoded,0,1,0,1,1.4554896511734424e-05,0.0
Important_Staff_9568,0,1,0,1,1.4554896511734424e-05,0.0
ghart_67,0,1,0,1,1.4554896511734424e-05,0.0
SnooBeans1976,0,1,0,1,1.4554896511734424e-05,0.0
MonkeyDog911,0,1,0,1,1.4554896511734424e-05,0.0
chefhj,0,1,0,1,1.4554896511734424e-05,0.0
Aus_with_the_Sauce,0,1,0,1,1.4554896511734424e-05,0.0
zoe_bletchdel,0,1,0,1,1.4554896511734424e-05,0.0
tommytucker7182,0,1,0,1,1.4554896511734424e-05,0.0
max_compressor,0,1,0,1,1.4554896511734424e-05,0.0
ResidentAd132,0,1,0,1,1.4554896511734424e-05,0.0
SuperMike100,0,1,0,1,1.4554896511734424e-05,0.0
vba77,0,1,0,1,1.4554896511734424e-05,0.0
HydraMC,0,1,0,1,1.4554896511734424e-05,0.0
HettySwollocks,0,1,0,1,1.4554896511734424e-05,0.0
Eskamel,0,1,0,1,1.4554896511734424e-05,0.0
PlasticPresentation1,0,1,0,1,1.4554896511734424e-05,0.0
SnooTangerines4655,0,1,0,1,1.4554896511734424e-05,0.0
ModernLifelsWar,0,2,0,2,1.4554896511734424e-05,0.0
small_markey,0,1,0,1,1.4554896511734424e-05,0.0
FLMKane,0,1,0,1,1.4554896511734424e-05,0.0
Adventurous_Luck_664,0,1,0,1,1.4554896511734424e-05,0.0
Nipple_Duster,0,1,0,1,1.4554896511734424e-05,0.0
largestDeportation,0,1,0,1,1.4554896511734424e-05,0.0
Arunsays,0,1,0,1,1.4554896511734424e-05,0.0
apresmoiputas,0,1,0,1,1.4554896511734424e-05,0.0
Due_Pressure8760,0,1,0,1,1.4554896511734424e-05,0.0
kim8080,0,1,0,1,1.4554896511734424e-05,0.0
protivakid,0,1,0,1,1.4554896511734424e-05,0.0
Leafy_Joe,0,1,0,1,1.4554896511734424e-05,0.0
misogynerd69420,0,1,0,1,1.4554896511734424e-05,0.0
techno848,0,1,0,1,1.4554896511734424e-05,0.0
LotzoHuggins,0,1,0,1,1.4554896511734424e-05,0.0
Zeonist-,0,1,0,1,1.4554896511734424e-05,0.0
aacreans,0,1,0,1,1.4554896511734424e-05,0.0
ShitPoastSam,0,1,0,1,1.4554896511734424e-05,0.0
Maatix12,0,1,0,1,1.4554896511734424e-05,0.0
yogy,0,1,0,1,1.4554896511734424e-05,0.0
rooftopgoblin,0,1,0,1,1.4554896511734424e-05,0.0
tommyTurds,0,1,0,1,1.4554896511734424e-05,0.0
dionebigode,0,1,0,1,1.4554896511734424e-05,0.0
goldboybronx,0,1,0,1,1.4554896511734424e-05,0.0
xenaga,0,1,0,1,1.4554896511734424e-05,0.0
grumbly,0,1,0,1,1.4554896511734424e-05,0.0
versatile_dev,0,1,0,1,1.4554896511734424e-05,0.0
pialin2,0,1,0,1,1.4554896511734424e-05,0.0
shitlord_god,0,1,0,1,1.4554896511734424e-05,0.0
lupercalpainting,0,1,0,1,1.4554896511734424e-05,0.0
HyperionCantos,0,1,0,1,1.4554896511734424e-05,0.0
deficient_dwelling,0,1,0,1,1.4554896511734424e-05,0.0
Silly_Panic_5889,0,1,0,1,1.4554896511734424e-05,0.0
tankerton,0,1,0,1,1.4554896511734424e-05,0.0
currently__working,0,1,0,1,1.4554896511734424e-05,0.0
SomewhereEconomy2200,0,1,0,1,1.4554896511734424e-05,0.0
bloo-karoof,0,1,0,1,1.4554896511734424e-05,0.0
noobcodes,0,1,0,1,1.4554896511734424e-05,0.0
CarneAsadaSteve,0,1,0,1,1.4554896511734424e-05,0.0
Agreeable_Raisin_577,0,1,0,1,1.4554896511734424e-05,0.0
delightfulPastellas,0,2,0,2,1.4554896511734424e-05,0.0
Sea_Degree_4948,0,1,0,1,1.4554896511734424e-05,0.0
cjrun,0,1,0,1,1.4554896511734424e-05,0.0
Aggravating_Sea_971,0,1,0,1,1.4554896511734424e-05,0.0
MrMonday11235,0,1,0,1,1.4554896511734424e-05,0.0
BedditTedditReddit,0,1,0,1,1.4554896511734424e-05,0.0
Quadz1527,0,1,0,1,1.4554896511734424e-05,0.0
RevolutionaryGain823,0,1,0,1,1.4554896511734424e-05,0.0
alexrobinson,0,1,0,1,1.4554896511734424e-05,0.0
salasi,0,1,0,1,1.4554896511734424e-05,0.0
albino_kenyan,0,1,0,1,1.4554896511734424e-05,0.0
manohar_18,0,1,0,1,1.4554896511734424e-05,0.0
TheNinthGateLCF,0,1,0,1,1.4554896511734424e-05,0.0
Willing-Angle-2203,0,1,0,1,1.4554896511734424e-05,0.0
holy_handgrenade,0,1,0,1,1.4554896511734424e-05,0.0
PeterCappelletti,0,1,0,1,1.4554896511734424e-05,0.0
MessierKatr,0,1,0,1,1.4554896511734424e-05,0.0
GreatStaff985,0,1,0,1,1.4554896511734424e-05,0.0
babbagack,0,1,0,1,1.4554896511734424e-05,0.0
justleave-mealone,0,1,0,1,1.4554896511734424e-05,0.0
Beneficial_Area_2986,0,1,0,1,1.4554896511734424e-05,0.0
_bobby_salsa_,0,1,0,1,1.4554896511734424e-05,0.0
armosuperman,0,1,0,1,1.4554896511734424e-05,0.0
Psycopatah,0,1,0,1,1.4554896511734424e-05,0.0
Wemban_yams_it,0,1,0,1,1.4554896511734424e-05,0.0
Cyph0n,0,1,0,1,1.4554896511734424e-05,0.0
PadyEos,0,1,0,1,1.4554896511734424e-05,0.0
GrayLiterature,0,1,0,1,1.4554896511734424e-05,0.0
goldfishpaws,0,1,0,1,1.4554896511734424e-05,0.0
Willbo,0,1,0,1,1.4554896511734424e-05,0.0
Short-Show-7378,0,1,0,1,1.4554896511734424e-05,0.0
Legs914,0,1,0,1,1.4554896511734424e-05,0.0
pijuskri,0,1,0,1,1.4554896511734424e-05,0.0
gloomyjim,0,1,0,1,1.4554896511734424e-05,0.0
Journeyman351,0,1,0,1,1.4554896511734424e-05,0.0
RedTyro,0,1,0,1,1.4554896511734424e-05,0.0
Specific-Calendar-96,0,1,0,1,1.4554896511734424e-05,0.0
firstclassblizzard,0,1,0,1,1.4554896511734424e-05,0.0
JRLDH,0,1,0,1,1.4554896511734424e-05,0.0
Thin_Adeptness_4471,0,1,0,1,1.4554896511734424e-05,0.0
TheBenevolentTitan,0,1,0,1,1.4554896511734424e-05,0.0
Chewlies-gum,0,1,0,1,1.4554896511734424e-05,0.0
Public_Umpire_1099,0,1,0,1,1.4554896511734424e-05,0.0
Whyamibeautiful,0,1,0,1,1.4554896511734424e-05,0.0
wavepointsocial,0,1,0,1,1.4554896511734424e-05,0.0
Ben___Garrison,0,1,0,1,1.4554896511734424e-05,0.0
Swimming-Project-311,0,1,0,1,1.4554896511734424e-05,0.0
maddy2011,0,1,0,1,1.4554896511734424e-05,0.0
htffgt_js,0,1,0,1,1.4554896511734424e-05,0.0
soulbroth3r,0,1,0,1,1.4554896511734424e-05,0.0
No-Principle422,0,1,0,1,1.4554896511734424e-05,0.0
igeligel,0,1,0,1,1.4554896511734424e-05,0.0
AdamEgrate,0,1,0,1,1.4554896511734424e-05,0.0
cyesk8er,0,1,0,1,1.4554896511734424e-05,0.0
mmafan12617181,0,1,0,1,1.4554896511734424e-05,0.0
MiloGoesToTheFatFarm,0,1,0,1,1.4554896511734424e-05,0.0
Advanced-Morning1832,0,1,0,1,1.4554896511734424e-05,0.0
mynameisjebediah,0,1,0,1,1.4554896511734424e-05,0.0
myemailiscool,0,1,0,1,1.4554896511734424e-05,0.0
felya,0,1,0,1,1.4554896511734424e-05,0.0
rigmaroler,0,1,0,1,1.4554896511734424e-05,0.0
ironykarl,0,1,0,1,1.4554896511734424e-05,0.0
PejibayeAnonimo,0,1,0,1,1.4554896511734424e-05,0.0
GrizzyLizz,0,1,0,1,1.4554896511734424e-05,0.0
Severe_Ad9169,0,1,0,1,1.4554896511734424e-05,0.0
ProSurgeryAccount,0,1,0,1,1.4554896511734424e-05,0.0
UncleSkanky,0,1,0,1,1.4554896511734424e-05,0.0
gbgbgb1912,0,1,0,1,1.4554896511734424e-05,0.0
Wswarriordegen,0,1,0,1,1.4554896511734424e-05,0.0
hallasoldier,0,1,0,1,1.4554896511734424e-05,0.0
zettasyntax,0,1,0,1,1.4554896511734424e-05,0.0
Lakario,0,1,0,1,1.4554896511734424e-05,0.0
nikeiptt,0,1,0,1,1.4554896511734424e-05,0.0
cobcat,0,1,0,1,1.4554896511734424e-05,0.0
OutSourceKings,0,1,0,1,1.4554896511734424e-05,0.0
Mistredo,0,1,0,1,1.4554896511734424e-05,0.0
saintRobster,0,1,0,1,1.4554896511734424e-05,0.0
thegreatnoobmaster,0,1,0,1,1.4554896511734424e-05,0.0
AlternativeSwimmer89,0,1,0,1,1.4554896511734424e-05,0.0
GoTribeWM_97,0,1,0,1,1.4554896511734424e-05,0.0
Far_Function7560,0,1,0,1,1.4554896511734424e-05,0.0
gauntvariable,0,1,0,1,1.4554896511734424e-05,0.0
thatsnot_kawaii_bro,0,1,0,1,1.4554896511734424e-05,0.0
PurpleSecret5923,0,1,0,1,1.4554896511734424e-05,0.0
Ill_Professor_6288,0,1,0,1,1.4554896511734424e-05,0.0
Princester-Vibe,0,1,0,1,1.4554896511734424e-05,0.0
Le_Vagabond,0,1,0,1,1.4554896511734424e-05,0.0
JuliesRazorBack,0,1,0,1,1.4554896511734424e-05,0.0
Kamay1770,0,1,0,1,1.4554896511734424e-05,0.0
kilobrew,0,1,0,1,1.4554896511734424e-05,0.0
scoobaruuu,0,1,0,1,1.4554896511734424e-05,0.0
busybeeai,0,1,0,1,1.4554896511734424e-05,0.0
Uncaffeinated,0,1,0,1,1.4554896511734424e-05,0.0
planesandpancakes,0,1,0,1,1.4554896511734424e-05,0.0
down7k,0,1,0,1,1.4554896511734424e-05,0.0
bullbearbubu,0,1,0,1,1.4554896511734424e-05,0.0
The_yulaow,0,1,0,1,1.4554896511734424e-05,0.0
Hungboy6969420,0,1,0,1,1.4554896511734424e-05,0.0
Saucy-Boi,0,1,0,1,1.4554896511734424e-05,0.0
mrchowmein,0,1,0,1,1.4554896511734424e-05,0.0
sdrakedrake,0,1,0,1,1.4554896511734424e-05,0.0
Orion1021,0,1,0,1,1.4554896511734424e-05,0.0
Thriven,0,1,0,1,1.4554896511734424e-05,0.0
TheMasterQuest,0,1,0,1,1.4554896511734424e-05,0.0
Old_Location_9895,0,1,0,1,1.4554896511734424e-05,0.0
RKsu99,0,1,0,1,1.4554896511734424e-05,0.0
swegamer137,0,1,0,1,1.4554896511734424e-05,0.0
Ambitious-Forever897,0,1,0,1,1.4554896511734424e-05,0.0
Brocibo,0,1,0,1,1.4554896511734424e-05,0.0
aerohk,0,1,0,1,1.4554896511734424e-05,0.0
Few_Pop6933,0,1,0,1,1.4554896511734424e-05,0.0
Ok-Entertainer2245,0,1,0,1,1.4554896511734424e-05,0.0
Fickle-Syllabub6730,0,1,0,1,1.4554896511734424e-05,0.0
GoodMenAll,0,1,0,1,1.4554896511734424e-05,0.0
Limp-Composer-8893,0,1,0,1,1.4554896511734424e-05,0.0
Anonymustafar,0,1,0,1,1.4554896511734424e-05,0.0
AwringePeele,0,1,0,1,1.4554896511734424e-05,0.0
cow_clowns,0,1,0,1,1.4554896511734424e-05,0.0
Antique-Volume9599,0,1,0,1,1.4554896511734424e-05,0.0
ultraDross,0,1,0,1,1.4554896511734424e-05,0.0
centpourcentuno,0,1,0,1,1.4554896511734424e-05,0.0
Sudden-War3241,0,1,0,1,1.4554896511734424e-05,0.0
KamikazeSexPilot,0,1,0,1,1.4554896511734424e-05,0.0
Few_Cauliflower2069,0,1,0,1,1.4554896511734424e-05,0.0
slashdave,0,1,0,1,1.4554896511734424e-05,0.0
ShazaBongo,0,2,0,2,1.4554896511734424e-05,0.0
gtbaddy,0,1,0,1,1.4554896511734424e-05,0.0
HoratioWobble,0,1,0,1,1.4554896511734424e-05,0.0
BenL90,0,1,0,1,1.4554896511734424e-05,0.0
Regular_Yesterday76,0,1,0,1,1.4554896511734424e-05,0.0
Ok_Champion_4391,0,1,0,1,1.4554896511734424e-05,0.0
throwsFatalException,0,1,0,1,1.4554896511734424e-05,0.0
blipojones,0,1,0,1,1.4554896511734424e-05,0.0
Conscious-Secret-775,0,1,0,1,1.4554896511734424e-05,0.0
dissociatedgorl,0,1,0,1,1.4554896511734424e-05,0.0
pierrogus,0,1,0,1,1.4554896511734424e-05,0.0
Dry_Raspberry4514,0,1,0,1,1.4554896511734424e-05,0.0
Aggressive-Corner425,0,1,0,1,1.4554896511734424e-05,0.0
ZucchiniSky,0,1,0,1,1.4554896511734424e-05,0.0
PsychologicalCell928,0,1,0,1,1.4554896511734424e-05,0.0
braczkow,0,1,0,1,1.4554896511734424e-05,0.0
410_clientGone,0,1,0,1,1.4554896511734424e-05,0.0
Desperate_Cook_7338,0,1,0,1,1.4554896511734424e-05,0.0
Wild-Ganache3061,0,1,0,1,1.4554896511734424e-05,0.0
Hot_Preparation1660,0,1,0,1,1.4554896511734424e-05,0.0
PuzzleheadedGuess435,0,1,0,1,1.4554896511734424e-05,0.0
uragiristereo,0,1,0,1,1.4554896511734424e-05,0.0
Omnifect,0,1,0,1,1.4554896511734424e-05,0.0
Krogan_Vanguard,0,1,0,1,1.4554896511734424e-05,0.0
Careful-Nothing-2432,0,1,0,1,1.4554896511734424e-05,0.0
sircontagious,0,1,0,1,1.4554896511734424e-05,0.0
Key_Machine_9138,0,1,0,1,1.4554896511734424e-05,0.0
Dazzling-Location382,0,1,0,1,1.4554896511734424e-05,0.0
chic_luke,0,1,0,1,1.4554896511734424e-05,0.0
god5peed,0,1,0,1,1.4554896511734424e-05,0.0
saintex422,0,1,0,1,1.4554896511734424e-05,0.0
iStumblerLabs,0,1,0,1,1.4554896511734424e-05,0.0
dmm092319,0,1,0,1,1.4554896511734424e-05,0.0
loconessmonster,0,1,0,1,1.4554896511734424e-05,0.0
mace4242,0,1,0,1,1.4554896511734424e-05,0.0
Tableryu,0,1,0,1,1.4554896511734424e-05,0.0
MBBIBM,0,1,0,1,1.4554896511734424e-05,0.0
Dexcerides,0,1,0,1,1.4554896511734424e-05,0.0
IAMAmosfet,0,1,0,1,1.4554896511734424e-05,0.0
NightSpaghetti,0,1,0,1,1.4554896511734424e-05,0.0
tralfamadorian808,0,1,0,1,1.4554896511734424e-05,0.0
ThagAnderson,0,1,0,1,1.4554896511734424e-05,0.0
00rb,0,1,0,1,1.4554896511734424e-05,0.0
uttermybiscuit,0,1,0,1,1.4554896511734424e-05,0.0
UpstairsStrength9,0,1,0,1,1.4554896511734424e-05,0.0
ProudPeak3570,0,1,0,1,1.4554896511734424e-05,0.0
VeryAmaze,0,1,0,1,1.4554896511734424e-05,0.0
UK-sHaDoW,0,1,0,1,1.4554896511734424e-05,0.0
superbizzy123,0,1,0,1,1.4554896511734424e-05,0.0
capitalsfan08,0,1,0,1,1.4554896511734424e-05,0.0
quixoticcaptain,0,1,0,1,1.4554896511734424e-05,0.0
Yamoyek,0,1,0,1,1.4554896511734424e-05,0.0
swl,0,1,0,1,1.4554896511734424e-05,0.0
Bitter_Bowl832,0,1,0,1,1.4554896511734424e-05,0.0
ThatNiceDrShipman,0,1,0,1,1.4554896511734424e-05,0.0
apostrophos,0,1,0,1,1.4554896511734424e-05,0.0
pixelizedgaming,0,1,0,1,1.4554896511734424e-05,0.0
HeroicPrinny,0,1,0,1,1.4554896511734424e-05,0.0
diablo1128,0,1,0,1,1.4554896511734424e-05,0.0
laramiecorp,0,1,0,1,1.4554896511734424e-05,0.0
nee_-,0,1,0,1,1.4554896511734424e-05,0.0
Hot-Problem2436,0,1,0,1,1.4554896511734424e-05,0.0
the_little,0,1,0,1,1.4554896511734424e-05,0.0
Current-Fig8840,0,1,0,1,1.4554896511734424e-05,0.0
faptastrophe,0,1,0,1,1.4554896511734424e-05,0.0
cyberchief,0,1,0,1,1.4554896511734424e-05,0.0
Impossible-Pin5051,0,1,0,1,1.4554896511734424e-05,0.0
eXAt88,0,1,0,1,1.4554896511734424e-05,0.0
Almagest910,0,1,0,1,1.4554896511734424e-05,0.0
PracticallyPerfcet,0,1,0,1,1.4554896511734424e-05,0.0
sweatpants-aristotle,0,1,0,1,1.4554896511734424e-05,0.0
slamjam25,0,1,0,1,1.4554896511734424e-05,0.0
jimmy-buffett,0,1,0,1,1.4554896511734424e-05,0.0
SuperAwesomekk,0,1,0,1,1.4554896511734424e-05,0.0
mephi5to,0,1,0,1,1.4554896511734424e-05,0.0
kingozon,0,1,0,1,1.4554896511734424e-05,0.0
michaellicious,0,1,0,1,1.4554896511734424e-05,0.0
Bodybuilder425,0,1,0,1,1.4554896511734424e-05,0.0
team_lloyd,0,1,0,1,1.4554896511734424e-05,0.0
DressLikeACount,0,1,0,1,1.4554896511734424e-05,0.0
varunu28,0,1,0,1,1.4554896511734424e-05,0.0
Used_Gear8871,0,1,0,1,1.4554896511734424e-05,0.0
MpappaN,0,1,0,1,1.4554896511734424e-05,0.0
No-Actuary9215,0,1,0,1,1.4554896511734424e-05,0.0
Soreasan,0,1,0,1,1.4554896511734424e-05,0.0
RocketShipGrease63,0,1,0,1,1.4554896511734424e-05,0.0
cardboard_elephant,0,1,0,1,1.4554896511734424e-05,0.0
Fickle_Question_6417,0,1,0,1,1.4554896511734424e-05,0.0
religionkilledmysis,0,1,0,1,1.4554896511734424e-05,0.0
NGTech9,0,1,0,1,1.4554896511734424e-05,0.0
ResoluteBird,0,1,0,1,1.4554896511734424e-05,0.0
id3dx,0,1,0,1,1.4554896511734424e-05,0.0
ekaj,0,1,0,1,1.4554896511734424e-05,0.0
the_vikm,0,1,0,1,1.4554896511734424e-05,0.0
Independent_Bat_9173,0,1,0,1,1.4554896511734424e-05,0.0
rottywell,0,1,0,1,1.4554896511734424e-05,0.0
OccasionalGoodTakes,0,1,0,1,1.4554896511734424e-05,0.0
ElegantState57,0,1,0,1,1.4554896511734424e-05,0.0
Ok-Cantaloupe-588,0,1,0,1,1.4554896511734424e-05,0.0
Ariose_Aristocrat,0,1,0,1,1.4554896511734424e-05,0.0
1s4c,0,1,0,1,1.4554896511734424e-05,0.0
Urik88,0,1,0,1,1.4554896511734424e-05,0.0
hann953,0,1,0,1,1.4554896511734424e-05,0.0
Fingebimus,0,1,0,1,1.4554896511734424e-05,0.0
user2776632,0,1,0,1,1.4554896511734424e-05,0.0
BerkTownKid,0,1,0,1,1.4554896511734424e-05,0.0
Used_Return9095,0,1,0,1,1.4554896511734424e-05,0.0
VP-of-Vibes,0,1,0,3,1.4554896511734424e-05,0.0
liquidify,0,1,0,1,1.4554896511734424e-05,0.0
illustrious_wang,0,2,0,2,1.4554896511734424e-05,0.0
random_throws_stuff,0,1,0,1,1.4554896511734424e-05,0.0
nsyx,0,1,0,1,1.4554896511734424e-05,0.0
VinylGastronomy,0,1,0,1,1.4554896511734424e-05,0.0
VideogamerDisliker,0,1,0,1,1.4554896511734424e-05,0.0
alee463,0,1,0,1,1.4554896511734424e-05,0.0
Imperial_Eggroll,0,1,0,1,1.4554896511734424e-05,0.0
Brief-Night6314,0,1,0,1,1.4554896511734424e-05,0.0
izzet101,0,1,0,1,1.4554896511734424e-05,0.0
great_-serpent,0,1,0,1,1.4554896511734424e-05,0.0
UlyssiesPhilemon,0,1,0,1,1.4554896511734424e-05,0.0
huge-centipede,0,1,0,1,1.4554896511734424e-05,0.0
Due_Entertainment_66,0,1,0,1,1.4554896511734424e-05,0.0
Options_100,0,1,0,1,1.4554896511734424e-05,0.0
shrimel,0,1,0,1,1.4554896511734424e-05,0.0
Boom9001,0,1,0,1,1.4554896511734424e-05,0.0
backpackerdeveloper,0,1,0,1,1.4554896511734424e-05,0.0
Spets_Naz,0,1,0,1,1.4554896511734424e-05,0.0
runner2012,0,1,0,1,1.4554896511734424e-05,0.0
iMac_Hunt,0,1,0,1,1.4554896511734424e-05,0.0
MrD3a7h,0,1,0,1,1.4554896511734424e-05,0.0
Neat-Emu-8731,0,1,0,1,1.4554896511734424e-05,0.0
MoonPhaseP1,0,1,0,1,1.4554896511734424e-05,0.0
Mil3High,0,1,0,1,1.4554896511734424e-05,0.0
saltundvinegar,0,1,0,1,1.4554896511734424e-05,0.0
steve8-D,0,1,0,1,1.4554896511734424e-05,0.0
PUBLIC-STATIC-V0ID,0,1,0,1,1.4554896511734424e-05,0.0
Nam_Jhi,0,1,0,1,1.4554896511734424e-05,0.0
_WinstonTheCat_,0,1,0,1,1.4554896511734424e-05,0.0
drewkiimon,0,1,0,1,1.4554896511734424e-05,0.0
Such-Comfortable-93,0,1,0,1,1.4554896511734424e-05,0.0
stealth_Master01,0,1,0,1,1.4554896511734424e-05,0.0
ProjectMuch5860,0,1,0,1,1.4554896511734424e-05,0.0
Typical_Priority3319,0,1,0,1,1.4554896511734424e-05,0.0
StrawberryExisting39,0,1,0,1,1.4554896511734424e-05,0.0
CanadianIndianAB,0,1,0,1,1.4554896511734424e-05,0.0
frothymonk,0,1,0,1,1.4554896511734424e-05,0.0
NoDryHands,0,1,0,1,1.4554896511734424e-05,0.0
PabloCIV,0,1,0,1,1.4554896511734424e-05,0.0
Nick337Games,0,1,0,1,1.4554896511734424e-05,0.0
DirtyMudder92,0,1,0,1,1.4554896511734424e-05,0.0
Houman_7,0,1,0,1,1.4554896511734424e-05,0.0
water4440,0,1,0,1,1.4554896511734424e-05,0.0
AwesomeOverwhelming,0,1,0,1,1.4554896511734424e-05,0.0
Fruloops,0,1,0,1,1.4554896511734424e-05,0.0
A_Cinnamon_Babka,0,1,0,1,1.4554896511734424e-05,0.0
SteviaMcqueen,0,1,0,1,1.4554896511734424e-05,0.0
jesuslizardgoat,0,1,0,1,1.4554896511734424e-05,0.0
DataRiffRaff,0,1,0,1,1.4554896511734424e-05,0.0
ilovehaagen-dazs,0,1,0,1,1.4554896511734424e-05,0.0
Leading_Owl_7910,0,1,0,1,1.4554896511734424e-05,0.0
octopus_limbs,0,1,0,1,1.4554896511734424e-05,0.0
cs_pewpew,0,1,0,1,1.4554896511734424e-05,0.0
LeeKom,0,1,0,1,1.4554896511734424e-05,0.0
jsdodgers,0,1,0,1,1.4554896511734424e-05,0.0
Mediocre-Ebb9862,0,1,0,1,1.4554896511734424e-05,0.0
Crime-going-crazy,0,1,0,1,1.4554896511734424e-05,0.0
FiredAndBuried,0,1,0,1,1.4554896511734424e-05,0.0
Ettun,0,1,0,1,1.4554896511734424e-05,0.0
strategizeyourcareer,0,1,0,1,1.4554896511734424e-05,0.0
IGotSkills,0,1,0,1,1.4554896511734424e-05,0.0
gdinProgramator,0,1,0,1,1.4554896511734424e-05,0.0
A_Guy_in_Orange,0,1,0,1,1.4554896511734424e-05,0.0
mofukkinbreadcrumbz,0,1,0,1,1.4554896511734424e-05,0.0
YouShallNotStaff,0,1,0,1,1.4554896511734424e-05,0.0
Regular_Zombie,0,1,0,1,1.4554896511734424e-05,0.0
MightyTVIO,0,1,0,1,1.4554896511734424e-05,0.0
Combonary,0,1,0,1,1.4554896511734424e-05,0.0
CoyoteUseful8483,0,1,0,1,1.4554896511734424e-05,0.0
FSNovask,0,1,0,1,1.4554896511734424e-05,0.0
WolfeheartGames,0,1,0,1,1.4554896511734424e-05,0.0
Broad_Ness5679,0,1,0,1,1.4554896511734424e-05,0.0
Aggravating-Lie-5222,0,1,0,1,1.4554896511734424e-05,0.0
JohntheAnabaptist,0,1,0,1,1.4554896511734424e-05,0.0
justyap1999,0,1,0,1,1.4554896511734424e-05,0.0
PangolinTotal1279,0,1,0,1,1.4554896511734424e-05,0.0
FitGas7951,0,1,0,1,1.4554896511734424e-05,0.0
Rude-Doctor-1069,0,1,0,1,1.4554896511734424e-05,0.0
Nonsensicallity,0,1,0,1,1.4554896511734424e-05,0.0
asleepering,0,1,0,1,1.4554896511734424e-05,0.0
jimRacer642,0,1,0,1,1.4554896511734424e-05,0.0
No-Justice-666,0,1,0,1,1.4554896511734424e-05,0.0
Distinct-Expression2,0,1,0,1,1.4554896511734424e-05,0.0
FAANG_VIBE_CODER,0,1,0,1,1.4554896511734424e-05,0.0
dustingibson,0,1,0,1,1.4554896511734424e-05,0.0
Lindensan,0,1,0,1,1.4554896511734424e-05,0.0
Gefarate,0,1,0,1,1.4554896511734424e-05,0.0
im_a_goat_factory,0,1,0,1,1.4554896511734424e-05,0.0
mantichoral,0,1,0,1,1.4554896511734424e-05,0.0
primarycolorman,0,2,0,2,1.4554896511734424e-05,0.0
g33kMoZzY,0,1,0,1,1.4554896511734424e-05,0.0
Leather_Radish_9484,0,1,0,1,1.4554896511734424e-05,0.0
gettogettin,0,1,0,1,1.4554896511734424e-05,0.0
Space2461,0,1,0,1,1.4554896511734424e-05,0.0
__mafia,0,1,0,1,1.4554896511734424e-05,0.0
free_3_PO,0,1,0,1,1.4554896511734424e-05,0.0
rayfrankenstein,0,1,0,1,1.4554896511734424e-05,0.0
GGProfessor,0,1,0,1,1.4554896511734424e-05,0.0
UwereEverything2311,0,1,0,1,1.4554896511734424e-05,0.0
robberviet,0,1,0,1,1.4554896511734424e-05,0.0
YOU_TUBE_PERSON,0,1,0,1,1.4554896511734424e-05,0.0
thodgson,0,1,0,1,1.4554896511734424e-05,0.0
paperlevel,0,1,0,1,1.4554896511734424e-05,0.0
blue-lindens,0,1,0,1,1.4554896511734424e-05,0.0
ChadFullStack,0,1,0,1,1.4554896511734424e-05,0.0
VolatileZ,0,1,0,1,1.4554896511734424e-05,0.0
FrewdWoad,0,1,0,1,1.4554896511734424e-05,0.0
WYTW0LF,0,1,0,1,1.4554896511734424e-05,0.0
dandecode,0,1,0,1,1.4554896511734424e-05,0.0
promotionpotion,0,1,0,1,1.4554896511734424e-05,0.0
Throwaway-bubblessam,0,1,0,1,1.4554896511734424e-05,0.0
holdoffhunger,0,1,0,1,1.4554896511734424e-05,0.0
Repulsive-Philosophy,0,1,0,1,1.4554896511734424e-05,0.0
kosmos1209,0,1,0,1,1.4554896511734424e-05,0.0
Rascal2pt0,0,1,0,1,1.4554896511734424e-05,0.0
fn3dav2,0,1,0,1,1.4554896511734424e-05,0.0
mynewromantica,0,1,0,1,1.4554896511734424e-05,0.0
PiLLe1974,0,1,0,1,1.4554896511734424e-05,0.0
RespectablePapaya,0,1,0,1,1.4554896511734424e-05,0.0
King_Jibral_XVI,0,1,0,1,1.4554896511734424e-05,0.0
FightOnForUsc,0,1,0,1,1.4554896511734424e-05,0.0
poggendorff,0,1,0,1,1.4554896511734424e-05,0.0
No_Remote_8625,0,1,0,1,1.4554896511734424e-05,0.0
Far_Comparison_6165,0,1,0,1,1.4554896511734424e-05,0.0
mnothman,0,1,0,1,1.4554896511734424e-05,0.0
PM_ME_EMPANADAS,0,1,0,1,1.4554896511734424e-05,0.0
the_catawampus,0,1,0,1,1.4554896511734424e-05,0.0
auburnstar12,0,1,0,1,1.4554896511734424e-05,0.0
litBG,0,1,0,1,1.4554896511734424e-05,0.0
left_shoulder_demon,0,1,0,1,1.4554896511734424e-05,0.0
arvinsins,0,1,0,1,1.4554896511734424e-05,0.0
Critical-Load-1452,0,1,0,1,1.4554896511734424e-05,0.0
SrDevMX,0,1,0,1,1.4554896511734424e-05,0.0
HideSelfView,0,1,0,1,1.4554896511734424e-05,0.0
Treehughippie,0,1,0,1,1.4554896511734424e-05,0.0
Maximum_Story1062,0,1,0,1,1.4554896511734424e-05,0.0
doingittodeath,0,1,0,1,1.4554896511734424e-05,0.0
Low-Okra7931,0,1,0,1,1.4554896511734424e-05,0.0
Due-Corgi-3458,0,1,0,1,1.4554896511734424e-05,0.0
packet,0,1,0,1,1.4554896511734424e-05,0.0
115v,0,1,0,1,1.4554896511734424e-05,0.0
thro0away12,0,1,0,1,1.4554896511734424e-05,0.0
phases5,0,1,0,1,1.4554896511734424e-05,0.0
carnivorousdrew,0,1,0,1,1.4554896511734424e-05,0.0
domo415,0,1,0,1,1.4554896511734424e-05,0.0
No_Stay_4583,0,1,0,1,1.4554896511734424e-05,0.0
cocol11,0,1,0,1,1.4554896511734424e-05,0.0
Ok-Goal-9324,0,1,0,1,1.4554896511734424e-05,0.0
Verynotwavy,0,1,0,1,1.4554896511734424e-05,0.0
Fickle-Owl666,0,1,0,1,1.4554896511734424e-05,0.0
sakratol2k,0,1,0,1,1.4554896511734424e-05,0.0
robertisaak,0,1,0,1,1.4554896511734424e-05,0.0
No-Mine-3982,0,1,0,1,1.4554896511734424e-05,0.0
jkm_63,0,1,0,1,1.4554896511734424e-05,0.0
MostTour4871,0,1,0,1,1.4554896511734424e-05,0.0
Throwaway_noDoxx,0,1,0,1,1.4554896511734424e-05,0.0
Beard-,0,1,0,1,1.4554896511734424e-05,0.0
Parking_Anteater943,0,1,0,1,1.4554896511734424e-05,0.0
adot404,0,1,0,1,1.4554896511734424e-05,0.0
antonylockhart,0,1,0,1,1.4554896511734424e-05,0.0
UnfashionablyLate-,0,1,0,1,1.4554896511734424e-05,0.0
IdioticPost,0,1,0,1,1.4554896511734424e-05,0.0
Howyadoinbud,0,1,0,1,1.4554896511734424e-05,0.0
Fearless_Ad1055,0,1,0,1,1.4554896511734424e-05,0.0
NoPlansTonight,0,1,0,1,1.4554896511734424e-05,0.0
Malfor_ium,0,1,0,1,1.4554896511734424e-05,0.0
Drayenn,0,1,0,1,1.4554896511734424e-05,0.0
Temporary-Version976,0,1,0,1,1.4554896511734424e-05,0.0
DONOTDELETEME8316,0,1,0,1,1.4554896511734424e-05,0.0
Hour-Nerve-5578,0,1,0,1,1.4554896511734424e-05,0.0
HodloBaggins,0,1,0,1,1.4554896511734424e-05,0.0
lurker912345,0,1,0,1,1.4554896511734424e-05,0.0
TheseHandsDoHaze,0,1,0,1,1.4554896511734424e-05,0.0
local_eclectic,0,1,0,1,1.4554896511734424e-05,0.0
slimecake,0,1,0,1,1.4554896511734424e-05,0.0
Shebaro,0,1,0,1,1.4554896511734424e-05,0.0
marcdertiger,0,1,0,1,1.4554896511734424e-05,0.0
jetlee123,0,1,0,1,1.4554896511734424e-05,0.0
double-happiness,0,1,0,1,1.4554896511734424e-05,0.0
TheFattestNinja,0,1,0,1,1.4554896511734424e-05,0.0
hlu1013,0,1,0,1,1.4554896511734424e-05,0.0
VirtuesTroll,0,1,0,1,1.4554896511734424e-05,0.0
RaveN_707,0,1,0,1,1.4554896511734424e-05,0.0
teen-a-rama,0,1,0,1,1.4554896511734424e-05,0.0
EternalStudent07,0,1,0,1,1.4554896511734424e-05,0.0
Fuzzytrooper,0,1,0,1,1.4554896511734424e-05,0.0
Glass-Cabinet-249,0,1,0,1,1.4554896511734424e-05,0.0
python-requests,0,1,0,1,1.4554896511734424e-05,0.0
rlt0w,0,1,0,1,1.4554896511734424e-05,0.0
Wentz_ylvania,0,1,0,1,1.4554896511734424e-05,0.0
Cmurray1105,0,1,0,1,1.4554896511734424e-05,0.0
Master-Guidance-2409,0,1,0,1,1.4554896511734424e-05,0.0
TeeDee144,0,1,0,1,1.4554896511734424e-05,0.0
RevolutionaryEmu589,0,1,0,1,1.4554896511734424e-05,0.0
future_web_dev,0,1,0,1,1.4554896511734424e-05,0.0
CHOLO_ORACLE,0,1,0,1,1.4554896511734424e-05,0.0
RailRoadRao,0,1,0,1,1.4554896511734424e-05,0.0
The_0bserver,0,1,0,1,1.4554896511734424e-05,0.0
Mammoth_Control,0,1,0,1,1.4554896511734424e-05,0.0
jocq,0,1,0,1,1.4554896511734424e-05,0.0
jawknee530i,0,1,0,1,1.4554896511734424e-05,0.0
the_new_hunter_s,0,1,0,1,1.4554896511734424e-05,0.0
vsmack,0,1,0,1,1.4554896511734424e-05,0.0
tony_lasagne,0,1,0,1,1.4554896511734424e-05,0.0
BlackFlash,0,1,0,1,1.4554896511734424e-05,0.0
Previous_Start_2248,0,1,0,1,1.4554896511734424e-05,0.0
Mandy_boiii,0,1,0,1,1.4554896511734424e-05,0.0
Noun_Noun_Numb3r,0,1,0,1,1.4554896511734424e-05,0.0
ggprog,0,1,0,1,1.4554896511734424e-05,0.0
orinmerryhelm,0,1,0,1,1.4554896511734424e-05,0.0
cocoaLemonade22,0,1,0,1,1.4554896511734424e-05,0.0
travturav,0,1,0,1,1.4554896511734424e-05,0.0
ledfox,0,1,0,1,1.4554896511734424e-05,0.0
CharlieeStyles,0,1,0,1,1.4554896511734424e-05,0.0
Secret_Account07,0,1,0,1,1.4554896511734424e-05,0.0
Icy_Foundation3534,0,1,0,1,1.4554896511734424e-05,0.0
therealsparticus,0,1,0,1,1.4554896511734424e-05,0.0
Both-Home-6235,0,1,0,1,1.4554896511734424e-05,0.0
thinkbetterofu,0,1,0,1,1.4554896511734424e-05,0.0
chrisonetime,0,1,0,1,1.4554896511734424e-05,0.0
LifeJustKeepsGoing,0,1,0,1,1.4554896511734424e-05,0.0
DangerousPurpose5661,0,1,0,1,1.4554896511734424e-05,0.0
LoaderD,0,1,0,1,1.4554896511734424e-05,0.0
SWEET_LIBERTY_MY_LEG,0,1,0,1,1.4554896511734424e-05,0.0
Meeesh-,0,1,0,1,1.4554896511734424e-05,0.0
13120dde,0,1,0,1,1.4554896511734424e-05,0.0
davy_crockett_slayer,0,1,0,1,1.4554896511734424e-05,0.0
TheNegligentInvestor,0,1,0,1,1.4554896511734424e-05,0.0
yerich,0,1,0,1,1.4554896511734424e-05,0.0
KingTyranitar,0,1,0,1,1.4554896511734424e-05,0.0
mustgodeeper,0,1,0,1,1.4554896511734424e-05,0.0
jad3d,0,1,0,1,1.4554896511734424e-05,0.0
btgeekboy,0,1,0,1,1.4554896511734424e-05,0.0
we-could-be-heros,0,1,0,1,1.4554896511734424e-05,0.0
nutshells1,0,1,0,1,1.4554896511734424e-05,0.0
amanster82,0,1,0,1,1.4554896511734424e-05,0.0
Impossible_Hippo6187,0,1,0,1,1.4554896511734424e-05,0.0
CathieWoods1985,0,1,0,1,1.4554896511734424e-05,0.0
BigBadMustardTiger,0,1,0,1,1.4554896511734424e-05,0.0
Whole-Reserve-4773,0,1,0,1,1.4554896511734424e-05,0.0
TimelyToast,0,1,0,2,1.4554896511734424e-05,0.0
PapaGrit,0,1,0,1,1.4554896511734424e-05,0.0
throwaway_juniorcv,0,1,0,1,1.4554896511734424e-05,0.0
ToastandSpaceJam,0,1,0,1,1.4554896511734424e-05,0.0
BakeMeLemonCakes,0,1,0,1,1.4554896511734424e-05,0.0
YetAnotherSegfault,0,1,0,1,1.4554896511734424e-05,0.0
Shot-Cryptographer68,0,1,0,1,1.4554896511734424e-05,0.0
That_Distance_9504,0,1,0,1,1.4554896511734424e-05,0.0
WispyBo1,0,1,0,1,1.4554896511734424e-05,0.0
Mindless_Debt_3579,0,1,0,1,1.4554896511734424e-05,0.0
Crafty_Ganache_745,0,1,0,1,1.4554896511734424e-05,0.0
plasticbug,0,1,0,1,1.4554896511734424e-05,0.0
TheRealRaceMiller,0,1,0,1,1.4554896511734424e-05,0.0
Craig653,0,1,0,1,1.4554896511734424e-05,0.0
Spiderfffun,0,2,0,2,1.4554896511734424e-05,0.0
Machu-Wong,0,1,0,1,1.4554896511734424e-05,0.0
germanicel,0,1,0,1,1.4554896511734424e-05,0.0
teflonjon321,0,1,0,1,1.4554896511734424e-05,0.0
CapitanJenkins,0,1,0,1,1.4554896511734424e-05,0.0
HiddenMaragon,0,1,0,1,1.4554896511734424e-05,0.0
Bright_Impact_12,0,1,0,1,1.4554896511734424e-05,0.0
ResidentNo6441,0,1,0,1,1.4554896511734424e-05,0.0
randombookman,0,1,0,1,1.4554896511734424e-05,0.0
Advanced-Bid-7760,0,1,0,1,1.4554896511734424e-05,0.0
foreverythingthatis,0,1,0,1,1.4554896511734424e-05,0.0
the-Reincarnated-one,0,1,0,1,1.4554896511734424e-05,0.0
Azzatus,0,1,0,1,1.4554896511734424e-05,0.0
DeathnTaxes66,0,1,0,1,1.4554896511734424e-05,0.0
nekipost,0,1,0,1,1.4554896511734424e-05,0.0
adotar,0,1,0,1,1.4554896511734424e-05,0.0
PeachScary413,0,1,0,1,1.4554896511734424e-05,0.0
LongAd9320,0,1,0,1,1.4554896511734424e-05,0.0
BillyBobJangles,0,1,0,1,1.4554896511734424e-05,0.0
Sea-Day-4133,0,1,0,1,1.4554896511734424e-05,0.0
AlterTableUsernames,0,1,0,1,1.4554896511734424e-05,0.0
zaladin,0,1,0,1,1.4554896511734424e-05,0.0
conectionist,0,1,0,1,1.4554896511734424e-05,0.0
Apprehensive-Ring998,0,1,0,1,1.4554896511734424e-05,0.0
Brainaq,0,1,0,1,1.4554896511734424e-05,0.0
QuinqueIs-GIyph-I728,0,1,0,1,1.4554896511734424e-05,0.0
Uncle_Snake43,0,1,0,1,1.4554896511734424e-05,0.0
ButterscotchNo670,0,1,0,1,1.4554896511734424e-05,0.0
pluep,0,1,0,1,1.4554896511734424e-05,0.0
torofukatasu,0,1,0,1,1.4554896511734424e-05,0.0
Fossam,0,1,0,1,1.4554896511734424e-05,0.0
Correct_Emotion8437,0,1,0,1,1.4554896511734424e-05,0.0
AishiFem,0,1,0,1,1.4554896511734424e-05,0.0
tuckfrump69,0,1,0,1,1.4554896511734424e-05,0.0
Pianomaster99,0,1,0,1,1.4554896511734424e-05,0.0
highly-paid-shill,0,1,0,1,1.4554896511734424e-05,0.0
maccodemonkey,0,1,0,1,1.4554896511734424e-05,0.0
trytoinfect74,0,1,0,1,1.4554896511734424e-05,0.0
Waffel_Haus,0,1,0,1,1.4554896511734424e-05,0.0
tomatoreds,0,1,0,1,1.4554896511734424e-05,0.0
AlsoInteresting,0,1,0,1,1.4554896511734424e-05,0.0
MarionberryNormal957,0,1,0,1,1.4554896511734424e-05,0.0
motherthrowee,0,1,0,1,1.4554896511734424e-05,0.0
ChairmanMeow23,0,1,0,1,1.4554896511734424e-05,0.0
tcloetingh,0,1,0,1,1.4554896511734424e-05,0.0
Significant_Soup2558,0,1,0,1,1.4554896511734424e-05,0.0
TunaGamer,0,1,0,1,1.4554896511734424e-05,0.0
Sigma3375,0,1,0,1,1.4554896511734424e-05,0.0
nath1as,0,1,0,1,1.4554896511734424e-05,0.0
MhVRNewbie,0,1,0,1,1.4554896511734424e-05,0.0
Spare_Dependent6893,0,1,0,1,1.4554896511734424e-05,0.0
OkSeaweed275,0,1,0,1,1.4554896511734424e-05,0.0
Incompetent_Engin3er,0,1,0,1,1.4554896511734424e-05,0.0
UnknownEssence,0,1,0,1,1.4554896511734424e-05,0.0
eeksdey,0,1,0,1,1.4554896511734424e-05,0.0
bang_ding_ow,0,1,0,1,1.4554896511734424e-05,0.0
Tekhed18,0,1,0,1,1.4554896511734424e-05,0.0
lasthope106,0,1,0,1,1.4554896511734424e-05,0.0
854490,0,1,0,2,1.4554896511734424e-05,0.0
emperornext,0,1,0,1,1.4554896511734424e-05,0.0
itrestian,0,1,0,1,1.4554896511734424e-05,0.0
ToxicToffPop,0,1,0,1,1.4554896511734424e-05,0.0
gomugomupirate,0,1,0,1,1.4554896511734424e-05,0.0
Specialist-Bee8060,0,1,0,1,1.4554896511734424e-05,0.0
palmwinepapito,0,1,0,1,1.4554896511734424e-05,0.0
m_cardoso,0,1,0,1,1.4554896511734424e-05,0.0
Lower_Improvement763,0,1,0,1,1.4554896511734424e-05,0.0
Scrappy_Doo100,0,1,0,1,1.4554896511734424e-05,0.0
YodelingVeterinarian,0,1,0,1,1.4554896511734424e-05,0.0
cryogenic-goat,0,1,0,1,1.4554896511734424e-05,0.0
TheEmoEmu23,0,1,0,1,1.4554896511734424e-05,0.0
Therabidmonkey,0,1,0,1,1.4554896511734424e-05,0.0
IIIlllIIIlllIIIEH,0,1,0,1,1.4554896511734424e-05,0.0
tetrash,0,1,0,1,1.4554896511734424e-05,0.0
HelicopterNo9453,0,1,0,1,1.4554896511734424e-05,0.0
Firm_Bit,0,1,0,1,1.4554896511734424e-05,0.0
currykid94,0,1,0,1,1.4554896511734424e-05,0.0
AzirIsOverNerfed,0,1,0,1,1.4554896511734424e-05,0.0
bighand1,0,1,0,1,1.4554896511734424e-05,0.0
whitenoize086,0,1,0,1,1.4554896511734424e-05,0.0
Otherwise_Source_842,0,1,0,1,1.4554896511734424e-05,0.0
XxasimxX,0,1,0,1,1.4554896511734424e-05,0.0
Desert_Reynard,0,1,0,1,1.4554896511734424e-05,0.0
thesenate92,0,1,0,1,1.4554896511734424e-05,0.0
CapableHerring,0,1,0,1,1.4554896511734424e-05,0.0
horizontoinfinity,0,1,0,1,1.4554896511734424e-05,0.0
SumthingBrewing,0,1,0,1,1.4554896511734424e-05,0.0
Beneficial-Win-7187,0,1,0,1,1.4554896511734424e-05,0.0
shiningdickhalloran,0,1,0,1,1.4554896511734424e-05,0.0
waterwaterwaterrr,0,1,0,1,1.4554896511734424e-05,0.0
CustomerSuportPlease,0,1,0,1,1.4554896511734424e-05,0.0
NNegidius,0,1,0,1,1.4554896511734424e-05,0.0
letsgoniko,0,1,0,1,1.4554896511734424e-05,0.0
y4udothistome,0,1,0,1,1.4554896511734424e-05,0.0
PresentStand2023,0,1,0,1,1.4554896511734424e-05,0.0
AppropriateSpell5405,0,1,0,1,1.4554896511734424e-05,0.0
slothrop-dad,0,1,0,1,1.4554896511734424e-05,0.0
Gaming_Wisconsinbly,0,1,0,1,1.4554896511734424e-05,0.0
Souledex,0,1,0,1,1.4554896511734424e-05,0.0
TraderThomasServo,0,1,0,1,1.4554896511734424e-05,0.0
learngladly,0,2,0,2,1.4554896511734424e-05,0.0
HexxRx,0,1,0,1,1.4554896511734424e-05,0.0
amiibohunter2015,0,1,0,1,1.4554896511734424e-05,0.0
niyrex,0,1,0,1,1.4554896511734424e-05,0.0
Cube4Add5,0,1,0,1,1.4554896511734424e-05,0.0
Cobra_R_babe,0,1,0,1,1.4554896511734424e-05,0.0
Fullmetal_Hermit,0,1,0,1,1.4554896511734424e-05,0.0
twoanddone_9737,0,1,0,1,1.4554896511734424e-05,0.0
SupremeDropTables,0,1,0,1,1.4554896511734424e-05,0.0
SILVER-com,0,1,0,1,1.4554896511734424e-05,0.0
BearsDoNOTExist,0,1,0,1,1.4554896511734424e-05,0.0
Distinct_Goose_3561,0,1,0,1,1.4554896511734424e-05,0.0
Punished_Blubber,0,1,0,1,1.4554896511734424e-05,0.0
Icy_Reward727,0,1,0,1,1.4554896511734424e-05,0.0
CaptainOfAntic,0,1,0,1,1.4554896511734424e-05,0.0
Conscious-Solid9491,0,1,0,1,1.4554896511734424e-05,0.0
Disastrous-Bunch2472,0,1,0,1,1.4554896511734424e-05,0.0
LookAlderaanPlaces,0,1,0,1,1.4554896511734424e-05,0.0
Far_One_3293,0,1,0,1,1.4554896511734424e-05,0.0
Gapinthesidewalk,0,1,0,1,1.4554896511734424e-05,0.0
Rational-Garlic,0,1,0,1,1.4554896511734424e-05,0.0
gordy06,0,1,0,1,1.4554896511734424e-05,0.0
butthatshitsbroken,0,1,0,1,1.4554896511734424e-05,0.0
BlurryEcho,0,1,0,1,1.4554896511734424e-05,0.0
LuckyWriter1292,0,1,0,1,1.4554896511734424e-05,0.0
ridebikesupsidedown,0,1,0,1,1.4554896511734424e-05,0.0
ChesticlesIsTheMan,0,1,0,1,1.4554896511734424e-05,0.0
xXMuschi_DestroyerXx,0,1,0,1,1.4554896511734424e-05,0.0
BaconxHawk,0,1,0,1,1.4554896511734424e-05,0.0
dontknownothing0123,0,1,0,1,1.4554896511734424e-05,0.0
RDOmega,0,1,0,1,1.4554896511734424e-05,0.0
FollowingWeekly1421,0,1,0,1,1.4554896511734424e-05,0.0
rehabkickrocks,0,1,0,1,1.4554896511734424e-05,0.0
boiwitdebmoji,0,1,0,1,1.4554896511734424e-05,0.0
PastMeringue432,0,1,0,1,1.4554896511734424e-05,0.0
IviDerivi,0,1,0,1,1.4554896511734424e-05,0.0
slim0lim0,0,1,0,1,1.4554896511734424e-05,0.0
PrudentVariation3716,0,1,0,1,1.4554896511734424e-05,0.0
Fun-Memory1523,0,1,0,1,1.4554896511734424e-05,0.0
butlersjihadist,0,1,0,1,1.4554896511734424e-05,0.0
mmm1441,0,1,0,1,1.4554896511734424e-05,0.0
Born_Barnacle7793,0,1,0,1,1.4554896511734424e-05,0.0
terdferguson,0,1,0,1,1.4554896511734424e-05,0.0
U_feel_Me,0,2,0,2,1.4554896511734424e-05,0.0
Angryfarmer2,0,1,0,1,1.4554896511734424e-05,0.0
Acrobatic-Jaguar-134,0,1,0,1,1.4554896511734424e-05,0.0
Leather_Method_7106_,0,1,0,1,1.4554896511734424e-05,0.0
h0rxata,0,1,0,1,1.4554896511734424e-05,0.0
ImpossibleDraft7208,0,1,0,1,1.4554896511734424e-05,0.0
KoniGTA,0,1,0,1,1.4554896511734424e-05,0.0
Pankosmanko,0,1,0,1,1.4554896511734424e-05,0.0
regarding_your_bat,0,1,0,1,1.4554896511734424e-05,0.0
AlfaMenel,0,1,0,1,1.4554896511734424e-05,0.0
MariusHugo,0,1,0,1,1.4554896511734424e-05,0.0
crinklypaper,0,1,0,1,1.4554896511734424e-05,0.0
Sevigor,0,1,0,1,1.4554896511734424e-05,0.0
n10w4,0,1,0,1,1.4554896511734424e-05,0.0
testman22,0,1,0,1,1.4554896511734424e-05,0.0
ImAvoidingABan,0,1,0,1,1.4554896511734424e-05,0.0
richb83,0,1,0,1,1.4554896511734424e-05,0.0
regular_lamp,0,1,0,1,1.4554896511734424e-05,0.0
RickRelentless,0,1,0,1,1.4554896511734424e-05,0.0
bunnyzclan,0,1,0,1,1.4554896511734424e-05,0.0
Darkbeetlebot,0,1,0,1,1.4554896511734424e-05,0.0
CrowAssaultVictim,0,1,0,1,1.4554896511734424e-05,0.0
oneofakindmm,0,1,0,1,1.4554896511734424e-05,0.0
These-Resource3208,0,1,0,1,1.4554896511734424e-05,0.0
Taupe88,0,1,0,1,1.4554896511734424e-05,0.0
blackhawkblake,0,1,0,1,1.4554896511734424e-05,0.0
vivikush,0,1,0,1,1.4554896511734424e-05,0.0
m3-bs,0,1,0,1,1.4554896511734424e-05,0.0
GuyD427,0,1,0,1,1.4554896511734424e-05,0.0
ConsecratedSnowfield,0,1,0,1,1.4554896511734424e-05,0.0
Sturdily5092,0,1,0,1,1.4554896511734424e-05,0.0
sinkpooper2000,0,1,0,1,1.4554896511734424e-05,0.0
Comfortable-Lab-378,0,1,0,1,1.4554896511734424e-05,0.0
TheMyzzler,0,1,0,1,1.4554896511734424e-05,0.0
TheJiggie,0,1,0,1,1.4554896511734424e-05,0.0
CannibalisticChad,0,1,0,1,1.4554896511734424e-05,0.0
NoOrchid2148,0,1,0,1,1.4554896511734424e-05,0.0
brissy3456,0,1,0,1,1.4554896511734424e-05,0.0
onyxlabyrinth1979,0,1,0,1,1.4554896511734424e-05,0.0
gtpc2020,0,1,0,1,1.4554896511734424e-05,0.0
Entity303BR,0,1,0,1,1.4554896511734424e-05,0.0
Lucifugous_Rex,0,1,0,1,1.4554896511734424e-05,0.0
ColdCauliflour,0,1,0,1,1.4554896511734424e-05,0.0
nickpapa88,0,1,0,1,1.4554896511734424e-05,0.0
weasel286,0,1,0,1,1.4554896511734424e-05,0.0
NVincarnate,0,1,0,1,1.4554896511734424e-05,0.0
steampower77,0,1,0,1,1.4554896511734424e-05,0.0
cakemates,0,1,0,1,1.4554896511734424e-05,0.0
cbcbcb99,0,1,0,1,1.4554896511734424e-05,0.0
h1rik1,0,1,0,1,1.4554896511734424e-05,0.0
applejuicerules,0,1,0,1,1.4554896511734424e-05,0.0
Yung_l0c,0,1,0,1,1.4554896511734424e-05,0.0
SlimeySnakesLtd,0,1,0,1,1.4554896511734424e-05,0.0
itsRocketscience1,0,1,0,1,1.4554896511734424e-05,0.0
NominalHorizon,0,1,0,1,1.4554896511734424e-05,0.0
landonwright123,0,1,0,1,1.4554896511734424e-05,0.0
MothashipQ,0,1,0,1,1.4554896511734424e-05,0.0
ToothpickInCockhole,0,1,0,1,1.4554896511734424e-05,0.0
birdynumnum69,0,1,0,1,1.4554896511734424e-05,0.0
ChampagneAbuelo,0,1,0,1,1.4554896511734424e-05,0.0
Pretty_Leather_5856,0,1,0,1,1.4554896511734424e-05,0.0
Too_Ton,0,1,0,1,1.4554896511734424e-05,0.0
aWW3Veteran,0,1,0,1,1.4554896511734424e-05,0.0
Ok-Flight9440,0,1,0,1,1.4554896511734424e-05,0.0
FireDragon737,0,1,0,1,1.4554896511734424e-05,0.0
grumelude,0,1,0,1,1.4554896511734424e-05,0.0
Purple__Puppy,0,1,0,1,1.4554896511734424e-05,0.0
EarnYourSleep,0,1,0,1,1.4554896511734424e-05,0.0
Claque-2,0,1,0,1,1.4554896511734424e-05,0.0
ktown247365,0,1,0,1,1.4554896511734424e-05,0.0
MrKeanuMusk2,0,1,0,1,1.4554896511734424e-05,0.0
InsomniaticWanderer,0,1,0,1,1.4554896511734424e-05,0.0
TheFightens,0,1,0,1,1.4554896511734424e-05,0.0
steve_nice,0,1,0,1,1.4554896511734424e-05,0.0
Prineak,0,1,0,1,1.4554896511734424e-05,0.0
crashorbit,0,1,0,1,1.4554896511734424e-05,0.0
Physical-Compote4594,0,1,0,1,1.4554896511734424e-05,0.0
TotalInstruction,0,1,0,1,1.4554896511734424e-05,0.0
Dear_Tangerine444,0,1,0,1,1.4554896511734424e-05,0.0
bAddi44,0,1,0,1,1.4554896511734424e-05,0.0
Edenwing,0,2,0,2,1.4554896511734424e-05,0.0
whenItFits,0,1,0,1,1.4554896511734424e-05,0.0
brehhs,0,1,0,1,1.4554896511734424e-05,0.0
southpaw826,0,1,0,1,1.4554896511734424e-05,0.0
wrinkled_rooster,0,1,0,1,1.4554896511734424e-05,0.0
0xmerp,0,1,0,1,1.4554896511734424e-05,0.0
budgetoid,0,1,0,1,1.4554896511734424e-05,0.0
Comfortable-Goat-734,0,1,0,1,1.4554896511734424e-05,0.0
Lonatolam4,0,1,0,1,1.4554896511734424e-05,0.0
AirborneThunderstorm,0,1,0,1,1.4554896511734424e-05,0.0
White-tigress,0,1,0,1,1.4554896511734424e-05,0.0
Beboopbeepboopbop,0,1,0,1,1.4554896511734424e-05,0.0
AwesomnusRadicus,0,1,0,1,1.4554896511734424e-05,0.0
Content-Potential191,0,1,0,1,1.4554896511734424e-05,0.0
bobboblaw46,0,1,0,1,1.4554896511734424e-05,0.0
PrestigiousAd1523,0,1,0,1,1.4554896511734424e-05,0.0
M-3X,0,1,0,1,1.4554896511734424e-05,0.0
Agni_1999,0,1,0,1,1.4554896511734424e-05,0.0
rimpy13,0,1,0,1,1.4554896511734424e-05,0.0
Working-Active,0,1,0,1,1.4554896511734424e-05,0.0
soljouner,0,1,0,1,1.4554896511734424e-05,0.0
Mr-Toy,0,1,0,1,1.4554896511734424e-05,0.0
UnpluggedZombie,0,1,0,1,1.4554896511734424e-05,0.0
Stunning_Practice9,0,1,0,1,1.4554896511734424e-05,0.0
CorvetteCole,0,1,0,1,1.4554896511734424e-05,0.0
CatapultamHabeo,0,1,0,1,1.4554896511734424e-05,0.0
Available-Ad-5081,0,1,0,1,1.4554896511734424e-05,0.0
lospotezbrt,0,1,0,1,1.4554896511734424e-05,0.0
TRPSock97,0,1,0,1,1.4554896511734424e-05,0.0
swordax123,0,1,0,1,1.4554896511734424e-05,0.0
leaf1598,0,1,0,1,1.4554896511734424e-05,0.0
Firm_Job_4159,0,1,0,1,1.4554896511734424e-05,0.0
WayRevolutionary8454,0,1,0,1,1.4554896511734424e-05,0.0
superneatosauraus,0,1,0,1,1.4554896511734424e-05,0.0
anex_stormrider,0,1,0,1,1.4554896511734424e-05,0.0
PsychologicalRiseUp,0,1,0,1,1.4554896511734424e-05,0.0
AnyLie2121,0,1,0,1,1.4554896511734424e-05,0.0
httpvi,0,1,0,1,1.4554896511734424e-05,0.0
BiscoBiscuit,0,1,0,1,1.4554896511734424e-05,0.0
lathonkillz,0,1,0,1,1.4554896511734424e-05,0.0
thirdlost,0,1,0,1,1.4554896511734424e-05,0.0
Indep-guy,0,1,0,1,1.4554896511734424e-05,0.0
Successful-World9978,0,1,0,1,1.4554896511734424e-05,0.0
ImperialAgent120,0,1,0,1,1.4554896511734424e-05,0.0
grafknives,0,1,0,1,1.4554896511734424e-05,0.0
General_Tso75,0,1,0,1,1.4554896511734424e-05,0.0
Cultural-Answer-321,0,1,0,1,1.4554896511734424e-05,0.0
boxhead1651,0,1,0,1,1.4554896511734424e-05,0.0
Iggyhopper,0,1,0,1,1.4554896511734424e-05,0.0
Etroarl55,0,1,0,1,1.4554896511734424e-05,0.0
raven00x,0,1,0,1,1.4554896511734424e-05,0.0
TheSquishedElf,0,1,0,1,1.4554896511734424e-05,0.0
turkturkleton,0,1,0,1,1.4554896511734424e-05,0.0
FallInStyle,0,1,0,1,1.4554896511734424e-05,0.0
The_Nice_Marmot,0,1,0,1,1.4554896511734424e-05,0.0
mrchin12,0,1,0,1,1.4554896511734424e-05,0.0
Silegna,0,1,0,1,1.4554896511734424e-05,0.0
deadplant5,0,1,0,1,1.4554896511734424e-05,0.0
gowithflow192,0,1,0,1,1.4554896511734424e-05,0.0
Hyperfish0,0,1,0,1,1.4554896511734424e-05,0.0
nothanks86,0,1,0,1,1.4554896511734424e-05,0.0
ArbitraryMeritocracy,0,1,0,1,1.4554896511734424e-05,0.0
Clean_Brilliant_8586,0,1,0,1,1.4554896511734424e-05,0.0
ponzy1981,0,1,0,1,1.4554896511734424e-05,0.0
elidan5,0,1,0,1,1.4554896511734424e-05,0.0
DrTreeMan,0,1,0,1,1.4554896511734424e-05,0.0
warpedspockclone,0,1,0,1,1.4554896511734424e-05,0.0
DangerMacAwesome,0,1,0,1,1.4554896511734424e-05,0.0
Affectionate-Tip-164,0,1,0,1,1.4554896511734424e-05,0.0
SanLucario,0,1,0,1,1.4554896511734424e-05,0.0
ExtensionPromotion80,0,1,0,1,1.4554896511734424e-05,0.0
Vanusrkan,0,1,0,1,1.4554896511734424e-05,0.0
AstralVenture,0,1,0,1,1.4554896511734424e-05,0.0
outamyhead,0,1,0,1,1.4554896511734424e-05,0.0
figureskater_2000s,0,1,0,1,1.4554896511734424e-05,0.0
Rakatango,0,1,0,1,1.4554896511734424e-05,0.0
NindieNation,0,1,0,1,1.4554896511734424e-05,0.0
Straight-Balance830,0,1,0,1,1.4554896511734424e-05,0.0
tracerhaha,0,1,0,1,1.4554896511734424e-05,0.0
Metal-Lifer,0,1,0,1,1.4554896511734424e-05,0.0
kraang,0,1,0,1,1.4554896511734424e-05,0.0
VPackardPersuadedMe,0,1,0,1,1.4554896511734424e-05,0.0
Prize_Compote_207,0,1,0,1,1.4554896511734424e-05,0.0
Ok_Discussion_6672,0,1,0,1,1.4554896511734424e-05,0.0
Jealous_Difference44,0,1,0,1,1.4554896511734424e-05,0.0
postinganxiety,0,1,0,1,1.4554896511734424e-05,0.0
UmbralHero,0,1,0,1,1.4554896511734424e-05,0.0
YellowB,0,1,0,1,1.4554896511734424e-05,0.0
CFC1985,0,1,0,1,1.4554896511734424e-05,0.0
Lord_Trisagion,0,1,0,1,1.4554896511734424e-05,0.0
TheDogWhoCantSTFU,0,1,0,1,1.4554896511734424e-05,0.0
gurgitoy2,0,1,0,1,1.4554896511734424e-05,0.0
PJHFortyTwo,0,1,0,1,1.4554896511734424e-05,0.0
hamellr,0,1,0,1,1.4554896511734424e-05,0.0
la-blakers,0,1,0,1,1.4554896511734424e-05,0.0
Bananapantsmcgeef,0,1,0,1,1.4554896511734424e-05,0.0
CatCafffffe,0,1,0,1,1.4554896511734424e-05,0.0
iridescent_algae,0,1,0,1,1.4554896511734424e-05,0.0
AaronfromKY,0,1,0,1,1.4554896511734424e-05,0.0
Neracca,0,1,0,1,1.4554896511734424e-05,0.0
karpaediem,0,1,0,1,1.4554896511734424e-05,0.0
tangerinelion,0,1,0,1,1.4554896511734424e-05,0.0
Zwomann,0,1,0,1,1.4554896511734424e-05,0.0
Short_Switch_1807,0,1,0,1,1.4554896511734424e-05,0.0
Shigglyboo,0,1,0,1,1.4554896511734424e-05,0.0
MojoHighway,0,1,0,1,1.4554896511734424e-05,0.0
whygrowupnow,0,1,0,1,1.4554896511734424e-05,0.0
artful_todger_502,0,1,0,1,1.4554896511734424e-05,0.0
bananakegs,0,1,0,1,1.4554896511734424e-05,0.0
smok1naces,0,1,0,1,1.4554896511734424e-05,0.0
Low-Cartographer8758,0,1,0,1,1.4554896511734424e-05,0.0
Ki-to-Life-5054,0,1,0,1,1.4554896511734424e-05,0.0
neklok,0,1,0,1,1.4554896511734424e-05,0.0
sauerkraut916,0,1,0,1,1.4554896511734424e-05,0.0
vassar888,0,1,0,1,1.4554896511734424e-05,0.0
ETsUncle,0,1,0,1,1.4554896511734424e-05,0.0
vikicrays,0,1,0,1,1.4554896511734424e-05,0.0
Only-Professor1140,0,1,0,1,1.4554896511734424e-05,0.0
Wondering_Electron,0,1,0,1,1.4554896511734424e-05,0.0
ChemicalLifeguard443,0,1,0,1,1.4554896511734424e-05,0.0
4b3z1ll4,0,1,0,1,1.4554896511734424e-05,0.0
No-Alarm4072,0,1,0,1,1.4554896511734424e-05,0.0
Disruptor_raptor,0,1,0,1,1.4554896511734424e-05,0.0
OtherwiseAlbatross14,0,1,0,1,1.4554896511734424e-05,0.0
FeverTreeCloud,0,1,0,1,1.4554896511734424e-05,0.0
chain_letter,0,1,0,1,1.4554896511734424e-05,0.0
stac011,0,1,0,1,1.4554896511734424e-05,0.0
EeeCliento,0,1,0,1,1.4554896511734424e-05,0.0
PolyChune,0,1,0,1,1.4554896511734424e-05,0.0
3Duder,0,1,0,1,1.4554896511734424e-05,0.0
wetnaps54,0,1,0,1,1.4554896511734424e-05,0.0
yoshimipinkrobot,0,1,0,1,1.4554896511734424e-05,0.0
shidokanartist,0,1,0,1,1.4554896511734424e-05,0.0
EveryAccount7729,0,1,0,1,1.4554896511734424e-05,0.0
No_Kangaroo_5859,0,1,0,1,1.4554896511734424e-05,0.0
Stock-Act-2459,0,1,0,1,1.4554896511734424e-05,0.0
Vesper2000,0,1,0,1,1.4554896511734424e-05,0.0
Monster_Grundle,0,1,0,1,1.4554896511734424e-05,0.0
_EndOfTheLine,0,1,0,1,1.4554896511734424e-05,0.0
superide,0,1,0,1,1.4554896511734424e-05,0.0
Krypto_Kane,0,1,0,1,1.4554896511734424e-05,0.0
OldClunkyRobot,0,1,0,1,1.4554896511734424e-05,0.0
Jammer250,0,1,0,1,1.4554896511734424e-05,0.0
Br3ttl3y,0,1,0,1,1.4554896511734424e-05,0.0
Johnclark38,0,1,0,1,1.4554896511734424e-05,0.0
AIfieHitchcock,0,1,0,1,1.4554896511734424e-05,0.0
Shards_of_Idiocy,0,1,0,1,1.4554896511734424e-05,0.0
Sea_Particular_7061,0,1,0,1,1.4554896511734424e-05,0.0
keptfrozen,0,1,0,1,1.4554896511734424e-05,0.0
East_Coast_Organic1,0,1,0,1,1.4554896511734424e-05,0.0
Rummikub27,0,1,0,1,1.4554896511734424e-05,0.0
DiligentPen,0,1,0,1,1.4554896511734424e-05,0.0
randomkeystrike,0,1,0,1,1.4554896511734424e-05,0.0
intensive-porpoise,0,1,0,1,1.4554896511734424e-05,0.0
nickk_12,0,1,0,1,1.4554896511734424e-05,0.0
vixenlion,0,1,0,1,1.4554896511734424e-05,0.0
gorramfrakker,0,1,0,1,1.4554896511734424e-05,0.0
Tasty_Ad7483,0,1,0,1,1.4554896511734424e-05,0.0
AlarmedSock2044,0,1,0,1,1.4554896511734424e-05,0.0
Whaatabutt,0,1,0,1,1.4554896511734424e-05,0.0
bduddy,0,1,0,1,1.4554896511734424e-05,0.0
Beneficial-Wonder576,0,1,0,1,1.4554896511734424e-05,0.0
numbah_1_muncher,0,1,0,1,1.4554896511734424e-05,0.0
pwnmesoftly,0,1,0,1,1.4554896511734424e-05,0.0
Generally_Specified,0,1,0,1,1.4554896511734424e-05,0.0
brendamn,0,2,0,2,1.4554896511734424e-05,0.0
mhaynesjr,0,1,0,1,1.4554896511734424e-05,0.0
RealAssociation5281,0,1,0,1,1.4554896511734424e-05,0.0
Purple_Durian_7412,0,1,0,1,1.4554896511734424e-05,0.0
Rough-Tension,0,1,0,1,1.4554896511734424e-05,0.0
Melodic-Whereas-4105,0,1,0,1,1.4554896511734424e-05,0.0
OkBarracuda3403,0,1,0,1,1.4554896511734424e-05,0.0
UsedNegotiation8227,0,1,0,1,1.4554896511734424e-05,0.0
AaronBankroll,0,1,0,1,1.4554896511734424e-05,0.0
fartalldaylong,0,1,0,1,1.4554896511734424e-05,0.0
leon27607,0,1,0,1,1.4554896511734424e-05,0.0
Wise-ask-1967,0,1,0,1,1.4554896511734424e-05,0.0
Rusty_Shacklebird,0,1,0,1,1.4554896511734424e-05,0.0
DeLoreanAirlines,0,1,0,1,1.4554896511734424e-05,0.0
Major_Ad_4891,0,1,0,1,1.4554896511734424e-05,0.0
RobertISaar,0,1,0,1,1.4554896511734424e-05,0.0
BoogieEngineerHaha,0,1,0,1,1.4554896511734424e-05,0.0
Poopcie,0,1,0,1,1.4554896511734424e-05,0.0
Realistic-Nature9083,0,1,0,1,1.4554896511734424e-05,0.0
netralitov,0,1,0,1,1.4554896511734424e-05,0.0
God_Bless_A_Merkin,0,1,0,1,1.4554896511734424e-05,0.0
DiggityDanksta,0,1,0,1,1.4554896511734424e-05,0.0
Synth_Sapiens,0,1,0,1,1.4554896511734424e-05,0.0
Nullhitter,0,1,0,1,1.4554896511734424e-05,0.0
Mia_galaxywatcher,0,1,0,1,1.4554896511734424e-05,0.0
Kolfinna,0,1,0,1,1.4554896511734424e-05,0.0
Eden_Company,0,1,0,1,1.4554896511734424e-05,0.0
Advanced_Buffalo4963,0,1,0,1,1.4554896511734424e-05,0.0
cyberentomology,0,1,0,1,1.4554896511734424e-05,0.0
valmerie5656,0,1,0,1,1.4554896511734424e-05,0.0
Dmte,0,1,0,1,1.4554896511734424e-05,0.0
Kss0N,0,1,0,1,1.4554896511734424e-05,0.0
lexiwexie,0,1,0,1,1.4554896511734424e-05,0.0
Bumish1,0,1,0,1,1.4554896511734424e-05,0.0
r0ckstr,0,1,0,1,1.4554896511734424e-05,0.0
tartfall,0,1,0,1,1.4554896511734424e-05,0.0
Numerous-Stand-1841,0,1,0,1,1.4554896511734424e-05,0.0
Vacuum_Tube_Chassis,0,1,0,1,1.4554896511734424e-05,0.0
IfNightThen,0,1,0,1,1.4554896511734424e-05,0.0
Carnifex72,0,1,0,1,1.4554896511734424e-05,0.0
toney8580,0,1,0,1,1.4554896511734424e-05,0.0
IngenuityDan,0,1,0,1,1.4554896511734424e-05,0.0
dizzymiggy,0,1,0,1,1.4554896511734424e-05,0.0
__golf,0,1,0,1,1.4554896511734424e-05,0.0
imgoingoutside,0,1,0,1,1.4554896511734424e-05,0.0
Spaghett_Enjoyer,0,1,0,1,1.4554896511734424e-05,0.0
intelhb,0,1,0,1,1.4554896511734424e-05,0.0
The-Menhir,0,1,0,1,1.4554896511734424e-05,0.0
Relative-Freedom-295,0,1,0,1,1.4554896511734424e-05,0.0
Eze-Wong,0,1,0,1,1.4554896511734424e-05,0.0
Ashamed_Ad_8365,0,1,0,1,1.4554896511734424e-05,0.0
First-Bumblebee-9600,0,1,0,1,1.4554896511734424e-05,0.0
MonitorOk1351,0,1,0,1,1.4554896511734424e-05,0.0
Sea-Nobody7951,0,1,0,1,1.4554896511734424e-05,0.0
OT_fiddler,0,1,0,1,1.4554896511734424e-05,0.0
iamjay32A,0,1,0,1,1.4554896511734424e-05,0.0
MysticYoYo,0,1,0,1,1.4554896511734424e-05,0.0
masterwit,0,1,0,1,1.4554896511734424e-05,0.0
BetMyLastKrispyKreme,0,1,0,1,1.4554896511734424e-05,0.0
mikenkansas1,0,1,0,1,1.4554896511734424e-05,0.0
Local_Wolverine2913,0,1,0,1,1.4554896511734424e-05,0.0
pilotdlhred,0,1,0,1,1.4554896511734424e-05,0.0
Klutzy_Brilliant6780,0,1,0,1,1.4554896511734424e-05,0.0
Pristine-Ad6064,0,1,0,1,1.4554896511734424e-05,0.0
Meremptor,0,1,0,1,1.4554896511734424e-05,0.0
xtremtoppp,0,1,0,1,1.4554896511734424e-05,0.0
Friendly-Channel-480,0,1,0,1,1.4554896511734424e-05,0.0
Professional_Win6032,0,1,0,1,1.4554896511734424e-05,0.0
life-is-satire,0,1,0,1,1.4554896511734424e-05,0.0
Aggravating_Cut_9981,0,1,0,1,1.4554896511734424e-05,0.0
Reddoraptor,0,1,0,1,1.4554896511734424e-05,0.0
JustMe39908,0,1,0,1,1.4554896511734424e-05,0.0
buildyourown,0,1,0,1,1.4554896511734424e-05,0.0
loquella88,0,1,0,1,1.4554896511734424e-05,0.0
Impressive-Yak-7449,0,1,0,1,1.4554896511734424e-05,0.0
KDI777,0,1,0,1,1.4554896511734424e-05,0.0
meldiane81,0,1,0,1,1.4554896511734424e-05,0.0
victormesrine,0,1,0,1,1.4554896511734424e-05,0.0
tasselledwobbegong1,0,1,0,1,1.4554896511734424e-05,0.0
dkoDesign,0,1,0,1,1.4554896511734424e-05,0.0
DandDMattressMan,0,1,0,1,1.4554896511734424e-05,0.0
TheRealMisterSunday,0,1,0,1,1.4554896511734424e-05,0.0
Cheap_Office8701,0,1,0,1,1.4554896511734424e-05,0.0
twinkiesandcake,0,1,0,1,1.4554896511734424e-05,0.0
Little-Ad-1275,0,1,0,1,1.4554896511734424e-05,0.0
Exciting_Pass_6344,0,1,0,1,1.4554896511734424e-05,0.0
n0exit,0,1,0,1,1.4554896511734424e-05,0.0
Replevin4ACow,0,1,0,1,1.4554896511734424e-05,0.0
digclay,0,1,0,1,1.4554896511734424e-05,0.0
Tikatoo14,0,1,0,1,1.4554896511734424e-05,0.0
Zealousideal-Edge-53,0,1,0,1,1.4554896511734424e-05,0.0
Appropriate_Note2525,0,1,0,1,1.4554896511734424e-05,0.0
mxby7e,0,1,0,1,1.4554896511734424e-05,0.0
No-Cream-2593,0,1,0,1,1.4554896511734424e-05,0.0
Aggressive_Fox_5616,0,1,0,1,1.4554896511734424e-05,0.0
iliketoreadsruff,0,1,0,1,1.4554896511734424e-05,0.0
suggie75,0,1,0,1,1.4554896511734424e-05,0.0
Dogmund,0,1,0,1,1.4554896511734424e-05,0.0
SierraStar7,0,1,0,1,1.4554896511734424e-05,0.0
RedFoxBlueSocks,0,1,0,1,1.4554896511734424e-05,0.0
Actual_Body_4409,0,1,0,1,1.4554896511734424e-05,0.0
Various_Froyo9860,0,1,0,1,1.4554896511734424e-05,0.0
sausageandweed,0,1,0,1,1.4554896511734424e-05,0.0
Motivated_Sloth_749,0,1,0,1,1.4554896511734424e-05,0.0
cracksmack85,0,1,0,1,1.4554896511734424e-05,0.0
Nica-sauce-rex,0,1,0,1,1.4554896511734424e-05,0.0
Boxing_joshing111,0,1,0,1,1.4554896511734424e-05,0.0
xmas_colara,0,1,0,1,1.4554896511734424e-05,0.0
yossarian19,0,1,0,1,1.4554896511734424e-05,0.0
Jeullena,0,1,0,1,1.4554896511734424e-05,0.0
xxfmulder,0,1,0,1,1.4554896511734424e-05,0.0
Necessary-Oil6110,0,1,0,1,1.4554896511734424e-05,0.0
achambers64,0,1,0,1,1.4554896511734424e-05,0.0
seasarz,0,1,0,1,1.4554896511734424e-05,0.0
Downtown_City6480,0,1,0,1,1.4554896511734424e-05,0.0
karma_the_sequel,0,1,0,1,1.4554896511734424e-05,0.0
No-Lime-1909,0,1,0,1,1.4554896511734424e-05,0.0
Just_sunbody_else,0,1,0,1,1.4554896511734424e-05,0.0
ShyLeoGing,0,1,0,1,1.4554896511734424e-05,0.0
Adventurous_Can_7437,0,1,0,1,1.4554896511734424e-05,0.0
SgtButtShanx,0,1,0,1,1.4554896511734424e-05,0.0
TelevisionKnown9795,0,1,0,1,1.4554896511734424e-05,0.0
rire0001,0,1,0,1,1.4554896511734424e-05,0.0
Affectionate_Taro876,0,1,0,1,1.4554896511734424e-05,0.0
Available-Ad6250,0,1,0,1,1.4554896511734424e-05,0.0
eeasyontheextras,0,1,0,1,1.4554896511734424e-05,0.0
Plastic_Stable8927,0,1,0,1,1.4554896511734424e-05,0.0
Love_Bug_54,0,1,0,1,1.4554896511734424e-05,0.0
blueflash775,0,1,0,1,1.4554896511734424e-05,0.0
Genredenouement03,0,1,0,1,1.4554896511734424e-05,0.0
Schwertlicht42,0,1,0,1,1.4554896511734424e-05,0.0
centralfloridadad,0,1,0,1,1.4554896511734424e-05,0.0
Mainegurl143,0,1,0,1,1.4554896511734424e-05,0.0
ReasonableRevenue218,0,1,0,1,1.4554896511734424e-05,0.0
Prudent-Jellyfish403,0,1,0,1,1.4554896511734424e-05,0.0
themoistcassette,0,1,0,1,1.4554896511734424e-05,0.0
WiedBrews,0,1,0,1,1.4554896511734424e-05,0.0
ABSMeyneth,0,1,0,1,1.4554896511734424e-05,0.0
Icy_Construction9405,0,1,0,1,1.4554896511734424e-05,0.0
xjusablurr,0,1,0,1,1.4554896511734424e-05,0.0
snaketacular,0,1,0,1,1.4554896511734424e-05,0.0
dinabandhuda,0,1,0,1,1.4554896511734424e-05,0.0
cervidal2,0,1,0,1,1.4554896511734424e-05,0.0
No-Setting9690,0,1,0,1,1.4554896511734424e-05,0.0
MapacheJones,0,1,0,1,1.4554896511734424e-05,0.0
SuperRob,0,1,0,1,1.4554896511734424e-05,0.0
AlgaeFew8512,0,1,0,1,1.4554896511734424e-05,0.0
Specialist_Goat_2354,0,1,0,1,1.4554896511734424e-05,0.0
Money_Grocery_514,0,1,0,1,1.4554896511734424e-05,0.0
Leading_Aerie7747,0,1,0,1,1.4554896511734424e-05,0.0
Biggman23,0,1,0,1,1.4554896511734424e-05,0.0
Left_Remote_8822,0,1,0,1,1.4554896511734424e-05,0.0
IamNotTheMama,0,1,0,1,1.4554896511734424e-05,0.0
jhar02,0,1,0,1,1.4554896511734424e-05,0.0
Due-Associate-8485,0,1,0,1,1.4554896511734424e-05,0.0
thomsenite256,0,1,0,1,1.4554896511734424e-05,0.0
Time_Ad_6741,0,1,0,1,1.4554896511734424e-05,0.0
last_function_23,0,1,0,1,1.4554896511734424e-05,0.0
Acefr,0,1,0,1,1.4554896511734424e-05,0.0
TeenzBeenz,0,1,0,1,1.4554896511734424e-05,0.0
OddPressure7593,0,1,0,1,1.4554896511734424e-05,0.0
Happy_Macaroon2726,0,1,0,1,1.4554896511734424e-05,0.0
NeartAgusOnoir,0,1,0,1,1.4554896511734424e-05,0.0
evilmaus,0,1,0,1,1.4554896511734424e-05,0.0
regenbogenx,0,1,0,1,1.4554896511734424e-05,0.0
COV3RTSM,0,1,0,1,1.4554896511734424e-05,0.0
Grizzly_Berry,0,2,0,2,1.4554896511734424e-05,0.0
defk3000,0,1,0,1,1.4554896511734424e-05,0.0
RelativeTangerine757,0,1,0,1,1.4554896511734424e-05,0.0
VrinTheTerrible,0,1,0,1,1.4554896511734424e-05,0.0
kapitaalH,0,1,0,1,1.4554896511734424e-05,0.0
Ok_Hand_7500,0,1,0,1,1.4554896511734424e-05,0.0
Sherlock_House,0,1,0,1,1.4554896511734424e-05,0.0
GBBL,0,1,0,1,1.4554896511734424e-05,0.0
BusinessBar8077,0,1,0,1,1.4554896511734424e-05,0.0
billythygoat,0,1,0,1,1.4554896511734424e-05,0.0
FullMooseParty,0,1,0,1,1.4554896511734424e-05,0.0
obviouslybait,0,1,0,1,1.4554896511734424e-05,0.0
anewaccount69420,0,1,0,1,1.4554896511734424e-05,0.0
punkwalrus,0,1,0,1,1.4554896511734424e-05,0.0
MisterMonsPubis,0,1,0,1,1.4554896511734424e-05,0.0
Sideshow_G,0,1,0,1,1.4554896511734424e-05,0.0
Reasonable-Mess3070,0,1,0,1,1.4554896511734424e-05,0.0
Antilock049,0,1,0,1,1.4554896511734424e-05,0.0
Ooogabooga42,0,1,0,1,1.4554896511734424e-05,0.0
Grouchy_Reach_382,0,1,0,1,1.4554896511734424e-05,0.0
No_Try6944,0,1,0,1,1.4554896511734424e-05,0.0
Gabriel8404,0,1,0,1,1.4554896511734424e-05,0.0
sillysteen,0,1,0,1,1.4554896511734424e-05,0.0
Souls_Aspire,0,2,0,2,1.4554896511734424e-05,0.0
Mr-Snarky,0,1,0,1,1.4554896511734424e-05,0.0
Herban_Myth,0,1,0,1,1.4554896511734424e-05,0.0
Effective_Promise581,0,1,0,1,1.4554896511734424e-05,0.0
bjnono001,0,1,0,1,1.4554896511734424e-05,0.0
StillPurpleDog,0,1,0,1,1.4554896511734424e-05,0.0
la_capitana,0,1,0,1,1.4554896511734424e-05,0.0
Cheesybox,0,1,0,1,1.4554896511734424e-05,0.0
Accomplished-Can-467,0,1,0,1,1.4554896511734424e-05,0.0
North-Creative,0,1,0,1,1.4554896511734424e-05,0.0
JuanFromApple,0,1,0,1,1.4554896511734424e-05,0.0
TrickyLobster,0,1,0,1,1.4554896511734424e-05,0.0
Jojopaton,0,1,0,1,1.4554896511734424e-05,0.0
RainWorshipper,0,1,0,1,1.4554896511734424e-05,0.0
pvlp,0,1,0,1,1.4554896511734424e-05,0.0
Content_Election_218,0,1,0,1,1.4554896511734424e-05,0.0
Owl_Queen9,0,1,0,1,1.4554896511734424e-05,0.0
Hootinger,0,1,0,1,1.4554896511734424e-05,0.0
CLOUDSURFER6,0,1,0,1,1.4554896511734424e-05,0.0
Dangerous_Play8787,0,1,0,1,1.4554896511734424e-05,0.0
DanceDifferent3029,0,1,0,1,1.4554896511734424e-05,0.0
Mariah-Scary,0,2,0,2,1.4554896511734424e-05,0.0
rayshegoes,0,1,0,1,1.4554896511734424e-05,0.0
emjayess9,0,1,0,1,1.4554896511734424e-05,0.0
ApexMM,0,1,0,1,1.4554896511734424e-05,0.0
Iusemyhands,0,1,0,1,1.4554896511734424e-05,0.0
MrSpicyhedgehog,0,1,0,1,1.4554896511734424e-05,0.0
rexonamilo,0,1,0,1,1.4554896511734424e-05,0.0
OberonsGhost,0,1,0,1,1.4554896511734424e-05,0.0
Apart-Disk-4923,0,1,0,1,1.4554896511734424e-05,0.0
Quirky-Coat3068,0,1,0,1,1.4554896511734424e-05,0.0
YtterbianMankey,0,1,0,1,1.4554896511734424e-05,0.0
Brave-Temperature211,0,1,0,1,1.4554896511734424e-05,0.0
smol3stb3an,0,1,0,1,1.4554896511734424e-05,0.0
Western-Diver9634,0,1,0,1,1.4554896511734424e-05,0.0
san_dilego,0,1,0,1,1.4554896511734424e-05,0.0
retro_dabble,0,1,0,1,1.4554896511734424e-05,0.0
ocktick,0,1,0,1,1.4554896511734424e-05,0.0
PolarisOfFortune,0,1,0,1,1.4554896511734424e-05,0.0
Illustrious_Year8113,0,1,0,1,1.4554896511734424e-05,0.0
Experience242,0,1,0,1,1.4554896511734424e-05,0.0
Decent-Pirate-4329,0,1,0,1,1.4554896511734424e-05,0.0
kingfelix333,0,1,0,1,1.4554896511734424e-05,0.0
usepunznotgunz,0,1,0,1,1.4554896511734424e-05,0.0
canadug,0,1,0,1,1.4554896511734424e-05,0.0
ComputingGuitarist,0,1,0,1,1.4554896511734424e-05,0.0
Impressive-Minimum65,0,1,0,1,1.4554896511734424e-05,0.0
Mediocre_Ant_437,0,1,0,1,1.4554896511734424e-05,0.0
justanother-eboy,0,1,0,1,1.4554896511734424e-05,0.0
FaithlessnessSea859,0,1,0,1,1.4554896511734424e-05,0.0
CaptainInvictusAnim,0,1,0,1,1.4554896511734424e-05,0.0
Mother_Weakness8927,0,1,0,1,1.4554896511734424e-05,0.0
Nj_Kobe,0,1,0,1,1.4554896511734424e-05,0.0
Existing_Charity_818,0,1,0,1,1.4554896511734424e-05,0.0
Intricatetrinkets,0,1,0,1,1.4554896511734424e-05,0.0
anisotropicmind,0,1,0,1,1.4554896511734424e-05,0.0
randomwords74,0,1,0,1,1.4554896511734424e-05,0.0
Kattymcgie,0,2,0,2,1.4554896511734424e-05,0.0
frugallawn,0,1,0,1,1.4554896511734424e-05,0.0
LopsidedCat8938,0,1,0,1,1.4554896511734424e-05,0.0
Aglyayepanchin,0,1,0,1,1.4554896511734424e-05,0.0
ogfantom,0,1,0,1,1.4554896511734424e-05,0.0
Dazzlebiscuits,0,1,0,1,1.4554896511734424e-05,0.0
NefariousnessIll8665,0,1,0,1,1.4554896511734424e-05,0.0
dark_lord_chuckles,0,1,0,1,1.4554896511734424e-05,0.0
Snowball_effect2024,0,1,0,1,1.4554896511734424e-05,0.0
PineappleChanclas,0,1,0,1,1.4554896511734424e-05,0.0
mongobob666,0,1,0,1,1.4554896511734424e-05,0.0
InevitableRhubarb232,0,1,0,1,1.4554896511734424e-05,0.0
Guilty_Albatross_411,0,1,0,1,1.4554896511734424e-05,0.0
Toadfire,0,1,0,1,1.4554896511734424e-05,0.0
MatchedFilter,0,1,0,1,1.4554896511734424e-05,0.0
Alone_Advertising317,0,1,0,1,1.4554896511734424e-05,0.0
TenaceErbaccia,0,1,0,1,1.4554896511734424e-05,0.0
Alligator418,0,1,0,1,1.4554896511734424e-05,0.0
Gvillegator,0,1,0,1,1.4554896511734424e-05,0.0
Arichikunorikuto,0,1,0,1,1.4554896511734424e-05,0.0
toastham,0,1,0,1,1.4554896511734424e-05,0.0
Weekly_Rock_5440,0,1,0,1,1.4554896511734424e-05,0.0
EvilSavant30,0,1,0,1,1.4554896511734424e-05,0.0
Mylifemess,0,1,0,1,1.4554896511734424e-05,0.0
iloveyoumiri,0,1,0,1,1.4554896511734424e-05,0.0
TripleT89,0,1,0,1,1.4554896511734424e-05,0.0
HoratioPLivingston,0,1,0,1,1.4554896511734424e-05,0.0
timohtea,0,1,0,1,1.4554896511734424e-05,0.0
NYGiants110,0,1,0,1,1.4554896511734424e-05,0.0
rpool179,0,1,0,1,1.4554896511734424e-05,0.0
FaithlessnessFit9387,0,1,0,1,1.4554896511734424e-05,0.0
themanalyst,0,1,0,1,1.4554896511734424e-05,0.0
Holiday-Scholar4667,0,1,0,1,1.4554896511734424e-05,0.0
mihhink,0,1,0,1,1.4554896511734424e-05,0.0
Forever_Marie,0,1,0,1,1.4554896511734424e-05,0.0
SuperSaiyanTupac,0,1,0,1,1.4554896511734424e-05,0.0
rakeshsh,0,1,0,1,1.4554896511734424e-05,0.0
RevolutionaryPhoto24,0,1,0,1,1.4554896511734424e-05,0.0
Mwahaha_790,0,1,0,1,1.4554896511734424e-05,0.0
gacimba,0,1,0,1,1.4554896511734424e-05,0.0
it_is_Karo,0,1,0,1,1.4554896511734424e-05,0.0
Patriot_on_Defense,0,1,0,1,1.4554896511734424e-05,0.0
Resident_Citron_6905,0,1,0,1,1.4554896511734424e-05,0.0
hungariannastyboy,0,1,0,1,1.4554896511734424e-05,0.0
Medical-Object-4322,0,1,0,1,1.4554896511734424e-05,0.0
No_Witness_4000,0,1,0,1,1.4554896511734424e-05,0.0
HawaiiNintendo815,0,1,0,1,1.4554896511734424e-05,0.0
nashyall,0,1,0,1,1.4554896511734424e-05,0.0
_-_-_Locke_-_-_,0,1,0,1,1.4554896511734424e-05,0.0
NoRaspberry9584,0,1,0,1,1.4554896511734424e-05,0.0
Ok_Part_7051,0,1,0,1,1.4554896511734424e-05,0.0
riomp300,0,1,0,1,1.4554896511734424e-05,0.0
GreedyGerbil,0,1,0,1,1.4554896511734424e-05,0.0
FunSheepherder6397,0,1,0,1,1.4554896511734424e-05,0.0
Allcent,0,1,0,1,1.4554896511734424e-05,0.0
bdemon40,0,1,0,1,1.4554896511734424e-05,0.0
Chill-more1236,0,2,0,2,1.4554896511734424e-05,0.0
Grantmepm,0,1,0,1,1.4554896511734424e-05,0.0
not-halsey,0,1,0,1,1.4554896511734424e-05,0.0
OkGrade1686,0,1,0,1,1.4554896511734424e-05,0.0
IntergalacticLaxativ,0,1,0,1,1.4554896511734424e-05,0.0
hotwheelearl,0,1,0,1,1.4554896511734424e-05,0.0
dangeldud,0,1,0,1,1.4554896511734424e-05,0.0
S3jp4kCZE,0,1,0,1,1.4554896511734424e-05,0.0
EJ2600,0,1,0,1,1.4554896511734424e-05,0.0
bladedspokes,0,1,0,1,1.4554896511734424e-05,0.0
FNFactChecker,0,1,0,1,1.4554896511734424e-05,0.0
BallinLikeimKD,0,1,0,1,1.4554896511734424e-05,0.0
Terrible_Housing_433,0,1,0,1,1.4554896511734424e-05,0.0
nycbroncos,0,1,0,1,1.4554896511734424e-05,0.0
toddestan,0,1,0,1,1.4554896511734424e-05,0.0
JiveTurkey927,0,1,0,1,1.4554896511734424e-05,0.0
General-Section-5328,0,1,0,1,1.4554896511734424e-05,0.0
DJayLeno,0,1,0,1,1.4554896511734424e-05,0.0
Moose135A,0,1,0,1,1.4554896511734424e-05,0.0
DeadInternetTheorist,0,1,0,1,1.4554896511734424e-05,0.0
2OutsSoWhat,0,1,0,1,1.4554896511734424e-05,0.0
Ok_Teacher6490,0,1,0,1,1.4554896511734424e-05,0.0
I_Call_Bullsh-t,0,1,0,1,1.4554896511734424e-05,0.0
Midnightfeelingright,0,1,0,1,1.4554896511734424e-05,0.0
Eremitt,0,1,0,1,1.4554896511734424e-05,0.0
Elvira333,0,1,0,1,1.4554896511734424e-05,0.0
Mark_Michigan,0,1,0,1,1.4554896511734424e-05,0.0
mathtech,0,1,0,1,1.4554896511734424e-05,0.0
wilysubterfuge,0,1,0,1,1.4554896511734424e-05,0.0
atomsk404,0,1,0,1,1.4554896511734424e-05,0.0
No-Plankton193,0,1,0,1,1.4554896511734424e-05,0.0
ShroedingerCat,0,1,0,1,1.4554896511734424e-05,0.0
Own-Secret-6523,0,1,0,1,1.4554896511734424e-05,0.0
wsrs25,0,1,0,1,1.4554896511734424e-05,0.0
LOL-Enforcement,0,1,0,1,1.4554896511734424e-05,0.0
jocall56,0,1,0,1,1.4554896511734424e-05,0.0
ImpossibleSherbet722,0,1,0,1,1.4554896511734424e-05,0.0
Distinct-Shift-4094,0,1,0,1,1.4554896511734424e-05,0.0
omgFWTbear,0,1,0,1,1.4554896511734424e-05,0.0
jk147,0,1,0,1,1.4554896511734424e-05,0.0
HayAndLemons,0,1,0,1,1.4554896511734424e-05,0.0
wildjackalope,0,1,0,1,1.4554896511734424e-05,0.0
archimatecture,0,1,0,1,1.4554896511734424e-05,0.0
SightUnseen1337,0,1,0,1,1.4554896511734424e-05,0.0
Lovedd1,0,1,0,1,1.4554896511734424e-05,0.0
andresopeth,0,1,0,1,1.4554896511734424e-05,0.0
ryou25,0,1,0,1,1.4554896511734424e-05,0.0
RunsfromWisdom,0,1,0,1,1.4554896511734424e-05,0.0
Imhidingfromu,0,1,0,2,1.4554896511734424e-05,0.0
Ridiculicious71,0,1,0,1,1.4554896511734424e-05,0.0
ColbyAndrew,0,1,0,1,1.4554896511734424e-05,0.0
jules6815,0,1,0,1,1.4554896511734424e-05,0.0
Alarming_Ask_244,0,1,0,1,1.4554896511734424e-05,0.0
MysteriousB,0,1,0,1,1.4554896511734424e-05,0.0
Gamestonkape,0,1,0,1,1.4554896511734424e-05,0.0
banananailgun,0,1,0,1,1.4554896511734424e-05,0.0
CitronTraining2114,0,1,0,1,1.4554896511734424e-05,0.0
Stunning-Use-7052,0,1,0,1,1.4554896511734424e-05,0.0
SpiritedOwl_2298,0,1,0,1,1.4554896511734424e-05,0.0
Odd-Law8794,0,1,0,1,1.4554896511734424e-05,0.0
TricellCEO,0,1,0,1,1.4554896511734424e-05,0.0
AussieArlenBales,0,1,0,1,1.4554896511734424e-05,0.0
RSMeansPimp,0,1,0,1,1.4554896511734424e-05,0.0
Joeness84,0,2,0,2,1.4554896511734424e-05,0.0
PoisonIvyCrotch,0,1,0,1,1.4554896511734424e-05,0.0
UOLZEPHYR,0,1,0,1,1.4554896511734424e-05,0.0
NuYawker,0,1,0,1,1.4554896511734424e-05,0.0
wowwhyarenamesautoge,0,1,0,1,1.4554896511734424e-05,0.0
BullshiticusRex,0,1,0,1,1.4554896511734424e-05,0.0
AgainandBack,0,1,0,1,1.4554896511734424e-05,0.0
KlingeGeist,0,1,0,1,1.4554896511734424e-05,0.0
snow_thief,0,1,0,1,1.4554896511734424e-05,0.0
MagnoliaLA,0,1,0,1,1.4554896511734424e-05,0.0
Urban_animal,0,1,0,1,1.4554896511734424e-05,0.0
throwawaydisposable,0,1,0,1,1.4554896511734424e-05,0.0
--Clintoris--,0,1,0,1,1.4554896511734424e-05,0.0
MegatronusThePrime,0,1,0,1,1.4554896511734424e-05,0.0
WarC0mmander,0,1,0,1,1.4554896511734424e-05,0.0
Tired-CottonCandy,0,1,0,1,1.4554896511734424e-05,0.0
Upbeat_Literature483,0,1,0,1,1.4554896511734424e-05,0.0
geekyheart225,0,1,0,1,1.4554896511734424e-05,0.0
Tall_Wonder_913,0,1,0,1,1.4554896511734424e-05,0.0
dbbq_,0,1,0,1,1.4554896511734424e-05,0.0
Remarkable-Ad3665,0,1,0,1,1.4554896511734424e-05,0.0
RhubarbNational7599,0,1,0,1,1.4554896511734424e-05,0.0
amalgamofq,0,1,0,1,1.4554896511734424e-05,0.0
ActiveChairs,0,1,0,1,1.4554896511734424e-05,0.0
throwaway098786353,0,1,0,1,1.4554896511734424e-05,0.0
3y3zW1ld0p3n,0,1,0,1,1.4554896511734424e-05,0.0
EmuSupreme,0,1,0,1,1.4554896511734424e-05,0.0
Worried-Register7519,0,1,0,1,1.4554896511734424e-05,0.0
_another_throwawayy_,0,1,0,1,1.4554896511734424e-05,0.0
Eighth_Octavarium,0,1,0,1,1.4554896511734424e-05,0.0
GEARHEADGus,0,1,0,1,1.4554896511734424e-05,0.0
CanaDoug420,0,1,0,1,1.4554896511734424e-05,0.0
Equivalent-Shine5742,0,1,0,1,1.4554896511734424e-05,0.0
CelebrationWilling61,0,1,0,1,1.4554896511734424e-05,0.0
Fun_Friens,0,1,0,1,1.4554896511734424e-05,0.0
KhausTO,0,1,0,1,1.4554896511734424e-05,0.0
SwordfishOk504,0,1,0,1,1.4554896511734424e-05,0.0
Dry_Win_9985,0,1,0,1,1.4554896511734424e-05,0.0
Free_Floor291,0,1,0,1,1.4554896511734424e-05,0.0
DowntownBake8289,0,1,0,1,1.4554896511734424e-05,0.0
Strainedgoals,0,1,0,1,1.4554896511734424e-05,0.0
ButteredPizza69420,0,1,0,1,1.4554896511734424e-05,0.0
No-Load2374,0,1,0,1,1.4554896511734424e-05,0.0
3sc0b,0,1,0,1,1.4554896511734424e-05,0.0
Cthulhu_Dreams_,0,1,0,1,1.4554896511734424e-05,0.0
gwizonedam,0,1,0,1,1.4554896511734424e-05,0.0
bugi_,0,1,0,1,1.4554896511734424e-05,0.0
Ismoketobaccoinabong,0,1,0,1,1.4554896511734424e-05,0.0
TopRamenisha,0,1,0,1,1.4554896511734424e-05,0.0
FrozenDickuri,0,1,0,1,1.4554896511734424e-05,0.0
sidthasloth4,0,1,0,1,1.4554896511734424e-05,0.0
trifecta000,0,1,0,1,1.4554896511734424e-05,0.0
RWSloths,0,1,0,1,1.4554896511734424e-05,0.0
NeverForgetChainRule,0,1,0,1,1.4554896511734424e-05,0.0
Aromatic-Mango8736,0,1,0,1,1.4554896511734424e-05,0.0
New-Significance9649,0,1,0,1,1.4554896511734424e-05,0.0
HolyMustard,0,1,0,1,1.4554896511734424e-05,0.0
Shinzo19,0,1,0,1,1.4554896511734424e-05,0.0
SnooRegrets1386,0,1,0,1,1.4554896511734424e-05,0.0
Imfrank123,0,1,0,1,1.4554896511734424e-05,0.0
blueblunts,0,1,0,1,1.4554896511734424e-05,0.0
Even_Significance485,0,1,0,1,1.4554896511734424e-05,0.0
downvotespolitical,0,1,0,1,1.4554896511734424e-05,0.0
pinkdictator,0,1,0,1,1.4554896511734424e-05,0.0
stiffgordons,0,1,0,1,1.4554896511734424e-05,0.0
notkiddingagain,0,1,0,1,1.4554896511734424e-05,0.0
PunctuationsOptional,0,1,0,1,1.4554896511734424e-05,0.0
iliketinafey,0,1,0,1,1.4554896511734424e-05,0.0
Boomerang_Lizard,0,1,0,1,1.4554896511734424e-05,0.0
Relevant_Flamingo624,0,1,0,1,1.4554896511734424e-05,0.0
shesbaaack,0,1,0,1,1.4554896511734424e-05,0.0
Original-Pomelo6241,0,1,0,1,1.4554896511734424e-05,0.0
campbell-1,0,1,0,1,1.4554896511734424e-05,0.0
StatelyAutomaton,0,1,0,1,1.4554896511734424e-05,0.0
Funnychemicals,0,1,0,1,1.4554896511734424e-05,0.0
Ok-Matter2337,0,1,0,1,1.4554896511734424e-05,0.0
JoeeyMKT,0,1,0,1,1.4554896511734424e-05,0.0
-peas-,0,1,0,1,1.4554896511734424e-05,0.0
LadyGreyIcedTea,0,1,0,1,1.4554896511734424e-05,0.0
Mean-Tangerine-2103,0,1,0,1,1.4554896511734424e-05,0.0
sneakytwitch9,0,1,0,1,1.4554896511734424e-05,0.0
funtimescoolguy,0,1,0,1,1.4554896511734424e-05,0.0
someonelost1,0,1,0,1,1.4554896511734424e-05,0.0
Alien-Disclosure,0,1,0,1,1.4554896511734424e-05,0.0
Ok-Scallion7050,0,1,0,1,1.4554896511734424e-05,0.0
kroovygurl,0,1,0,1,1.4554896511734424e-05,0.0
IdkRandomNameIGuess,0,1,0,1,1.4554896511734424e-05,0.0
fade_back,0,1,0,1,1.4554896511734424e-05,0.0
febstars,0,2,0,2,1.4554896511734424e-05,0.0
GothicToast,0,1,0,1,1.4554896511734424e-05,0.0
gittenlucky,0,1,0,1,1.4554896511734424e-05,0.0
khelvaster,0,1,0,1,1.4554896511734424e-05,0.0
MichelNdjock,0,1,0,1,1.4554896511734424e-05,0.0
Ill-Estimate5628,0,2,0,2,1.4554896511734424e-05,0.0
Intelligent_Storm_77,0,1,0,1,1.4554896511734424e-05,0.0
Devers147,0,1,0,1,1.4554896511734424e-05,0.0
North_Class8300,0,1,0,1,1.4554896511734424e-05,0.0
discardedbubble,0,1,0,1,1.4554896511734424e-05,0.0
Quick-Comedian-9453,0,1,0,1,1.4554896511734424e-05,0.0
Key-Cry-4008,0,1,0,1,1.4554896511734424e-05,0.0
Nexium07,0,1,0,1,1.4554896511734424e-05,0.0
Zal3x,0,1,0,1,1.4554896511734424e-05,0.0
QualityAdorable5902,0,1,0,1,1.4554896511734424e-05,0.0
herseyhawkins33,0,1,0,1,1.4554896511734424e-05,0.0
Material-Public-914,0,1,0,1,1.4554896511734424e-05,0.0
Nice_Juggernaut4113,0,1,0,1,1.4554896511734424e-05,0.0
darknight7884,0,1,0,1,1.4554896511734424e-05,0.0
randol-official,0,1,0,1,1.4554896511734424e-05,0.0
Different-Pea2718,0,1,0,1,1.4554896511734424e-05,0.0
SomethingAbtU,0,1,0,1,1.4554896511734424e-05,0.0
chasmasaurus,0,1,0,1,1.4554896511734424e-05,0.0
Soy_ChaiLatte,0,1,0,1,1.4554896511734424e-05,0.0
Capital_Put_450,0,1,0,1,1.4554896511734424e-05,0.0
Billy_the_Kid_,0,1,0,1,1.4554896511734424e-05,0.0
rp2chil,0,1,0,1,1.4554896511734424e-05,0.0
Other-Zone-4794,0,1,0,1,1.4554896511734424e-05,0.0
chatnoire89,0,1,0,1,1.4554896511734424e-05,0.0
hrmnog,0,1,0,1,1.4554896511734424e-05,0.0
RanaMisteria,0,1,0,1,1.4554896511734424e-05,0.0
Salty_Boysenberries,0,1,0,1,1.4554896511734424e-05,0.0
Katolu,0,1,0,1,1.4554896511734424e-05,0.0
refusestopoop,0,1,0,1,1.4554896511734424e-05,0.0
olivethelightss,0,1,0,1,1.4554896511734424e-05,0.0
BITCHarbor,0,1,0,1,1.4554896511734424e-05,0.0
FoodCourtBailiff,0,1,0,1,1.4554896511734424e-05,0.0
Chemical-Problem9071,0,1,0,1,1.4554896511734424e-05,0.0
meestermanager,0,1,0,1,1.4554896511734424e-05,0.0
Sea_Director4445,0,1,0,1,1.4554896511734424e-05,0.0
Nessa0707,0,1,0,1,1.4554896511734424e-05,0.0
Ecstatic-Welcome-119,0,1,0,1,1.4554896511734424e-05,0.0
jantessa,0,1,0,1,1.4554896511734424e-05,0.0
goos_,0,1,0,1,1.4554896511734424e-05,0.0
MissChievous473,0,1,0,1,1.4554896511734424e-05,0.0
SnooSprouts4952,0,1,0,1,1.4554896511734424e-05,0.0
That49er,0,1,0,1,1.4554896511734424e-05,0.0
VanSmashh,0,1,0,1,1.4554896511734424e-05,0.0
Fun-Confidence-6232,0,1,0,1,1.4554896511734424e-05,0.0
Helpyjoe88,0,1,0,1,1.4554896511734424e-05,0.0
Shroomtune,0,2,0,2,1.4554896511734424e-05,0.0
Distinct_Sir_4473,0,1,0,1,1.4554896511734424e-05,0.0
MaidenMarewa,0,1,0,1,1.4554896511734424e-05,0.0
Lastraven587,0,1,0,1,1.4554896511734424e-05,0.0
kannagms,0,1,0,1,1.4554896511734424e-05,0.0
bluexplus,0,1,0,1,1.4554896511734424e-05,0.0
TheDollarstoreDoctor,0,1,0,1,1.4554896511734424e-05,0.0
Brilliant_Telephone4,0,1,0,1,1.4554896511734424e-05,0.0
YearOfTheSssnake,0,1,0,1,1.4554896511734424e-05,0.0
Little_C0ffee_Bean,0,1,0,1,1.4554896511734424e-05,0.0
Public_Tangerine7613,0,1,0,1,1.4554896511734424e-05,0.0
Modern_Misdoing,0,1,0,1,1.4554896511734424e-05,0.0
Extraordinary1996,0,1,0,1,1.4554896511734424e-05,0.0
JeremiahsBirdsnBikes,0,1,0,1,1.4554896511734424e-05,0.0
icecreamfight,0,1,0,1,1.4554896511734424e-05,0.0
Different_Career1009,0,1,0,1,1.4554896511734424e-05,0.0
MyCatLovesChips,0,1,0,1,1.4554896511734424e-05,0.0
SparklyBonsai,0,1,0,1,1.4554896511734424e-05,0.0
SmooK_LV,0,1,0,1,1.4554896511734424e-05,0.0
Blue_Etalon,0,1,0,1,1.4554896511734424e-05,0.0
Upstairs_Heat_538,0,1,0,1,1.4554896511734424e-05,0.0
toodleoo77,0,1,0,1,1.4554896511734424e-05,0.0
More-Tune-5100,0,1,0,1,1.4554896511734424e-05,0.0
TheWeaversBeam,0,1,0,1,1.4554896511734424e-05,0.0
poohdawg_789,0,1,0,1,1.4554896511734424e-05,0.0
monsteralvr1,0,1,0,1,1.4554896511734424e-05,0.0
Mayor_of_BBQ,0,1,0,1,1.4554896511734424e-05,0.0
queef-o,0,1,0,1,1.4554896511734424e-05,0.0
Lifetwozero,0,1,0,1,1.4554896511734424e-05,0.0
dvd102k,0,1,0,1,1.4554896511734424e-05,0.0
MIHAc27,0,1,0,1,1.4554896511734424e-05,0.0
Revolverblue85,0,1,0,1,1.4554896511734424e-05,0.0
Bireus,0,1,0,1,1.4554896511734424e-05,0.0
Successful_Math_6961,0,1,0,1,1.4554896511734424e-05,0.0
pooborus,0,1,0,1,1.4554896511734424e-05,0.0
Any_Yogurtcloset265,0,1,0,1,1.4554896511734424e-05,0.0
astronautsuitss,0,1,0,1,1.4554896511734424e-05,0.0
Alisseswap,0,1,0,1,1.4554896511734424e-05,0.0
OneSaucyPlayer,0,1,0,1,1.4554896511734424e-05,0.0
ArizonaGuy59,0,1,0,1,1.4554896511734424e-05,0.0
DraftZebra,0,1,0,1,1.4554896511734424e-05,0.0
topfriend66,0,1,0,1,1.4554896511734424e-05,0.0
zerocnc,0,1,0,1,1.4554896511734424e-05,0.0
Sad_Salamander_3439,0,1,0,1,1.4554896511734424e-05,0.0
Longjumping_Fact_927,0,1,0,1,1.4554896511734424e-05,0.0
dreamyduskywing,0,1,0,1,1.4554896511734424e-05,0.0
Neo_505,0,1,0,1,1.4554896511734424e-05,0.0
BipBoTop,0,1,0,1,1.4554896511734424e-05,0.0
throWawayAccnT559278,0,1,0,1,1.4554896511734424e-05,0.0
DeveloperGuy75,0,1,0,1,1.4554896511734424e-05,0.0
HoagieThief,0,1,0,1,1.4554896511734424e-05,0.0
American_Greed,0,1,0,1,1.4554896511734424e-05,0.0
r0nni3RO,0,1,0,1,1.4554896511734424e-05,0.0
luckyflavor23,0,1,0,1,1.4554896511734424e-05,0.0
SingleInSeattle87,0,1,0,1,1.4554896511734424e-05,0.0
CentralMasshole1,0,1,0,1,1.4554896511734424e-05,0.0
momboss79,0,1,0,1,1.4554896511734424e-05,0.0
DoctorDabadedoo,0,1,0,1,1.4554896511734424e-05,0.0
hoptagon,0,1,0,1,1.4554896511734424e-05,0.0
Sevsquad,0,1,0,1,1.4554896511734424e-05,0.0
WakingUp44,0,1,0,1,1.4554896511734424e-05,0.0
SMF67,0,1,0,1,1.4554896511734424e-05,0.0
fiya4u,0,1,0,1,1.4554896511734424e-05,0.0
Pubesauce,0,1,0,1,1.4554896511734424e-05,0.0
topgeargorilla,0,1,0,1,1.4554896511734424e-05,0.0
Objective-Apple7805,0,1,0,1,1.4554896511734424e-05,0.0
essentialMike,0,2,0,2,1.4554896511734424e-05,0.0
ThrowAwayAccountAMZN,0,1,0,1,1.4554896511734424e-05,0.0
realized_loss,0,1,0,1,1.4554896511734424e-05,0.0
Sea_Lead1753,0,1,0,1,1.4554896511734424e-05,0.0
Guachito,0,1,0,1,1.4554896511734424e-05,0.0
TestingBrokenGadgets,0,1,0,1,1.4554896511734424e-05,0.0
Lopsided-Chip6014,0,1,0,1,1.4554896511734424e-05,0.0
Major_Lawfulness6122,0,1,0,1,1.4554896511734424e-05,0.0
MomsSpagetee,0,1,0,1,1.4554896511734424e-05,0.0
GermanPayroll,0,1,0,1,1.4554896511734424e-05,0.0
ReleaseExpensive7330,0,1,0,1,1.4554896511734424e-05,0.0
Unusual_Specialist,0,1,0,1,1.4554896511734424e-05,0.0
purplebrown_updown,0,1,0,1,1.4554896511734424e-05,0.0
iwantmymoneyback1,0,1,0,1,1.4554896511734424e-05,0.0
solarpowerspork,0,2,0,2,1.4554896511734424e-05,0.0
-_-_-_-_--__-__-__-,0,1,0,1,1.4554896511734424e-05,0.0
Funny-Temperature897,0,1,0,1,1.4554896511734424e-05,0.0
NothaBanga,0,1,0,1,1.4554896511734424e-05,0.0
Temporary_Fill7341,0,1,0,1,1.4554896511734424e-05,0.0
CellistDelicious1641,0,0,0,0,1.4554896511734424e-05,0.0
CreateChaos777,0,1,0,1,1.4554896511734424e-05,0.0
EveningSufficient636,0,1,0,1,1.4554896511734424e-05,0.0
Dependent_Mud3325,0,1,0,1,1.4554896511734424e-05,0.0
superluminal,0,1,0,1,1.4554896511734424e-05,0.0
Puzzlemethis-21,0,1,0,1,1.4554896511734424e-05,0.0
OkShop6524,0,1,0,1,1.4554896511734424e-05,0.0
Slow-Imagination3981,0,1,0,1,1.4554896511734424e-05,0.0
Wxskater,0,1,0,1,1.4554896511734424e-05,0.0
paventoso,0,1,0,1,1.4554896511734424e-05,0.0
Confident_Boat_8933,0,1,0,1,1.4554896511734424e-05,0.0
ShrnGold,0,1,0,1,1.4554896511734424e-05,0.0
tshirtxl,0,1,0,1,1.4554896511734424e-05,0.0
GothWitchOfBrooklyn,0,1,0,1,1.4554896511734424e-05,0.0
Maxsaidtransrights,0,1,0,1,1.4554896511734424e-05,0.0
growingstarseed,0,1,0,1,1.4554896511734424e-05,0.0
Raichu124,0,1,0,1,1.4554896511734424e-05,0.0
ZHPpilot,0,1,0,1,1.4554896511734424e-05,0.0
vampyrewolf,0,1,0,1,1.4554896511734424e-05,0.0
Ghost_of_Bartleby,0,1,0,1,1.4554896511734424e-05,0.0
Boring_Shallot1659,0,1,0,1,1.4554896511734424e-05,0.0
buildwithadrian,0,2,0,2,1.4554896511734424e-05,0.0
Novel_Vast4679,0,1,0,1,1.4554896511734424e-05,0.0
Agujetas_Serio,0,1,0,1,1.4554896511734424e-05,0.0
crono220,0,1,0,1,1.4554896511734424e-05,0.0
janabanana67,0,1,0,1,1.4554896511734424e-05,0.0
disfunktional2u,0,1,0,1,1.4554896511734424e-05,0.0
barbietattoo,0,1,0,1,1.4554896511734424e-05,0.0
Money-Instance,0,1,0,1,1.4554896511734424e-05,0.0
Go_Big_Resumes,0,1,0,1,1.4554896511734424e-05,0.0
pomnabo,0,1,0,1,1.4554896511734424e-05,0.0
ThisCharmingDan99,0,1,0,1,1.4554896511734424e-05,0.0
Make_itWork,0,1,0,1,1.4554896511734424e-05,0.0
Own-Major3234,0,1,0,1,1.4554896511734424e-05,0.0
pund_,0,1,0,1,1.4554896511734424e-05,0.0
FearlessPanda03108,0,1,0,1,1.4554896511734424e-05,0.0
LifeOfSpirit17,0,1,0,1,1.4554896511734424e-05,0.0
slin1110,0,1,0,1,1.4554896511734424e-05,0.0
McCloud1595,0,1,0,1,1.4554896511734424e-05,0.0
hasoci,0,1,0,1,1.4554896511734424e-05,0.0
aerglo29,0,1,0,1,1.4554896511734424e-05,0.0
Fancy_Goat685,0,1,0,1,1.4554896511734424e-05,0.0
douchequadbike,0,1,0,1,1.4554896511734424e-05,0.0
OGKushmanz,0,1,0,1,1.4554896511734424e-05,0.0
No_Engineering_718,0,1,0,1,1.4554896511734424e-05,0.0
Available-Snow-3022,0,1,0,1,1.4554896511734424e-05,0.0
Overall-Worth-2047,0,1,0,1,1.4554896511734424e-05,0.0
sheffieldnwaveland,0,1,0,1,1.4554896511734424e-05,0.0
careermentor47,0,1,0,1,1.4554896511734424e-05,0.0
Glass-Relationship-1,0,1,0,1,1.4554896511734424e-05,0.0
Illustrious_Fun_7682,0,1,0,1,1.4554896511734424e-05,0.0
Dapper_Help_3808,0,1,0,1,1.4554896511734424e-05,0.0
Kooky_Particular5107,0,1,0,1,1.4554896511734424e-05,0.0
SinTregua,0,1,0,1,1.4554896511734424e-05,0.0
qazu7,0,1,0,1,1.4554896511734424e-05,0.0
FitDaikon2001,0,1,0,1,1.4554896511734424e-05,0.0
ghostandgirl,0,1,0,1,1.4554896511734424e-05,0.0
Rain-Bat,0,1,0,1,1.4554896511734424e-05,0.0
SensitiveMagician385,0,1,0,1,1.4554896511734424e-05,0.0
Thick_Anteater_6608,0,1,0,1,1.4554896511734424e-05,0.0
yeah-it-sucks,0,1,0,1,1.4554896511734424e-05,0.0
Squareone1996,0,1,0,1,1.4554896511734424e-05,0.0
JBHedgehog,0,1,0,1,1.4554896511734424e-05,0.0
No-Imagination-9724,0,1,0,1,1.4554896511734424e-05,0.0
BlondishAngel,0,1,0,1,1.4554896511734424e-05,0.0
tiffandleo,0,1,0,1,1.4554896511734424e-05,0.0
Puzzleheaded-Ear8046,0,1,0,1,1.4554896511734424e-05,0.0
ptm93,0,1,0,1,1.4554896511734424e-05,0.0
JesseMartins1,0,1,0,1,1.4554896511734424e-05,0.0
New_Manufacturer5975,0,1,0,1,1.4554896511734424e-05,0.0
friendoramigo,0,1,0,1,1.4554896511734424e-05,0.0
Oberon_17,0,1,0,1,1.4554896511734424e-05,0.0
baby_budda,0,1,0,1,1.4554896511734424e-05,0.0
vinceod,0,1,0,1,1.4554896511734424e-05,0.0
mtcandcoffee,0,1,0,1,1.4554896511734424e-05,0.0
_Tenderlion,0,1,0,1,1.4554896511734424e-05,0.0
Ok_Afternoon_8999,0,1,0,1,1.4554896511734424e-05,0.0
Glass_Pick9343,0,1,0,1,1.4554896511734424e-05,0.0
kolbyjack95,0,1,0,1,1.4554896511734424e-05,0.0
ExerciseEnough3955,0,1,0,1,1.4554896511734424e-05,0.0
Miserable-Tax-9178,0,1,0,1,1.4554896511734424e-05,0.0
czesio1212,0,1,0,1,1.4554896511734424e-05,0.0
giantZorg,0,1,0,1,1.4554896511734424e-05,0.0
SkyMelodic6511,0,1,0,1,1.4554896511734424e-05,0.0
GeckoGecko_,0,1,0,1,1.4554896511734424e-05,0.0
franktronic,0,1,0,1,1.4554896511734424e-05,0.0
Mr_Abe_Fromen,0,1,0,1,1.4554896511734424e-05,0.0
Thatmeowmie,0,1,0,1,1.4554896511734424e-05,0.0
beachbum_007,0,1,0,1,1.4554896511734424e-05,0.0
IolausTelcontar,0,1,0,1,1.4554896511734424e-05,0.0
Bmrtoyo,0,1,0,1,1.4554896511734424e-05,0.0
Strong__Lioness,0,1,0,1,1.4554896511734424e-05,0.0
Tinosdoggydaddy,0,1,0,1,1.4554896511734424e-05,0.0
SlowFrkHansen,0,1,0,1,1.4554896511734424e-05,0.0
begrudgingredditacc,0,1,0,1,1.4554896511734424e-05,0.0
Top_Meeting_7420,0,1,0,1,1.4554896511734424e-05,0.0
Vegaswaterguy,0,1,0,1,1.4554896511734424e-05,0.0
Able_Ear_4196,0,1,0,1,1.4554896511734424e-05,0.0
oroborus68,0,1,0,1,1.4554896511734424e-05,0.0
RaisingQQ77preFlop,0,1,0,1,1.4554896511734424e-05,0.0
Pleasant_Studio9690,0,1,0,1,1.4554896511734424e-05,0.0
Reputation-Final,0,1,0,1,1.4554896511734424e-05,0.0
Late-Resolve9871,0,1,0,1,1.4554896511734424e-05,0.0
murleytbag,0,1,0,1,1.4554896511734424e-05,0.0
RUfuqingkiddingme,0,1,0,1,1.4554896511734424e-05,0.0
Crutation,0,1,0,1,1.4554896511734424e-05,0.0
wegl13,0,1,0,1,1.4554896511734424e-05,0.0
Qaeta,0,1,0,1,1.4554896511734424e-05,0.0
LoseAnotherMill,0,1,0,1,1.4554896511734424e-05,0.0
Only_Luck_7024,0,1,0,1,1.4554896511734424e-05,0.0
Ok-Knowledge9154,0,1,0,1,1.4554896511734424e-05,0.0
RebekkaKat1990,0,1,0,1,1.4554896511734424e-05,0.0
coldequation,0,1,0,1,1.4554896511734424e-05,0.0
Specialist-Web-9216,0,1,0,1,1.4554896511734424e-05,0.0
PassorFail13,0,1,0,1,1.4554896511734424e-05,0.0
Sad_Blueberry_5645,0,1,0,1,1.4554896511734424e-05,0.0
RhinoWithATrunk,0,1,0,1,1.4554896511734424e-05,0.0
Repulsive-Apple8337,0,1,0,1,1.4554896511734424e-05,0.0
blissfully_happy,0,1,0,1,1.4554896511734424e-05,0.0
Prior-Chip-6909,0,1,0,1,1.4554896511734424e-05,0.0
CompleteTell6795,0,1,0,1,1.4554896511734424e-05,0.0
Playful_Annual3007,0,1,0,1,1.4554896511734424e-05,0.0
phenotype76,0,1,0,1,1.4554896511734424e-05,0.0
aerdvarkk,0,1,0,1,1.4554896511734424e-05,0.0
destonomos,0,1,0,1,1.4554896511734424e-05,0.0
GreasyPeter,0,1,0,1,1.4554896511734424e-05,0.0
compudude,0,1,0,1,1.4554896511734424e-05,0.0
tfcocs,0,1,0,1,1.4554896511734424e-05,0.0
EatRichGrains,0,1,0,1,1.4554896511734424e-05,0.0
Vergilly,0,1,0,1,1.4554896511734424e-05,0.0
Logical-Board-5124,0,1,0,1,1.4554896511734424e-05,0.0
fleshfinder420,0,1,0,1,1.4554896511734424e-05,0.0
StupidQuestionDepot,0,1,0,1,1.4554896511734424e-05,0.0
LockDown726,0,1,0,1,1.4554896511734424e-05,0.0
TurkeyBLTSandwich,0,1,0,1,1.4554896511734424e-05,0.0
Necessary_Foot_3440,0,1,0,1,1.4554896511734424e-05,0.0
NotFromStateFarmJake,0,1,0,1,1.4554896511734424e-05,0.0
JanineMachine,0,1,0,1,1.4554896511734424e-05,0.0
ammonthenephite,0,1,0,1,1.4554896511734424e-05,0.0
Initial-Beginning853,0,1,0,1,1.4554896511734424e-05,0.0
StardewAllyy,0,1,0,1,1.4554896511734424e-05,0.0
nlewis4,0,1,0,1,1.4554896511734424e-05,0.0
Saint_of_Grey,0,1,0,1,1.4554896511734424e-05,0.0
onceabananana,0,1,0,1,1.4554896511734424e-05,0.0
pynxem,0,1,0,1,1.4554896511734424e-05,0.0
triple-dog-dar3,0,1,0,1,1.4554896511734424e-05,0.0
ShittyRedditAppSucks,0,1,0,1,1.4554896511734424e-05,0.0
GustavHoller,0,1,0,1,1.4554896511734424e-05,0.0
bpenny,0,1,0,1,1.4554896511734424e-05,0.0
Unhappy_Ad_4761,0,1,0,1,1.4554896511734424e-05,0.0
UrineFilledAquarium,0,1,0,2,1.4554896511734424e-05,0.0
angrytroll123,0,1,0,1,1.4554896511734424e-05,0.0
nytebeast,0,1,0,1,1.4554896511734424e-05,0.0
TheOneAndOnlyABSR4,0,1,0,1,1.4554896511734424e-05,0.0
hatemakingnames1,0,1,0,1,1.4554896511734424e-05,0.0
Dave_1464,0,1,0,1,1.4554896511734424e-05,0.0
katinthewoodss,0,1,0,1,1.4554896511734424e-05,0.0
litux,0,1,0,1,1.4554896511734424e-05,0.0
whichonewerecowards,0,1,0,1,1.4554896511734424e-05,0.0
kamon405,0,1,0,1,1.4554896511734424e-05,0.0
ZombieFeedback,0,1,0,1,1.4554896511734424e-05,0.0
BeautifulHomework76,0,1,0,1,1.4554896511734424e-05,0.0
stefanopolis,0,1,0,1,1.4554896511734424e-05,0.0
SaltyCrashNerd,0,1,0,1,1.4554896511734424e-05,0.0
Pita_Girl,0,1,0,1,1.4554896511734424e-05,0.0
Mysterious-Way-5000,0,1,0,1,1.4554896511734424e-05,0.0
Full-Decision-9029,0,1,0,1,1.4554896511734424e-05,0.0
Divided_multiplyer,0,1,0,1,1.4554896511734424e-05,0.0
Tapingdrywallsucks,0,1,0,1,1.4554896511734424e-05,0.0
GiovanniBernardoneSi,0,1,0,2,1.4554896511734424e-05,0.0
Buzz266,0,1,0,1,1.4554896511734424e-05,0.0
TripMaster478,0,1,0,1,1.4554896511734424e-05,0.0
CoffeeStayn,0,1,0,1,1.4554896511734424e-05,0.0
BiscuitsandWavyGravy,0,1,0,1,1.4554896511734424e-05,0.0
shaunrundmc,0,1,0,1,1.4554896511734424e-05,0.0
LadyMageCOH,0,1,0,1,1.4554896511734424e-05,0.0
CynthiaChames,0,1,0,1,1.4554896511734424e-05,0.0
temp7542355,0,1,0,1,1.4554896511734424e-05,0.0
Shadowchaos1010,0,1,0,1,1.4554896511734424e-05,0.0
WildKarrdesEmporium,0,2,0,2,1.4554896511734424e-05,0.0
Puzzleheaded_Egg4386,0,1,0,1,1.4554896511734424e-05,0.0
Virtual-Armadillo806,0,1,0,1,1.4554896511734424e-05,0.0
Beneficial-Celery964,0,1,0,1,1.4554896511734424e-05,0.0
95castles,0,1,0,1,1.4554896511734424e-05,0.0
MarsupialPristine677,0,1,0,1,1.4554896511734424e-05,0.0
No-Garbage6027,0,1,0,1,1.4554896511734424e-05,0.0
cat4hurricane,0,1,0,1,1.4554896511734424e-05,0.0
Only_Faithlessness33,0,1,0,1,1.4554896511734424e-05,0.0
Distinct_Prior_2549,0,1,0,1,1.4554896511734424e-05,0.0
VoodooInfinity,0,1,0,1,1.4554896511734424e-05,0.0
igotsbeaverfever,0,1,0,1,1.4554896511734424e-05,0.0
elonzucks,0,1,0,1,1.4554896511734424e-05,0.0
misterjones4,0,1,0,1,1.4554896511734424e-05,0.0
notyourregularninja,0,1,0,1,1.4554896511734424e-05,0.0
lynnyfox,0,1,0,1,1.4554896511734424e-05,0.0
Wondercat87,0,1,0,1,1.4554896511734424e-05,0.0
Mguidr1,0,1,0,1,1.4554896511734424e-05,0.0
TimelyBear2471,0,1,0,1,1.4554896511734424e-05,0.0
RahsClotYute,0,1,0,1,1.4554896511734424e-05,0.0
crsh1976,0,1,0,1,1.4554896511734424e-05,0.0
Nic727,0,1,0,1,1.4554896511734424e-05,0.0
fjaoaoaoao,0,1,0,1,1.4554896511734424e-05,0.0
Augustulus753,0,1,0,1,1.4554896511734424e-05,0.0
KingOfEthanopia,0,1,0,1,1.4554896511734424e-05,0.0
StaticSand,0,1,0,1,1.4554896511734424e-05,0.0
tobi_ace,0,1,0,1,1.4554896511734424e-05,0.0
insert-haha-funny,0,1,0,1,1.4554896511734424e-05,0.0
sndrtj,0,2,0,2,1.4554896511734424e-05,0.0
PerpetualMediocress,0,1,0,1,1.4554896511734424e-05,0.0
thenewwwguyreturns,0,1,0,1,1.4554896511734424e-05,0.0
LaRealiteInconnue,0,1,0,1,1.4554896511734424e-05,0.0
null640,0,1,0,1,1.4554896511734424e-05,0.0
bubbrubb89,0,1,0,1,1.4554896511734424e-05,0.0
Constant_Loquat264,0,1,0,1,1.4554896511734424e-05,0.0
Potential_gamer2360,0,1,0,1,1.4554896511734424e-05,0.0
VulcanCookies,0,1,0,1,1.4554896511734424e-05,0.0
Insanity8016,0,1,0,1,1.4554896511734424e-05,0.0
iamnottheuser,0,1,0,1,1.4554896511734424e-05,0.0
Hastama,0,1,0,1,1.4554896511734424e-05,0.0
Glittering-Mirror602,0,1,0,1,1.4554896511734424e-05,0.0
Ragaraja14,0,1,0,1,1.4554896511734424e-05,0.0
strange-humor,0,1,0,1,1.4554896511734424e-05,0.0
Honestbabe2021,0,1,0,1,1.4554896511734424e-05,0.0
musicsalad,0,1,0,1,1.4554896511734424e-05,0.0
Competitive-Fee5262,0,1,0,1,1.4554896511734424e-05,0.0
Beo1217,0,1,0,1,1.4554896511734424e-05,0.0
_Ub1k,0,1,0,1,1.4554896511734424e-05,0.0
MyCockSmellsBad,0,1,0,1,1.4554896511734424e-05,0.0
Dco777,0,1,0,1,1.4554896511734424e-05,0.0
Longjumping_Chair53,0,1,0,1,1.4554896511734424e-05,0.0
sovietark,0,2,0,2,1.4554896511734424e-05,0.0
Severe-Walk6996,0,1,0,1,1.4554896511734424e-05,0.0
TravlRonfw,0,1,0,1,1.4554896511734424e-05,0.0
aspringbear,0,1,0,1,1.4554896511734424e-05,0.0
Visible_Ebathory,0,1,0,1,1.4554896511734424e-05,0.0
Honest_Ant_1270,0,1,0,1,1.4554896511734424e-05,0.0
sengutta1,0,1,0,1,1.4554896511734424e-05,0.0
Early_Guarantee_9532,0,1,0,1,1.4554896511734424e-05,0.0
borkyborkus,0,1,0,1,1.4554896511734424e-05,0.0
CandidateTerrible919,0,1,0,1,1.4554896511734424e-05,0.0
The_Grenade_Launcher,0,1,0,1,1.4554896511734424e-05,0.0
EchoOfDoom,0,1,0,1,1.4554896511734424e-05,0.0
GrewalParmjot,0,1,0,1,1.4554896511734424e-05,0.0
EntertainerOk4706,0,1,0,1,1.4554896511734424e-05,0.0
flair11a,0,1,0,1,1.4554896511734424e-05,0.0
cedz_malik,0,1,0,1,1.4554896511734424e-05,0.0
BigAbbreviations5546,0,1,0,1,1.4554896511734424e-05,0.0
Imaginary-Version10,0,1,0,1,1.4554896511734424e-05,0.0
Alphonso-Magnemius,0,1,0,1,1.4554896511734424e-05,0.0
Turbulent_Bus4262,0,1,0,1,1.4554896511734424e-05,0.0
auntierirah,0,1,0,1,1.4554896511734424e-05,0.0
jaectg,0,1,0,1,1.4554896511734424e-05,0.0
Abund-Ant,0,1,0,1,1.4554896511734424e-05,0.0
AssociationLivid6589,0,1,0,1,1.4554896511734424e-05,0.0
whisperingcactuss,0,1,0,1,1.4554896511734424e-05,0.0
Smart-Property-6798,0,1,0,1,1.4554896511734424e-05,0.0
BlameTheCoffeeBelly,0,1,0,1,1.4554896511734424e-05,0.0
Fabulous_Ladder_4876,0,1,0,1,1.4554896511734424e-05,0.0
Klutzy-Werewolf-7771,0,1,0,1,1.4554896511734424e-05,0.0
religiousjedi,0,1,0,1,1.4554896511734424e-05,0.0
BezRih,0,1,0,1,1.4554896511734424e-05,0.0
OldBlokeUsesAI,0,1,0,1,1.4554896511734424e-05,0.0
mrobicheaux99,0,1,0,1,1.4554896511734424e-05,0.0
No_Twist1827,0,1,0,1,1.4554896511734424e-05,0.0
razorchef,0,1,0,1,1.4554896511734424e-05,0.0
dnaoriginal,0,1,0,1,1.4554896511734424e-05,0.0
kaideleigh,0,1,0,1,1.4554896511734424e-05,0.0
Ok_Neighborhood_3148,0,1,0,1,1.4554896511734424e-05,0.0
WalidfromMorocco,0,1,0,1,1.4554896511734424e-05,0.0
4K4llDay,0,1,0,1,1.4554896511734424e-05,0.0
debtmaxxingg,0,1,0,1,1.4554896511734424e-05,0.0
treetimes,0,1,0,1,1.4554896511734424e-05,0.0
AggravatingTart7167,0,1,0,1,1.4554896511734424e-05,0.0
Holiday-Gaijin-1985,0,1,0,1,1.4554896511734424e-05,0.0
IM_INSIDE_YOUR_HOUSE,0,1,0,1,1.4554896511734424e-05,0.0
bobrosserman,0,1,0,1,1.4554896511734424e-05,0.0
Knoxius,0,1,0,1,1.4554896511734424e-05,0.0
FredTilson,0,1,0,1,1.4554896511734424e-05,0.0
fire-wannabe,0,1,0,1,1.4554896511734424e-05,0.0
AndreasDasos,0,1,0,1,1.4554896511734424e-05,0.0
OddBuy8266,0,1,0,1,1.4554896511734424e-05,0.0
deadR0,0,1,0,1,1.4554896511734424e-05,0.0
danappropriate,0,2,0,2,1.4554896511734424e-05,0.0
m3ngnificient,0,1,0,1,1.4554896511734424e-05,0.0
Difficult_Ad2864,0,1,0,1,1.4554896511734424e-05,0.0
antigop2020,0,1,0,1,1.4554896511734424e-05,0.0
New_Salamander_4592,0,1,0,1,1.4554896511734424e-05,0.0
DianaKLaRose,0,1,0,1,1.4554896511734424e-05,0.0
liquidskypa,0,1,0,1,1.4554896511734424e-05,0.0
innersloth987,0,1,0,1,1.4554896511734424e-05,0.0
Brilliant-Block-8200,0,1,0,1,1.4554896511734424e-05,0.0
wise_young_man,0,1,0,1,1.4554896511734424e-05,0.0
The_Playbook88,0,1,0,1,1.4554896511734424e-05,0.0
flojo2012,0,1,0,1,1.4554896511734424e-05,0.0
Fun_Boot7771,0,1,0,1,1.4554896511734424e-05,0.0
esther_lamonte,0,1,0,1,1.4554896511734424e-05,0.0
BRich1990,0,1,0,1,1.4554896511734424e-05,0.0
cantodasaudade,0,1,0,1,1.4554896511734424e-05,0.0
StenchFord,0,1,0,1,1.4554896511734424e-05,0.0
theMightBoop,0,1,0,1,1.4554896511734424e-05,0.0
vashthestampede121,0,1,0,1,1.4554896511734424e-05,0.0
Competitive_Push_914,0,1,0,1,1.4554896511734424e-05,0.0
BarFamiliar5892,0,1,0,1,1.4554896511734424e-05,0.0
GrantacusMoney,0,1,0,1,1.4554896511734424e-05,0.0
aap_001,0,1,0,1,1.4554896511734424e-05,0.0
toomanyjackies,0,1,0,1,1.4554896511734424e-05,0.0
texasinv,0,1,0,1,1.4554896511734424e-05,0.0
TheCockatoo,0,1,0,1,1.4554896511734424e-05,0.0
ssealy412,0,1,0,1,1.4554896511734424e-05,0.0
AlexanderUGA,0,1,0,1,1.4554896511734424e-05,0.0
Bleades,0,1,0,1,1.4554896511734424e-05,0.0
biting-the-bullet,0,1,0,1,1.4554896511734424e-05,0.0
SparseSpartan,0,1,0,1,1.4554896511734424e-05,0.0
ConsiderationSad6271,0,1,0,1,1.4554896511734424e-05,0.0
Banned3rdTimesaCharm,0,1,0,1,1.4554896511734424e-05,0.0
Unnamed-3891,0,1,0,1,1.4554896511734424e-05,0.0
fartymctoots,0,1,0,1,1.4554896511734424e-05,0.0
scikit-learns,0,1,0,1,1.4554896511734424e-05,0.0
Accomplished_Emu_658,0,1,0,1,1.4554896511734424e-05,0.0
reddog323,0,1,0,1,1.4554896511734424e-05,0.0
withbellson,0,1,0,1,1.4554896511734424e-05,0.0
FronarCantaloupe,0,1,0,1,1.4554896511734424e-05,0.0
kendrickplace,0,1,0,1,1.4554896511734424e-05,0.0
Fucker_Of_Destiny,0,1,0,1,1.4554896511734424e-05,0.0
NanoBuc,0,1,0,1,1.4554896511734424e-05,0.0
Strange_Drive_6598,0,1,0,1,1.4554896511734424e-05,0.0
andos4,0,1,0,1,1.4554896511734424e-05,0.0
Nippon-Gakki,0,1,0,1,1.4554896511734424e-05,0.0
ConkerPrime,0,1,0,1,1.4554896511734424e-05,0.0
FyuuR,0,1,0,1,1.4554896511734424e-05,0.0
osunightfall,0,1,0,1,1.4554896511734424e-05,0.0
Dry-Sir321,0,1,0,1,1.4554896511734424e-05,0.0
fushiginagaijin,0,1,0,1,1.4554896511734424e-05,0.0
username_6916,0,1,0,1,1.4554896511734424e-05,0.0
brainiacpimp,0,1,0,1,1.4554896511734424e-05,0.0
idkbruh653,0,1,0,1,1.4554896511734424e-05,0.0
urbancowgirl000,0,1,0,1,1.4554896511734424e-05,0.0
butter4dippin,0,1,0,1,1.4554896511734424e-05,0.0
WhyDoesOklahomaExist,0,1,0,1,1.4554896511734424e-05,0.0
Vanquish_Dark,0,1,0,1,1.4554896511734424e-05,0.0
vespanewbie,0,1,0,1,1.4554896511734424e-05,0.0
Armored_Snorlax,0,1,0,1,1.4554896511734424e-05,0.0
Starting_over25,0,1,0,1,1.4554896511734424e-05,0.0
ikindapoopedmypants,0,1,0,1,1.4554896511734424e-05,0.0
the_flooper,0,1,0,1,1.4554896511734424e-05,0.0
Chicken_Savings,0,1,0,1,1.4554896511734424e-05,0.0
wednesdayware,0,1,0,1,1.4554896511734424e-05,0.0
Neat-Butterscotch-98,0,1,0,1,1.4554896511734424e-05,0.0
seneeb,0,1,0,1,1.4554896511734424e-05,0.0
jenniehaniver,0,1,0,1,1.4554896511734424e-05,0.0
aoibynay,0,1,0,1,1.4554896511734424e-05,0.0
nirvana6789,0,1,0,1,1.4554896511734424e-05,0.0
WinterPanda2243,0,1,0,1,1.4554896511734424e-05,0.0
Acrobatic-Let-6620,0,1,0,1,1.4554896511734424e-05,0.0
kinda-donezo,0,1,0,1,1.4554896511734424e-05,0.0
floodisspelledweird,0,1,0,1,1.4554896511734424e-05,0.0
pieshake5,0,1,0,1,1.4554896511734424e-05,0.0
Mephariel,0,1,0,1,1.4554896511734424e-05,0.0
Training-Context-69,0,1,0,1,1.4554896511734424e-05,0.0
Hour_Reindeer834,0,1,0,1,1.4554896511734424e-05,0.0
Afraid-Business-6820,0,1,0,1,1.4554896511734424e-05,0.0
brownieandSparky23,0,1,0,1,1.4554896511734424e-05,0.0
ImportantQuestions10,0,1,0,1,1.4554896511734424e-05,0.0
earliestbirdy,0,1,0,1,1.4554896511734424e-05,0.0
mph1204,0,1,0,1,1.4554896511734424e-05,0.0
Keik15,0,1,0,1,1.4554896511734424e-05,0.0
tofusmoothies,0,1,0,1,1.4554896511734424e-05,0.0
RecipeInteresting427,0,1,0,1,1.4554896511734424e-05,0.0
Excellent_Club_9004,0,1,0,1,1.4554896511734424e-05,0.0
Adventurous_Finding4,0,1,0,1,1.4554896511734424e-05,0.0
ZombieDudee,0,1,0,1,1.4554896511734424e-05,0.0
BobaFett0451,0,1,0,1,1.4554896511734424e-05,0.0
TheHikingRiverRat,0,1,0,1,1.4554896511734424e-05,0.0
anephric_1,0,1,0,1,1.4554896511734424e-05,0.0
genizsz,0,1,0,1,1.4554896511734424e-05,0.0
LimoncelloFellow,0,1,0,1,1.4554896511734424e-05,0.0
LivingTrue359,0,1,0,1,1.4554896511734424e-05,0.0
Mirai_Sol,0,1,0,1,1.4554896511734424e-05,0.0
Due_Variety_3082,0,1,0,1,1.4554896511734424e-05,0.0
BookkeeperWooden390,0,1,0,1,1.4554896511734424e-05,0.0
tattered_dreamer,0,1,0,1,1.4554896511734424e-05,0.0
abracadammmbra,0,1,0,1,1.4554896511734424e-05,0.0
heatherb22,0,1,0,1,1.4554896511734424e-05,0.0
AlarmedWillow4515,0,1,0,1,1.4554896511734424e-05,0.0
abraxius,0,1,0,1,1.4554896511734424e-05,0.0
Halcyon-malarky,0,1,0,1,1.4554896511734424e-05,0.0
Reconson,0,1,0,1,1.4554896511734424e-05,0.0
XLinkJoker,0,1,0,1,1.4554896511734424e-05,0.0
PressureExpert2346,0,1,0,1,1.4554896511734424e-05,0.0
Richisos,0,1,0,1,1.4554896511734424e-05,0.0
tomhermans,0,1,0,1,1.4554896511734424e-05,0.0
Zwemvest,0,1,0,1,1.4554896511734424e-05,0.0
Big_Grass1690,0,1,0,1,1.4554896511734424e-05,0.0
ChxsenK,0,1,0,1,1.4554896511734424e-05,0.0
HubbaWubba69420,0,1,0,1,1.4554896511734424e-05,0.0
Professional_Hat284,0,1,0,1,1.4554896511734424e-05,0.0
2starsucks2,0,1,0,1,1.4554896511734424e-05,0.0
bjorn2bwild,0,1,0,1,1.4554896511734424e-05,0.0
Sorry_Childhood89,0,1,0,1,1.4554896511734424e-05,0.0
SnooTangerines9703,0,1,0,1,1.4554896511734424e-05,0.0
steakanabake,0,1,0,1,1.4554896511734424e-05,0.0
Fearless-Calendar820,0,1,0,1,1.4554896511734424e-05,0.0
Ok-Conversation-6475,0,1,0,1,1.4554896511734424e-05,0.0
Constant_Chip_1508,0,1,0,1,1.4554896511734424e-05,0.0
HTX-ByWayOfTheWorld,0,1,0,1,1.4554896511734424e-05,0.0
BRP_1970,0,1,0,1,1.4554896511734424e-05,0.0
InternationalEnd8934,0,1,0,1,1.4554896511734424e-05,0.0
DoggerLou,0,1,0,1,1.4554896511734424e-05,0.0
CreateFlyingStarfish,0,1,0,1,1.4554896511734424e-05,0.0
Throwaway999222111,0,1,0,1,1.4554896511734424e-05,0.0
Yachem,0,1,0,1,1.4554896511734424e-05,0.0
TemperatureWide5297,0,1,0,1,1.4554896511734424e-05,0.0
VroomVroomSpeed03,0,0,0,0,1.4554896511734424e-05,0.0
LogicalMuscle,0,1,0,1,1.4554896511734424e-05,0.0
EmphasisExcellent210,0,1,0,1,1.4554896511734424e-05,0.0
BrokenClosets,0,1,0,1,1.4554896511734424e-05,0.0
TeaEarlGrayHotSauce,0,1,0,1,1.4554896511734424e-05,0.0
Weekly-Ad353,0,1,0,1,1.4554896511734424e-05,0.0
Erehybog,0,1,0,1,1.4554896511734424e-05,0.0
summerfield82,0,1,0,1,1.4554896511734424e-05,0.0
AutomaticNose6384,0,1,0,1,1.4554896511734424e-05,0.0
Fsalzman,0,1,0,1,1.4554896511734424e-05,0.0
okoddcat,0,1,0,1,1.4554896511734424e-05,0.0
suburiboy,0,0,0,0,1.4554896511734424e-05,0.0
Abject-Sky4608,0,1,0,1,1.4554896511734424e-05,0.0
Fast-Alternative1503,0,1,0,1,1.4554896511734424e-05,0.0
FactorOwn4746,0,1,0,1,1.4554896511734424e-05,0.0
MeaningDense5902,0,0,0,0,1.4554896511734424e-05,0.0
objective_think3r,0,1,0,1,1.4554896511734424e-05,0.0
deaffob,0,1,0,1,1.4554896511734424e-05,0.0
beren0073,0,1,0,1,1.4554896511734424e-05,0.0
Alexjp127,0,2,0,2,1.4554896511734424e-05,0.0
SDottieeee,0,1,0,1,1.4554896511734424e-05,0.0
CoolerRancho,0,1,0,1,1.4554896511734424e-05,0.0
ngocminh12697,0,1,0,1,1.4554896511734424e-05,0.0
start3ch,0,1,0,1,1.4554896511734424e-05,0.0
ImaginaryHospital306,0,1,0,1,1.4554896511734424e-05,0.0
it-is-my-cake-day,0,1,0,1,1.4554896511734424e-05,0.0
Great_White_Samurai,0,1,0,1,1.4554896511734424e-05,0.0
TimeForTaachiTime,0,1,0,1,1.4554896511734424e-05,0.0
Jolly_Ad_4500,0,1,0,1,1.4554896511734424e-05,0.0
defnotashton,0,1,0,1,1.4554896511734424e-05,0.0
Tall_Side_8556,0,1,0,1,1.4554896511734424e-05,0.0
totalfarkuser,0,1,0,1,1.4554896511734424e-05,0.0
Emeraldmage89,0,2,0,2,1.4554896511734424e-05,0.0
Difficult_Lecture223,0,1,0,1,1.4554896511734424e-05,0.0
avaxbear,0,1,0,1,1.4554896511734424e-05,0.0
000itsmajic,0,1,0,1,1.4554896511734424e-05,0.0
OrthogonalPotato,0,1,0,1,1.4554896511734424e-05,0.0
OutlandishnessSoft34,0,1,0,1,1.4554896511734424e-05,0.0
Matcha_Bubble_Tea,0,1,0,1,1.4554896511734424e-05,0.0
speckyradge,0,1,0,1,1.4554896511734424e-05,0.0
R_Ulysses_Swanson,0,1,0,1,1.4554896511734424e-05,0.0
ryan760,0,1,0,1,1.4554896511734424e-05,0.0
Happiest-Soul,0,1,0,1,1.4554896511734424e-05,0.0
Goldarr85,0,1,0,1,1.4554896511734424e-05,0.0
Prudent_Knowledge79,0,1,0,1,1.4554896511734424e-05,0.0
BaluZana,0,1,0,1,1.4554896511734424e-05,0.0
UCNick,0,1,0,1,1.4554896511734424e-05,0.0
G0l0sa0000,0,1,0,1,1.4554896511734424e-05,0.0
Traumarama79,0,1,0,1,1.4554896511734424e-05,0.0
ersatz_el,0,1,0,1,1.4554896511734424e-05,0.0
AnsgarShipsHildegard,0,1,0,1,1.4554896511734424e-05,0.0
polkadotmcgot,0,1,0,1,1.4554896511734424e-05,0.0
u_b_dat_boi,0,1,0,1,1.4554896511734424e-05,0.0
Training_Try7344,0,1,0,1,1.4554896511734424e-05,0.0
Ok-Author-2672,0,1,0,1,1.4554896511734424e-05,0.0
mrbiggbrain,0,2,0,2,1.4554896511734424e-05,0.0
Beneficial_Split_649,0,1,0,1,1.4554896511734424e-05,0.0
assuring_quality,0,1,0,1,1.4554896511734424e-05,0.0
UncleBenji,0,1,0,1,1.4554896511734424e-05,0.0
InfiniteSponge_,0,1,0,1,1.4554896511734424e-05,0.0
CrzyRican,0,1,0,1,1.4554896511734424e-05,0.0
InsanelyAverageFella,0,1,0,1,1.4554896511734424e-05,0.0
randomwalker2016,0,1,0,1,1.4554896511734424e-05,0.0
SellTheSizzle--007,0,1,0,1,1.4554896511734424e-05,0.0
sentienthammer,0,1,0,1,1.4554896511734424e-05,0.0
FFF_in_WY,0,1,0,1,1.4554896511734424e-05,0.0
DocLego,0,1,0,1,1.4554896511734424e-05,0.0
yea_naur,0,1,0,1,1.4554896511734424e-05,0.0
StrikingMixture8172,0,1,0,1,1.4554896511734424e-05,0.0
Alternative_Fan_2631,0,1,0,1,1.4554896511734424e-05,0.0
magic_crouton,0,1,0,1,1.4554896511734424e-05,0.0
AnotherCookie,0,1,0,1,1.4554896511734424e-05,0.0
ContextualReader,0,1,0,1,1.4554896511734424e-05,0.0
zmann,0,1,0,1,1.4554896511734424e-05,0.0
SRMPDX,0,1,0,1,1.4554896511734424e-05,0.0
Content_Chipmunk9962,0,1,0,1,1.4554896511734424e-05,0.0
BobaFed3,0,1,0,1,1.4554896511734424e-05,0.0
darkCERN,0,1,0,1,1.4554896511734424e-05,0.0
lu5ty,0,1,0,1,1.4554896511734424e-05,0.0
hhouserjackson,0,1,0,1,1.4554896511734424e-05,0.0
marcx_,0,1,0,1,1.4554896511734424e-05,0.0
One_Recognition_5044,0,1,0,1,1.4554896511734424e-05,0.0
Soggy_Ground_9323,0,1,0,1,1.4554896511734424e-05,0.0
nightjarre,0,1,0,1,1.4554896511734424e-05,0.0
Toasted_Lizard,0,1,0,1,1.4554896511734424e-05,0.0
namegamenoshame,0,1,0,1,1.4554896511734424e-05,0.0
Regular-Emu6339,0,1,0,1,1.4554896511734424e-05,0.0
almondania,0,1,0,1,1.4554896511734424e-05,0.0
HotelMeatStick,0,1,0,1,1.4554896511734424e-05,0.0
DonnyDiddledIvanka,0,2,0,2,1.4554896511734424e-05,0.0
wonklebobb,0,1,0,1,1.4554896511734424e-05,0.0
Plenty-Recording-460,0,1,0,1,1.4554896511734424e-05,0.0
MaybeImNaked,0,1,0,1,1.4554896511734424e-05,0.0
Furryballs239,0,1,0,1,1.4554896511734424e-05,0.0
RecognitionFree5840,0,1,0,1,1.4554896511734424e-05,0.0
Ok_Measurement_2842,0,1,0,1,1.4554896511734424e-05,0.0
TheCloudFairy,0,1,0,1,1.4554896511734424e-05,0.0
Average_Watermelon,0,1,0,1,1.4554896511734424e-05,0.0
DontThrowAwayPies,0,1,0,1,1.4554896511734424e-05,0.0
Accomplished-Way4534,0,1,0,1,1.4554896511734424e-05,0.0
ColeUnderPresh,0,1,0,1,1.4554896511734424e-05,0.0
Affectionate-Sir-784,0,1,0,1,1.4554896511734424e-05,0.0
AcousticPirate81,0,1,0,1,1.4554896511734424e-05,0.0
Molybdenum421,0,1,0,1,1.4554896511734424e-05,0.0
Partofla,0,1,0,1,1.4554896511734424e-05,0.0
Proper-Juice-9438,0,1,0,1,1.4554896511734424e-05,0.0
ilic_mls,0,1,0,1,1.4554896511734424e-05,0.0
PleaseNoMoreSalt,0,1,0,1,1.4554896511734424e-05,0.0
Difficult-Patience11,0,1,0,1,1.4554896511734424e-05,0.0
Mrbromandudeguy,0,1,0,1,1.4554896511734424e-05,0.0
That_Guy_Red,0,1,0,1,1.4554896511734424e-05,0.0
jdo5000,0,1,0,1,1.4554896511734424e-05,0.0
Rhuarc33,0,1,0,1,1.4554896511734424e-05,0.0
Odd_Passenger5339,0,1,0,1,1.4554896511734424e-05,0.0
arlresi,0,1,0,1,1.4554896511734424e-05,0.0
DrummingThumper,0,1,0,1,1.4554896511734424e-05,0.0
Negative_Till3888,0,1,0,1,1.4554896511734424e-05,0.0
bipolarlibra314,0,1,0,1,1.4554896511734424e-05,0.0
haste57,0,1,0,1,1.4554896511734424e-05,0.0
touch_of_austism,0,1,0,1,1.4554896511734424e-05,0.0
Terrible_Cow9208,0,1,0,1,1.4554896511734424e-05,0.0
Purple_Following3660,0,1,0,1,1.4554896511734424e-05,0.0
jstanothercrzybroad,0,1,0,1,1.4554896511734424e-05,0.0
TheShovler44,0,1,0,1,1.4554896511734424e-05,0.0
OnlyHere2Help2,0,1,0,2,1.4554896511734424e-05,0.0
llamabras,0,1,0,1,1.4554896511734424e-05,0.0
babyfacebambi,0,1,0,1,1.4554896511734424e-05,0.0
lolo-lepaz,0,1,0,1,1.4554896511734424e-05,0.0
LuckBLady,0,1,0,1,1.4554896511734424e-05,0.0
DelilahBT,0,1,0,1,1.4554896511734424e-05,0.0
Ok-Deer-3848,0,1,0,1,1.4554896511734424e-05,0.0
mattjouff,0,1,0,1,1.4554896511734424e-05,0.0
ilililliiliililiilil,0,1,0,1,1.4554896511734424e-05,0.0
Flerp-Flerps,0,1,0,1,1.4554896511734424e-05,0.0
bricreative,0,1,0,1,1.4554896511734424e-05,0.0
VividAd7961,0,1,0,1,1.4554896511734424e-05,0.0
_Witness001,0,1,0,1,1.4554896511734424e-05,0.0
BigBanyak22,0,1,0,1,1.4554896511734424e-05,0.0
Suitable_Newt7286,0,1,0,1,1.4554896511734424e-05,0.0
sjwit,0,1,0,1,1.4554896511734424e-05,0.0
Dramatic_Phraser,0,1,0,1,1.4554896511734424e-05,0.0
T1m3Wizard,0,1,0,1,1.4554896511734424e-05,0.0
Naive_Market_9688,0,1,0,1,1.4554896511734424e-05,0.0
dragonz04,0,1,0,1,1.4554896511734424e-05,0.0
jamenjaw,0,1,0,1,1.4554896511734424e-05,0.0
BarracudaOk9542,0,1,0,1,1.4554896511734424e-05,0.0
EmuPossible2066,0,1,0,1,1.4554896511734424e-05,0.0
Express-Studio-8302,0,1,0,1,1.4554896511734424e-05,0.0
Fantastic_Process670,0,1,0,1,1.4554896511734424e-05,0.0
StarkRavingMad09,0,1,0,1,1.4554896511734424e-05,0.0
713elh,0,1,0,1,1.4554896511734424e-05,0.0
papayasalad561,0,1,0,1,1.4554896511734424e-05,0.0
DontTellMeToSmile_08,0,1,0,1,1.4554896511734424e-05,0.0
WofyB1LufySumerTala,0,1,0,1,1.4554896511734424e-05,0.0
StatisticianKooky390,0,1,0,1,1.4554896511734424e-05,0.0
OldDog03,0,1,0,1,1.4554896511734424e-05,0.0
gemorris9,0,1,0,1,1.4554896511734424e-05,0.0
Ok_Adhesiveness_2555,0,1,0,1,1.4554896511734424e-05,0.0
Desperate-Cycle-1932,0,1,0,1,1.4554896511734424e-05,0.0
raisinghellions,0,1,0,1,1.4554896511734424e-05,0.0
This_Fix8370,0,1,0,1,1.4554896511734424e-05,0.0
CattailReeds,0,1,0,1,1.4554896511734424e-05,0.0
happymage102,0,1,0,1,1.4554896511734424e-05,0.0
Low-Bass2002,0,1,0,1,1.4554896511734424e-05,0.0
Illgetitdonelater,0,1,0,1,1.4554896511734424e-05,0.0
EmbeddedWithDirt,0,1,0,1,1.4554896511734424e-05,0.0
Alternative_Debt_408,0,1,0,1,1.4554896511734424e-05,0.0
Galavantinggoblin,0,1,0,1,1.4554896511734424e-05,0.0
Dry-Animator5770,0,1,0,1,1.4554896511734424e-05,0.0
Consistent-Pipe-674,0,1,0,1,1.4554896511734424e-05,0.0
TryBeginning3753,0,1,0,1,1.4554896511734424e-05,0.0
Narrow_Albatross6406,0,1,0,1,1.4554896511734424e-05,0.0
Fruitopia07,0,1,0,1,1.4554896511734424e-05,0.0
pensink60,0,1,0,1,1.4554896511734424e-05,0.0
Alarming_Flatworm231,0,1,0,1,1.4554896511734424e-05,0.0
Parking-Cup-9424,0,1,0,1,1.4554896511734424e-05,0.0
HuntingTheTruth,0,1,0,1,1.4554896511734424e-05,0.0
Zealiida,0,1,0,1,1.4554896511734424e-05,0.0
StockTurnover2306,0,1,0,1,1.4554896511734424e-05,0.0
hotconflict8072,0,1,0,1,1.4554896511734424e-05,0.0
GroundbreakingTerm13,0,1,0,1,1.4554896511734424e-05,0.0
Low_Assignment_2908,0,1,0,1,1.4554896511734424e-05,0.0
PM_ME_VEGGIE_RECIPES,0,1,0,1,1.4554896511734424e-05,0.0
Kankunation,0,1,0,1,1.4554896511734424e-05,0.0
hash-slingin-slasha,0,1,0,1,1.4554896511734424e-05,0.0
ArtisticAd393,0,1,0,1,1.4554896511734424e-05,0.0
43NTAI,0,1,0,1,1.4554896511734424e-05,0.0
Mindless-Balance-498,0,1,0,1,1.4554896511734424e-05,0.0
pureRitual,0,1,0,1,1.4554896511734424e-05,0.0
1939728991762839297,0,1,0,1,1.4554896511734424e-05,0.0
Huge_Strain_8714,0,1,0,1,1.4554896511734424e-05,0.0
truth-informant,0,1,0,1,1.4554896511734424e-05,0.0
Objective_Mousse7216,0,1,0,1,1.4554896511734424e-05,0.0
itsgreater9000,0,1,0,1,1.4554896511734424e-05,0.0
riftwave77,0,1,0,1,1.4554896511734424e-05,0.0
KirkHawley,0,2,0,2,1.4554896511734424e-05,0.0
eraserhd,0,1,0,1,1.4554896511734424e-05,0.0
TheValueIsOutThere,0,1,0,1,1.4554896511734424e-05,0.0
chefboyardknee,0,1,0,1,1.4554896511734424e-05,0.0
bananaHammockMonkey,0,1,0,1,1.4554896511734424e-05,0.0
Frosty-Wishbone-5303,0,1,0,1,1.4554896511734424e-05,0.0
robscomputer,0,1,0,1,1.4554896511734424e-05,0.0
No-Firefighter-1483,0,1,0,1,1.4554896511734424e-05,0.0
Reverandhands,0,1,0,1,1.4554896511734424e-05,0.0
Optoplasm,0,1,0,1,1.4554896511734424e-05,0.0
feenixOmlette,0,1,0,1,1.4554896511734424e-05,0.0
geoxyx,0,1,0,1,1.4554896511734424e-05,0.0
gugabalog,0,1,0,1,1.4554896511734424e-05,0.0
Playful_Ranger_6564,0,1,0,1,1.4554896511734424e-05,0.0
Khuros,0,1,0,1,1.4554896511734424e-05,0.0
Bullylandlordhelp,0,2,0,2,1.4554896511734424e-05,0.0
CovidScurred,0,1,0,1,1.4554896511734424e-05,0.0
PoopyisSmelly,0,1,0,1,1.4554896511734424e-05,0.0
Shadowarriorx,0,1,0,1,1.4554896511734424e-05,0.0
Total-Yak1320,0,1,0,1,1.4554896511734424e-05,0.0
Any-Double857,0,1,0,1,1.4554896511734424e-05,0.0
Successful_Cat_4860,0,1,0,1,1.4554896511734424e-05,0.0
DbaconEater,0,1,0,1,1.4554896511734424e-05,0.0
minidog8,0,1,0,1,1.4554896511734424e-05,0.0
UberShrew,0,1,0,1,1.4554896511734424e-05,0.0
PlzSendDunes,0,1,0,1,1.4554896511734424e-05,0.0
dumbgraphics,0,1,0,1,1.4554896511734424e-05,0.0
Mistamage,0,1,0,1,1.4554896511734424e-05,0.0
BootMerchant,0,1,0,1,1.4554896511734424e-05,0.0
imagebiot,0,1,0,1,1.4554896511734424e-05,0.0
dismendie,0,1,0,1,1.4554896511734424e-05,0.0
dreamsandpizza,0,1,0,1,1.4554896511734424e-05,0.0
MercyMe92,0,1,0,1,1.4554896511734424e-05,0.0
tabas123,0,1,0,1,1.4554896511734424e-05,0.0
who-mever,0,1,0,1,1.4554896511734424e-05,0.0
Inevitable_Pride1925,0,1,0,1,1.4554896511734424e-05,0.0
ThatOtherOneReddit,0,1,0,1,1.4554896511734424e-05,0.0
Kataphractoi,0,1,0,1,1.4554896511734424e-05,0.0
hhhnnnnnggggggg,0,1,0,1,1.4554896511734424e-05,0.0
peterxdiablo,0,1,0,1,1.4554896511734424e-05,0.0
WeezaY5000,0,1,0,1,1.4554896511734424e-05,0.0
petenorf,0,1,0,1,1.4554896511734424e-05,0.0
Maierlossen,0,1,0,1,1.4554896511734424e-05,0.0
daderpster,0,1,0,1,1.4554896511734424e-05,0.0
FindDestroyAliens,0,1,0,1,1.4554896511734424e-05,0.0
apronman2006,0,1,0,1,1.4554896511734424e-05,0.0
Sufficient_Tooth_949,0,1,0,1,1.4554896511734424e-05,0.0
Perfect_Earth_8070,0,1,0,1,1.4554896511734424e-05,0.0
Wooden-Carrot4283,0,1,0,1,1.4554896511734424e-05,0.0
ProfessionalField508,0,1,0,1,1.4554896511734424e-05,0.0
PomegranateSingle324,0,1,0,1,1.4554896511734424e-05,0.0
EpicShkhara,0,1,0,1,1.4554896511734424e-05,0.0
octoberfire80,0,1,0,1,1.4554896511734424e-05,0.0
ParkingGlittering211,0,1,0,1,1.4554896511734424e-05,0.0
NewLife_21,0,1,0,1,1.4554896511734424e-05,0.0
UniversityNo2318,0,1,0,1,1.4554896511734424e-05,0.0
Adventurous-Roof488,0,1,0,1,1.4554896511734424e-05,0.0
stupid_pun,0,1,0,1,1.4554896511734424e-05,0.0
JucheHospitality,0,1,0,1,1.4554896511734424e-05,0.0
RootEscalation,0,1,0,1,1.4554896511734424e-05,0.0
maple-shaft,0,1,0,1,1.4554896511734424e-05,0.0
Koi696969,0,1,0,1,1.4554896511734424e-05,0.0
DeviantDork,0,1,0,1,1.4554896511734424e-05,0.0
Possible-Werewolf791,0,1,0,1,1.4554896511734424e-05,0.0
CasualJojo,0,1,0,1,1.4554896511734424e-05,0.0
alsoov,0,1,0,1,1.4554896511734424e-05,0.0
SoySauceandMothra,0,1,0,1,1.4554896511734424e-05,0.0
Mundane-Air-4535,0,1,0,1,1.4554896511734424e-05,0.0
GraemeMakesBeer,0,1,0,1,1.4554896511734424e-05,0.0
Treje-an,0,1,0,1,1.4554896511734424e-05,0.0
EuroCultAV,0,2,0,2,1.4554896511734424e-05,0.0
thatturtletouch,0,1,0,1,1.4554896511734424e-05,0.0
Neat-Second9923,0,1,0,1,1.4554896511734424e-05,0.0
Via_Dolorosa_,0,1,0,1,1.4554896511734424e-05,0.0
redudown,0,1,0,1,1.4554896511734424e-05,0.0
khearan,0,1,0,1,1.4554896511734424e-05,0.0
NoCartographer3974,0,1,0,1,1.4554896511734424e-05,0.0
WonderfulVariation93,0,1,0,1,1.4554896511734424e-05,0.0
jeanralphio9,0,1,0,1,1.4554896511734424e-05,0.0
Daveit4later,0,1,0,1,1.4554896511734424e-05,0.0
BigBobFro,0,1,0,1,1.4554896511734424e-05,0.0
Sir_Stash,0,1,0,1,1.4554896511734424e-05,0.0
inkypange,0,1,0,1,1.4554896511734424e-05,0.0
bigoldgeek,0,1,0,1,1.4554896511734424e-05,0.0
MakanLagiDud3,0,1,0,1,1.4554896511734424e-05,0.0
AdvancedMilk7795,0,1,0,1,1.4554896511734424e-05,0.0
pinback77,0,1,0,1,1.4554896511734424e-05,0.0
No-Information-6099,0,2,0,2,1.4554896511734424e-05,0.0
Careful_Trifle,0,1,0,1,1.4554896511734424e-05,0.0
TrainingLow9079,0,1,0,1,1.4554896511734424e-05,0.0
HurryMundane5867,0,1,0,1,1.4554896511734424e-05,0.0
Due_Description_7298,0,1,0,1,1.4554896511734424e-05,0.0
lockan,0,1,0,1,1.4554896511734424e-05,0.0
theycallmecliff,0,1,0,1,1.4554896511734424e-05,0.0
Specialist_Door_9521,0,1,0,1,1.4554896511734424e-05,0.0
partyqwerty,0,1,0,1,1.4554896511734424e-05,0.0
jaymackattack1,0,1,0,1,1.4554896511734424e-05,0.0
Juanbolastristes,0,1,0,1,1.4554896511734424e-05,0.0
ChuckOfTheIrish,0,1,0,1,1.4554896511734424e-05,0.0
Unlucky_Strikes,0,1,0,1,1.4554896511734424e-05,0.0
obmasztirf,0,1,0,1,1.4554896511734424e-05,0.0
saryiahan,0,1,0,1,1.4554896511734424e-05,0.0
grouchy_baby_panda,0,1,0,1,1.4554896511734424e-05,0.0
pennyauntie,0,1,0,1,1.4554896511734424e-05,0.0
grandpubabofmoldist,0,1,0,1,1.4554896511734424e-05,0.0
bock_samson,0,1,0,1,1.4554896511734424e-05,0.0
eppindwarf,0,1,0,1,1.4554896511734424e-05,0.0
JotaroKeychain,0,1,0,1,1.4554896511734424e-05,0.0
lancea_longini,0,1,0,1,1.4554896511734424e-05,0.0
harvey_croat,0,1,0,1,1.4554896511734424e-05,0.0
Effective-Evening651,0,1,0,1,1.4554896511734424e-05,0.0
Competitive_Ride_567,0,1,0,1,1.4554896511734424e-05,0.0
El_Gran_Che,0,1,0,1,1.4554896511734424e-05,0.0
TinyHeartSyndrome,0,1,0,1,1.4554896511734424e-05,0.0
Ok_Tadpole7839,0,1,0,1,1.4554896511734424e-05,0.0
YoLOEnjoi,0,1,0,1,1.4554896511734424e-05,0.0
Morganbob442,0,1,0,1,1.4554896511734424e-05,0.0
Innoculous_Lox66,0,1,0,1,1.4554896511734424e-05,0.0
Much-Smoke6878,0,1,0,1,1.4554896511734424e-05,0.0
AppropriateRound1,0,2,0,2,1.4554896511734424e-05,0.0
IMissMyBeddddd,0,1,0,1,1.4554896511734424e-05,0.0
donttouchimautistic,0,1,0,1,1.4554896511734424e-05,0.0
endangeredphysics,0,1,0,1,1.4554896511734424e-05,0.0
Draxion1394,0,1,0,1,1.4554896511734424e-05,0.0
Grouchy_Concept8572,0,1,0,1,1.4554896511734424e-05,0.0
Ka0s42O,0,1,0,1,1.4554896511734424e-05,0.0
Salute-Major-Echidna,0,1,0,1,1.4554896511734424e-05,0.0
Broken-Akashi,0,1,0,1,1.4554896511734424e-05,0.0
Head-Opportunity-885,0,1,0,1,1.4554896511734424e-05,0.0
FrameOver9095,0,1,0,1,1.4554896511734424e-05,0.0
Anthonyk747,0,1,0,1,1.4554896511734424e-05,0.0
Fantastic-Nothing333,0,1,0,1,1.4554896511734424e-05,0.0
comped,0,1,0,1,1.4554896511734424e-05,0.0
choctaw1990,0,2,0,2,1.4554896511734424e-05,0.0
Hopeful-Character-10,0,1,0,1,1.4554896511734424e-05,0.0
Phobos_Asaph,0,1,0,1,1.4554896511734424e-05,0.0
bugabooandtwo,0,1,0,1,1.4554896511734424e-05,0.0
That_one_insomniac,0,1,0,1,1.4554896511734424e-05,0.0
Shy_Shaman_,0,1,0,1,1.4554896511734424e-05,0.0
plsdontlewdlolis,0,1,0,1,1.4554896511734424e-05,0.0
pr171ka,0,1,0,1,1.4554896511734424e-05,0.0
mirrorballalyssa,0,1,0,1,1.4554896511734424e-05,0.0
bojacksnorseman,0,1,0,1,1.4554896511734424e-05,0.0
tequestaalquizar,0,1,0,1,1.4554896511734424e-05,0.0
Bored2001,0,1,0,1,1.4554896511734424e-05,0.0
Repulsive_Watch7686,0,1,0,1,1.4554896511734424e-05,0.0
roguednow,0,1,0,1,1.4554896511734424e-05,0.0
ajteitel,0,1,0,1,1.4554896511734424e-05,0.0
Kuildeous,0,1,0,1,1.4554896511734424e-05,0.0
cynicaljinn,0,1,0,1,1.4554896511734424e-05,0.0
HandGrindMonkey,0,1,0,1,1.4554896511734424e-05,0.0
Cedosg,0,1,0,1,1.4554896511734424e-05,0.0
Helpful_Client4721,0,1,0,1,1.4554896511734424e-05,0.0
Legitimate-Guess4747,0,1,0,1,1.4554896511734424e-05,0.0
PigletOdd3213,0,1,0,1,1.4554896511734424e-05,0.0
InternationalYam3130,0,1,0,1,1.4554896511734424e-05,0.0
-HakunaChicana-,0,1,0,1,1.4554896511734424e-05,0.0
KillerRayvenX,0,1,0,1,1.4554896511734424e-05,0.0
Vast-Breakfast-1201,0,1,0,1,1.4554896511734424e-05,0.0
vote4boat,0,1,0,1,1.4554896511734424e-05,0.0
detlefschrempffor3,0,1,0,1,1.4554896511734424e-05,0.0
DWebOscar,0,1,0,1,1.4554896511734424e-05,0.0
Mojojojo3030,0,1,0,1,1.4554896511734424e-05,0.0
grathad,0,1,0,1,1.4554896511734424e-05,0.0
dude700211,0,1,0,1,1.4554896511734424e-05,0.0
TomBradysThrowaway,0,1,0,1,1.4554896511734424e-05,0.0
JinkoTheMan,0,1,0,1,1.4554896511734424e-05,0.0
Worried-Swan9572,0,1,0,1,1.4554896511734424e-05,0.0
Smart-Button-3221,0,1,0,1,1.4554896511734424e-05,0.0
hellonameismyname,0,1,0,1,1.4554896511734424e-05,0.0
AggressiveToaster,0,1,0,1,1.4554896511734424e-05,0.0
NoAcanthaceae6259,0,1,0,1,1.4554896511734424e-05,0.0
DonBoy30,0,1,0,1,1.4554896511734424e-05,0.0
blackwar478,0,1,0,1,1.4554896511734424e-05,0.0
IndyColtsFan2020,0,1,0,1,1.4554896511734424e-05,0.0
Impressive_Moment640,0,1,0,1,1.4554896511734424e-05,0.0
WaltEnterprises,0,1,0,1,1.4554896511734424e-05,0.0
KingDorkFTC,0,1,0,1,1.4554896511734424e-05,0.0
klink1,0,1,0,1,1.4554896511734424e-05,0.0
ThanosSnapsSlimJims,0,1,0,1,1.4554896511734424e-05,0.0
Critical_Particular8,0,1,0,1,1.4554896511734424e-05,0.0
oldcreaker,0,1,0,1,1.4554896511734424e-05,0.0
Telecetsch,0,1,0,1,1.4554896511734424e-05,0.0
HorrorSmile3088,0,1,0,1,1.4554896511734424e-05,0.0
awkwardnubbings,0,1,0,1,1.4554896511734424e-05,0.0
kennypowersrevenge,0,1,0,1,1.4554896511734424e-05,0.0
edabiedaba,0,1,0,1,1.4554896511734424e-05,0.0
fibonacciii,0,1,0,1,1.4554896511734424e-05,0.0
Spike0667,0,1,0,1,1.4554896511734424e-05,0.0
agentsmith99302,0,1,0,1,1.4554896511734424e-05,0.0
FederalMango,0,1,0,1,1.4554896511734424e-05,0.0
Content-Artist634,0,1,0,1,1.4554896511734424e-05,0.0
YoungManYoda90,0,1,0,1,1.4554896511734424e-05,0.0
healthily-match,0,1,0,1,1.4554896511734424e-05,0.0
Jolly_Ad2446,0,1,0,1,1.4554896511734424e-05,0.0
Swingline1234,0,1,0,1,1.4554896511734424e-05,0.0
Vaderisagoodguy,0,1,0,1,1.4554896511734424e-05,0.0
ReineLeNoire,0,1,0,1,1.4554896511734424e-05,0.0
Efficient_Problem250,0,1,0,1,1.4554896511734424e-05,0.0
magick_bandit,0,1,0,1,1.4554896511734424e-05,0.0
Calm-Success-5942,0,1,0,1,1.4554896511734424e-05,0.0
mytinykitten,0,1,0,1,1.4554896511734424e-05,0.0
kyrant,0,1,0,1,1.4554896511734424e-05,0.0
The_Northern_Light,0,1,0,1,1.4554896511734424e-05,0.0
cc_bcc,0,1,0,1,1.4554896511734424e-05,0.0
pivoting_ai,0,1,0,1,1.4554896511734424e-05,0.0
pinaple_cheese_girl,0,1,0,1,1.4554896511734424e-05,0.0
ramtough_63,0,1,0,1,1.4554896511734424e-05,0.0
West-Cupcake561,0,1,0,1,1.4554896511734424e-05,0.0
ColoringZebra,0,1,0,1,1.4554896511734424e-05,0.0
CatsNSquirrels,0,1,0,1,1.4554896511734424e-05,0.0
Dat_Speed,0,1,0,1,1.4554896511734424e-05,0.0
Benxstory,0,1,0,1,1.4554896511734424e-05,0.0
No-Midnight-4461,0,1,0,1,1.4554896511734424e-05,0.0
Successful-Escape-74,0,1,0,2,1.4554896511734424e-05,0.0
beelzebee,0,1,0,1,1.4554896511734424e-05,0.0
AssistantRegular4698,0,1,0,1,1.4554896511734424e-05,0.0
CitadelofSouls,0,1,0,1,1.4554896511734424e-05,0.0
Capable_Cycle8264,0,1,0,1,1.4554896511734424e-05,0.0
singularity-cd,0,1,0,1,1.4554896511734424e-05,0.0
Goose_Biscuits11,0,1,0,1,1.4554896511734424e-05,0.0
Kozak515,0,1,0,1,1.4554896511734424e-05,0.0
_Redsnipper_,0,1,0,1,1.4554896511734424e-05,0.0
gemtechie,0,1,0,1,1.4554896511734424e-05,0.0
JD-990,0,1,0,1,1.4554896511734424e-05,0.0
topologiki,0,1,0,1,1.4554896511734424e-05,0.0
Manhwaddict27,0,1,0,1,1.4554896511734424e-05,0.0
Neil_at_HackerEarth,0,1,0,1,1.4554896511734424e-05,0.0
Likeatr3b,0,1,0,1,1.4554896511734424e-05,0.0
underwearseeker,0,1,0,1,1.4554896511734424e-05,0.0
Knitsanity,0,1,0,1,1.4554896511734424e-05,0.0
AnnaZ820,0,1,0,1,1.4554896511734424e-05,0.0
I_Suggest_Therapy,0,1,0,1,1.4554896511734424e-05,0.0
FDTFACTTWNY,0,1,0,1,1.4554896511734424e-05,0.0
Responsible_Prior_18,0,2,0,2,1.4554896511734424e-05,0.0
darkchocolateonly,0,1,0,1,1.4554896511734424e-05,0.0
Impossible-Web545,0,1,0,1,1.4554896511734424e-05,0.0
Capable-Savings-6776,0,1,0,1,1.4554896511734424e-05,0.0
Musical_Xena,0,1,0,1,1.4554896511734424e-05,0.0
Legitimate-Clock-134,0,1,0,1,1.4554896511734424e-05,0.0
ketimmer,0,1,0,1,1.4554896511734424e-05,0.0
xomox2012,0,1,0,1,1.4554896511734424e-05,0.0
Knope_Knope_Knope,0,1,0,1,1.4554896511734424e-05,0.0
i_wanna_draw_that,0,1,0,1,1.4554896511734424e-05,0.0
Relatively_Cool,0,1,0,1,1.4554896511734424e-05,0.0
submerging,0,1,0,1,1.4554896511734424e-05,0.0
CaptainSnazzypants,0,1,0,1,1.4554896511734424e-05,0.0
Middle_Evil,0,1,0,1,1.4554896511734424e-05,0.0
cams00000,0,1,0,1,1.4554896511734424e-05,0.0
Intelligent-Image338,0,1,0,1,1.4554896511734424e-05,0.0
Fit_One_5785,0,1,0,1,1.4554896511734424e-05,0.0
InspectorOrdinary321,0,1,0,1,1.4554896511734424e-05,0.0
Adventurous-Depth984,0,1,0,1,1.4554896511734424e-05,0.0
eldankus,0,1,0,1,1.4554896511734424e-05,0.0
Skidpalace,0,1,0,1,1.4554896511734424e-05,0.0
Fazzdarr,0,1,0,1,1.4554896511734424e-05,0.0
RyuSunn,0,1,0,1,1.4554896511734424e-05,0.0
Flaky_Ad9204,0,1,0,1,1.4554896511734424e-05,0.0
UpperAd5715,0,1,0,1,1.4554896511734424e-05,0.0
SouthPlattePat,0,1,0,1,1.4554896511734424e-05,0.0
Zealousideal-Read445,0,2,0,2,1.4554896511734424e-05,0.0
cozychristmaslover,0,1,0,1,1.4554896511734424e-05,0.0
One-Chapter5407,0,1,0,1,1.4554896511734424e-05,0.0
Honolulu-Blues,0,1,0,1,1.4554896511734424e-05,0.0
Chocopenguin85,0,1,0,1,1.4554896511734424e-05,0.0
hastduetwas,0,1,0,1,1.4554896511734424e-05,0.0
Elizabitch4848,0,1,0,1,1.4554896511734424e-05,0.0
Brain_Hawk,0,1,0,1,1.4554896511734424e-05,0.0
Strong_Strawberry128,0,1,0,1,1.4554896511734424e-05,0.0
FiveTaken,0,1,0,1,1.4554896511734424e-05,0.0
Mohtek1,0,1,0,1,1.4554896511734424e-05,0.0
ComfortOk7446,0,1,0,1,1.4554896511734424e-05,0.0
structee,0,1,0,1,1.4554896511734424e-05,0.0
cycletarmac,0,1,0,1,1.4554896511734424e-05,0.0
OnlyJoe3,0,1,0,1,1.4554896511734424e-05,0.0
50calPeephole,0,1,0,1,1.4554896511734424e-05,0.0
Adventurous-Bar520,0,1,0,1,1.4554896511734424e-05,0.0
SpookyAfterHours,0,1,0,1,1.4554896511734424e-05,0.0
RekopEca,0,1,0,1,1.4554896511734424e-05,0.0
Sensitive_Sky1448,0,1,0,1,1.4554896511734424e-05,0.0
bandersnatchh,0,1,0,1,1.4554896511734424e-05,0.0
LightLeader1234,0,1,0,1,1.4554896511734424e-05,0.0
lightbulb2222,0,1,0,1,1.4554896511734424e-05,0.0
Character_Comb_3439,0,1,0,1,1.4554896511734424e-05,0.0
aecamille,0,1,0,1,1.4554896511734424e-05,0.0
Odd_Contribution3979,0,1,0,1,1.4554896511734424e-05,0.0
Kangaroo_Low,0,1,0,1,1.4554896511734424e-05,0.0
MysteriousWash8162,0,1,0,1,1.4554896511734424e-05,0.0
Mainiga,0,1,0,1,1.4554896511734424e-05,0.0
HeyGuysHowWasJail,0,1,0,1,1.4554896511734424e-05,0.0
mischieficent,0,1,0,1,1.4554896511734424e-05,0.0
United_Friendship719,0,1,0,1,1.4554896511734424e-05,0.0
UncleCunk,0,1,0,1,1.4554896511734424e-05,0.0
taybay462,0,1,0,1,1.4554896511734424e-05,0.0
justjigger,0,1,0,1,1.4554896511734424e-05,0.0
Vapour_Trail_1979,0,1,0,1,1.4554896511734424e-05,0.0
Jimmy_E_16,0,1,0,1,1.4554896511734424e-05,0.0
TK_TK_,0,1,0,1,1.4554896511734424e-05,0.0
blvd-73,0,1,0,1,1.4554896511734424e-05,0.0
turbojoe86,0,1,0,1,1.4554896511734424e-05,0.0
edgarfroeseisALIVE,0,1,0,1,1.4554896511734424e-05,0.0
Key-Character-8702,0,1,0,1,1.4554896511734424e-05,0.0
Nervous_Principle205,0,1,0,1,1.4554896511734424e-05,0.0
Equivalent_Map951,0,1,0,1,1.4554896511734424e-05,0.0
An_Image_in_the_void,0,1,0,1,1.4554896511734424e-05,0.0
ty_lerjohnson,0,1,0,1,1.4554896511734424e-05,0.0
brenawyn,0,1,0,1,1.4554896511734424e-05,0.0
Thylawsnipeth,0,1,0,1,1.4554896511734424e-05,0.0
Friendly_Ad644,0,1,0,1,1.4554896511734424e-05,0.0
Desperate_Care_7066,0,1,0,1,1.4554896511734424e-05,0.0
Stuckatpennstation,0,1,0,1,1.4554896511734424e-05,0.0
EntertainerSuper8933,0,1,0,1,1.4554896511734424e-05,0.0
jjflight,0,1,0,1,1.4554896511734424e-05,0.0
anq_95,0,1,0,1,1.4554896511734424e-05,0.0
Alizarik7891,0,1,0,1,1.4554896511734424e-05,0.0
Extra_Connection7360,0,1,0,1,1.4554896511734424e-05,0.0
MightyKittenEmpire2,0,1,0,1,1.4554896511734424e-05,0.0
Bruppet,0,1,0,1,1.4554896511734424e-05,0.0
Cultural_Ad2923,0,1,0,1,1.4554896511734424e-05,0.0
Icy-Yellow3514,0,1,0,1,1.4554896511734424e-05,0.0
CareyHickey,0,1,0,1,1.4554896511734424e-05,0.0
jjopm,0,2,0,2,1.4554896511734424e-05,0.0
RyanGetty1,0,1,0,1,1.4554896511734424e-05,0.0
JimmyLin13,0,1,0,1,1.4554896511734424e-05,0.0
Turbulent-Dance6220,0,1,0,1,1.4554896511734424e-05,0.0
theunknownsociety,0,1,0,1,1.4554896511734424e-05,0.0
SkyNabb,0,1,0,1,1.4554896511734424e-05,0.0
According-Ninja-561,0,2,0,2,1.4554896511734424e-05,0.0
evenduckk,0,1,0,1,1.4554896511734424e-05,0.0
AdrianFish,0,1,0,1,1.4554896511734424e-05,0.0
FabulousTwo524,0,1,0,1,1.4554896511734424e-05,0.0
heywaj10,0,1,0,1,1.4554896511734424e-05,0.0
Kerpleku,0,1,0,1,1.4554896511734424e-05,0.0
LostMyPig,0,1,0,1,1.4554896511734424e-05,0.0
stuuuuupidstupid,0,1,0,1,1.4554896511734424e-05,0.0
Mean-Obligation-8151,0,1,0,1,1.4554896511734424e-05,0.0
th3usualplease,0,1,0,1,1.4554896511734424e-05,0.0
jackbanditdude,0,2,0,2,1.4554896511734424e-05,0.0
InsideMarzipan9161,0,1,0,1,1.4554896511734424e-05,0.0
sawdustontheshore,0,1,0,1,1.4554896511734424e-05,0.0
airbear13,0,1,0,1,1.4554896511734424e-05,0.0
Extra_Toppings,0,1,0,1,1.4554896511734424e-05,0.0
HedgehogMindless8077,0,1,0,1,1.4554896511734424e-05,0.0
lolvovolvo,0,1,0,1,1.4554896511734424e-05,0.0
ZealousidealIce4001,0,1,0,1,1.4554896511734424e-05,0.0
Friendly_Coconut,0,1,0,1,1.4554896511734424e-05,0.0
BeneficialDrawer3006,0,1,0,1,1.4554896511734424e-05,0.0
toebeanlove,0,1,0,1,1.4554896511734424e-05,0.0
Big-Establishment467,0,1,0,1,1.4554896511734424e-05,0.0
Hipp-Hippy_HaHa,0,1,0,1,1.4554896511734424e-05,0.0
Damodred89,0,1,0,1,1.4554896511734424e-05,0.0
theytookallthecash,0,1,0,1,1.4554896511734424e-05,0.0
GonzoTheGreat22,0,1,0,1,1.4554896511734424e-05,0.0
sqrrrlprrrl,0,1,0,1,1.4554896511734424e-05,0.0
Crying_Reaper,0,1,0,1,1.4554896511734424e-05,0.0
Genflos,0,1,0,1,1.4554896511734424e-05,0.0
gaycowboyallegations,0,1,0,1,1.4554896511734424e-05,0.0
Practical-Tomato-816,0,1,0,1,1.4554896511734424e-05,0.0
The-Psych0naut,0,1,0,1,1.4554896511734424e-05,0.0
RepulsiveBridge2018,0,1,0,1,1.4554896511734424e-05,0.0
SocialMediaGestapo,0,1,0,1,1.4554896511734424e-05,0.0
joehk67,0,1,0,1,1.4554896511734424e-05,0.0
CirnoTan,0,1,0,1,1.4554896511734424e-05,0.0
Unfair_Analysis_3734,0,1,0,1,1.4554896511734424e-05,0.0
Beginning_Lunch_9113,0,1,0,1,1.4554896511734424e-05,0.0
idk7643,0,1,0,1,1.4554896511734424e-05,0.0
Juggernaut2300,0,1,0,1,1.4554896511734424e-05,0.0
Quack68,0,1,0,1,1.4554896511734424e-05,0.0
Pizzaloverfor,0,1,0,1,1.4554896511734424e-05,0.0
DrachenofIron,0,1,0,1,1.4554896511734424e-05,0.0
Muted-Mammoth8304,0,1,0,1,1.4554896511734424e-05,0.0
revopine,0,1,0,1,1.4554896511734424e-05,0.0
fragileteeth,0,1,0,1,1.4554896511734424e-05,0.0
Hawk13424,0,1,0,1,1.4554896511734424e-05,0.0
Randusnuder,0,1,0,1,1.4554896511734424e-05,0.0
StopYTCensorship,0,1,0,1,1.4554896511734424e-05,0.0
6Turning-2Burning,0,1,0,1,1.4554896511734424e-05,0.0
DavesNotHere81,0,1,0,1,1.4554896511734424e-05,0.0
fivestringmarie,0,1,0,1,1.4554896511734424e-05,0.0
Bakelite51,0,1,0,1,1.4554896511734424e-05,0.0
SoPolitico,0,1,0,1,1.4554896511734424e-05,0.0
Top-Nose2659,0,1,0,1,1.4554896511734424e-05,0.0
Kat-2793,0,1,0,1,1.4554896511734424e-05,0.0
Stepane7399,0,1,0,1,1.4554896511734424e-05,0.0
MpVpRb,0,1,0,1,1.4554896511734424e-05,0.0
mmcgrat6,0,1,0,1,1.4554896511734424e-05,0.0
TimJV7,0,1,0,1,1.4554896511734424e-05,0.0
clonehunterz,0,1,0,1,1.4554896511734424e-05,0.0
The-Snarky-One,0,1,0,1,1.4554896511734424e-05,0.0
Domantass137,0,1,0,1,1.4554896511734424e-05,0.0
Chemical-History4704,0,2,0,2,1.4554896511734424e-05,0.0
Maroontan,0,1,0,1,1.4554896511734424e-05,0.0
FunTwo770,0,1,0,1,1.4554896511734424e-05,0.0
3Grilledjalapenos,0,1,0,1,1.4554896511734424e-05,0.0
Crazy-Airport-8215,0,1,0,1,1.4554896511734424e-05,0.0
_probablyryan,0,1,0,1,1.4554896511734424e-05,0.0
Angry_Cossacks,0,1,0,1,1.4554896511734424e-05,0.0
loggerhead632,0,2,0,2,1.4554896511734424e-05,0.0
NomadofNowhere17,0,1,0,1,1.4554896511734424e-05,0.0
EliminateThePenny,0,2,0,2,1.4554896511734424e-05,0.0
absurdilynerdily,0,1,0,1,1.4554896511734424e-05,0.0
ServiceKooky1323,0,1,0,1,1.4554896511734424e-05,0.0
xXValtenXx,0,1,0,1,1.4554896511734424e-05,0.0
kansai2kansas,0,1,0,1,1.4554896511734424e-05,0.0
Immediate-Worry-1090,0,1,0,1,1.4554896511734424e-05,0.0
pk13055,0,1,0,1,1.4554896511734424e-05,0.0
codepapi,0,1,0,1,1.4554896511734424e-05,0.0
TheDonutcon,0,1,0,1,1.4554896511734424e-05,0.0
The_SqueakyWheel,0,1,0,1,1.4554896511734424e-05,0.0
Desperate-Office4006,0,1,0,1,1.4554896511734424e-05,0.0
DelinquentBattleCat,0,1,0,1,1.4554896511734424e-05,0.0
BubblyProperty7791,0,1,0,1,1.4554896511734424e-05,0.0
checktheneedle,0,1,0,1,1.4554896511734424e-05,0.0
justaguywithadream,0,1,0,1,1.4554896511734424e-05,0.0
couldathrowaway,0,1,0,1,1.4554896511734424e-05,0.0
MajesticBread9147,0,1,0,1,1.4554896511734424e-05,0.0
False-Manner3984,0,1,0,1,1.4554896511734424e-05,0.0
plzdontlietomee,0,1,0,1,1.4554896511734424e-05,0.0
RineRain,0,1,0,1,1.4554896511734424e-05,0.0
themightytak,0,1,0,1,1.4554896511734424e-05,0.0
ChickenNoodleSoup_4,0,1,0,1,1.4554896511734424e-05,0.0
burns_before_reading,0,1,0,1,1.4554896511734424e-05,0.0
Altruistic_Tea484,0,1,0,1,1.4554896511734424e-05,0.0
LogOverall1905,0,1,0,1,1.4554896511734424e-05,0.0
Ok_Currency_7056,0,1,0,1,1.4554896511734424e-05,0.0
TokyoLosAngeles,0,1,0,1,1.4554896511734424e-05,0.0
bigolfeller,0,1,0,1,1.4554896511734424e-05,0.0
vivamorales,0,1,0,1,1.4554896511734424e-05,0.0
shomeyomves,0,1,0,1,1.4554896511734424e-05,0.0
justareddituser202,0,1,0,1,1.4554896511734424e-05,0.0
job_huntingg,0,1,0,1,1.4554896511734424e-05,0.0
middlemandad,0,1,0,1,1.4554896511734424e-05,0.0
mmoney20,0,1,0,1,1.4554896511734424e-05,0.0
eyesonthefries609,0,1,0,1,1.4554896511734424e-05,0.0
Sufficent-Sucka,0,1,0,1,1.4554896511734424e-05,0.0
Short_University_709,0,1,0,1,1.4554896511734424e-05,0.0
Bnkr9,0,1,0,1,1.4554896511734424e-05,0.0
DistributionClear851,0,1,0,1,1.4554896511734424e-05,0.0
Damn-Splurge,0,1,0,1,1.4554896511734424e-05,0.0
CuteSmileybun,0,1,0,1,1.4554896511734424e-05,0.0
JBTuffNStuff,0,1,0,1,1.4554896511734424e-05,0.0
FunCutlet67,0,1,0,1,1.4554896511734424e-05,0.0
Deep_Indication_3230,0,1,0,1,1.4554896511734424e-05,0.0
LuckyLewis23,0,1,0,1,1.4554896511734424e-05,0.0
bonvoysal,0,1,0,1,1.4554896511734424e-05,0.0
Particular_Pizza1424,0,1,0,1,1.4554896511734424e-05,0.0
Ambitious_Walk_2866,0,1,0,1,1.4554896511734424e-05,0.0
Practical-Dealer6061,0,1,0,1,1.4554896511734424e-05,0.0
Nonoomi,0,1,0,1,1.4554896511734424e-05,0.0
Krangmang87,0,1,0,1,1.4554896511734424e-05,0.0
ImHighOnCocaine,0,1,0,1,1.4554896511734424e-05,0.0
vky_007,0,1,0,1,1.4554896511734424e-05,0.0
TinyHatsSuck,0,1,0,1,1.4554896511734424e-05,0.0
Public_Entrance_4214,0,1,0,1,1.4554896511734424e-05,0.0
Readditlovesbans,0,1,0,1,1.4554896511734424e-05,0.0
DM2902,0,1,0,1,1.4554896511734424e-05,0.0
tortillacatnip,0,1,0,1,1.4554896511734424e-05,0.0
IronChefOfForensics,0,2,0,2,1.4554896511734424e-05,0.0
harmonioussteak,0,1,0,1,1.4554896511734424e-05,0.0
TheKangSlayer,0,1,0,1,1.4554896511734424e-05,0.0
Boommia,0,1,0,1,1.4554896511734424e-05,0.0
ertri,0,1,0,1,1.4554896511734424e-05,0.0
StBlandine7,0,1,0,1,1.4554896511734424e-05,0.0
Travler18,0,1,0,1,1.4554896511734424e-05,0.0
Pot72,0,1,0,1,1.4554896511734424e-05,0.0
KingOfTheCouch13,0,1,0,1,1.4554896511734424e-05,0.0
broadstancehtx,0,1,0,1,1.4554896511734424e-05,0.0
hybridoctopus,0,1,0,1,1.4554896511734424e-05,0.0
jacksmeoffski,0,1,0,1,1.4554896511734424e-05,0.0
lady-lurker,0,1,0,1,1.4554896511734424e-05,0.0
North_Signature9297,0,1,0,1,1.4554896511734424e-05,0.0
lavendarmenace889,0,1,0,1,1.4554896511734424e-05,0.0
SensationalNibbles,0,1,0,1,1.4554896511734424e-05,0.0
Experiunce,0,1,0,1,1.4554896511734424e-05,0.0
curiouscranberry5,0,1,0,1,1.4554896511734424e-05,0.0
InternationalBed5000,0,1,0,1,1.4554896511734424e-05,0.0
HamRadio_73,0,1,0,1,1.4554896511734424e-05,0.0
ReallyNiceDonkey,0,1,0,1,1.4554896511734424e-05,0.0
Working_Limit01,0,1,0,1,1.4554896511734424e-05,0.0
fistfucker07,0,1,0,1,1.4554896511734424e-05,0.0
1Corgi_2Cats,0,1,0,1,1.4554896511734424e-05,0.0
thebluew,0,1,0,1,1.4554896511734424e-05,0.0
EnglandEgypt2024,0,1,0,1,1.4554896511734424e-05,0.0
Snags44,0,1,0,1,1.4554896511734424e-05,0.0
sonnyvale94,0,1,0,1,1.4554896511734424e-05,0.0
Itchy-Border-9965,0,1,0,1,1.4554896511734424e-05,0.0
Relayer8782,0,1,0,1,1.4554896511734424e-05,0.0
Altruistic-Bobcat955,0,1,0,1,1.4554896511734424e-05,0.0
BesideFrogRegionAny,0,1,0,1,1.4554896511734424e-05,0.0
smilineyz,0,1,0,1,1.4554896511734424e-05,0.0
Ldbrin2,0,1,0,1,1.4554896511734424e-05,0.0
SequitursSecateurs,0,1,0,1,1.4554896511734424e-05,0.0
Significant-Ant-5677,0,1,0,1,1.4554896511734424e-05,0.0
exit2dos,0,1,0,1,1.4554896511734424e-05,0.0
FutureHendrixBetter,0,1,0,1,1.4554896511734424e-05,0.0
dogbolter1,0,1,0,1,1.4554896511734424e-05,0.0
bopperbopper,0,1,0,1,1.4554896511734424e-05,0.0
perrance68,0,1,0,1,1.4554896511734424e-05,0.0
LabCat62,0,1,0,1,1.4554896511734424e-05,0.0
Confident-College469,0,1,0,1,1.4554896511734424e-05,0.0
dave65gto,0,1,0,1,1.4554896511734424e-05,0.0
Far-Ad-9073,0,1,0,1,1.4554896511734424e-05,0.0
VegetableKey7319,0,1,0,1,1.4554896511734424e-05,0.0
Automatic-Theory835,0,1,0,1,1.4554896511734424e-05,0.0
ElinCarrington,0,1,0,1,1.4554896511734424e-05,0.0
KipperCottage,0,1,0,1,1.4554896511734424e-05,0.0
Alarming_Bug6081,0,1,0,1,1.4554896511734424e-05,0.0
PrincessBadazz,0,1,0,1,1.4554896511734424e-05,0.0
MangledSteel,0,1,0,1,1.4554896511734424e-05,0.0
Western-Time5310,0,1,0,1,1.4554896511734424e-05,0.0
runnerkim,0,1,0,1,1.4554896511734424e-05,0.0
UK_shooter,0,1,0,1,1.4554896511734424e-05,0.0
GinkyduJ89PH,0,1,0,1,1.4554896511734424e-05,0.0
lysdexia-ninja,0,1,0,1,1.4554896511734424e-05,0.0
_gadget_girl,0,1,0,1,1.4554896511734424e-05,0.0
Prize_Consequence568,0,1,0,1,1.4554896511734424e-05,0.0
Orsurac,0,1,0,1,1.4554896511734424e-05,0.0
Nabstar,0,1,0,1,1.4554896511734424e-05,0.0
Dull_Share4984,0,1,0,1,1.4554896511734424e-05,0.0
antichain,0,1,0,1,1.4554896511734424e-05,0.0
Classic_Pineapples,0,1,0,1,1.4554896511734424e-05,0.0
Pretend-Shallot-5663,0,1,0,1,1.4554896511734424e-05,0.0
aabum,0,1,0,1,1.4554896511734424e-05,0.0
bones_1969,0,1,0,1,1.4554896511734424e-05,0.0
Gloomy_Rooster3330,0,1,0,1,1.4554896511734424e-05,0.0
Defiant-Yam8876,0,1,0,1,1.4554896511734424e-05,0.0
Overall_Cheetah_3000,0,1,0,1,1.4554896511734424e-05,0.0
AshDenver,0,1,0,1,1.4554896511734424e-05,0.0
Effective-Donkey133,0,1,0,1,1.4554896511734424e-05,0.0
Several-Mix5478,0,1,0,1,1.4554896511734424e-05,0.0
THC_Dude_Abides,0,1,0,1,1.4554896511734424e-05,0.0
Snowconetypebanana,0,1,0,1,1.4554896511734424e-05,0.0
ShahoudZoned,0,1,0,1,1.4554896511734424e-05,0.0
il_vincitore,0,1,0,1,1.4554896511734424e-05,0.0
tara_tara_tara,0,1,0,1,1.4554896511734424e-05,0.0
Embarrassed-Manager1,0,1,0,1,1.4554896511734424e-05,0.0
Low_Lock113,0,1,0,1,1.4554896511734424e-05,0.0
mariogunshine,0,1,0,1,1.4554896511734424e-05,0.0
eldoodness,0,1,0,1,1.4554896511734424e-05,0.0
LordFedSmoker420,0,1,0,1,1.4554896511734424e-05,0.0
Flower_bunny53,0,1,0,1,1.4554896511734424e-05,0.0
suchafart,0,1,0,1,1.4554896511734424e-05,0.0
craigoz7,0,1,0,1,1.4554896511734424e-05,0.0
stronglikefeels,0,1,0,1,1.4554896511734424e-05,0.0
downthegrapevine,0,1,0,1,1.4554896511734424e-05,0.0
jerry111165,0,1,0,1,1.4554896511734424e-05,0.0
CountHoliday8311,0,1,0,1,1.4554896511734424e-05,0.0
FirebreathingNG,0,1,0,1,1.4554896511734424e-05,0.0
Professional_Low7884,0,1,0,1,1.4554896511734424e-05,0.0
cwilly57,0,1,0,1,1.4554896511734424e-05,0.0
myenters69,0,1,0,1,1.4554896511734424e-05,0.0
wild-hufflepuff,0,1,0,1,1.4554896511734424e-05,0.0
ZigzaGoop,0,1,0,1,1.4554896511734424e-05,0.0
silvermanedwino,0,1,0,1,1.4554896511734424e-05,0.0
morrisjr1989,0,1,0,1,1.4554896511734424e-05,0.0
Ill_Egg_6350,0,1,0,1,1.4554896511734424e-05,0.0
AdriVoid,0,1,0,1,1.4554896511734424e-05,0.0
resurrectedbear,0,1,0,1,1.4554896511734424e-05,0.0
Bird_Brain4101112,0,1,0,1,1.4554896511734424e-05,0.0
SiggySiggy69,0,1,0,1,1.4554896511734424e-05,0.0
allwedoisquinn,0,1,0,1,1.4554896511734424e-05,0.0
SorbetBig7778,0,1,0,1,1.4554896511734424e-05,0.0
Savings_Income4829,0,1,0,1,1.4554896511734424e-05,0.0
rvbeachguy,0,1,0,1,1.4554896511734424e-05,0.0
Ishua747,0,1,0,1,1.4554896511734424e-05,0.0
BluesGraveller,0,1,0,1,1.4554896511734424e-05,0.0
adultdaycare81,0,1,0,1,1.4554896511734424e-05,0.0
Dogmother123,0,1,0,1,1.4554896511734424e-05,0.0
BalmyBalmer,0,1,0,1,1.4554896511734424e-05,0.0
Old-Ad-3268,0,1,0,1,1.4554896511734424e-05,0.0
Jabby27,0,1,0,1,1.4554896511734424e-05,0.0
Internal_Buddy7982,0,1,0,1,1.4554896511734424e-05,0.0
Marquedien,0,1,0,1,1.4554896511734424e-05,0.0
Nicolehall202,0,1,0,1,1.4554896511734424e-05,0.0
JetpackNinjaDino209,0,1,0,1,1.4554896511734424e-05,0.0
GrayEagle825,0,1,0,1,1.4554896511734424e-05,0.0
Fuzzy-Bird-3641,0,1,0,1,1.4554896511734424e-05,0.0
Necessary-Chef8844,0,1,0,1,1.4554896511734424e-05,0.0
itsMineDK,0,1,0,1,1.4554896511734424e-05,0.0
cassiuswright,0,1,0,1,1.4554896511734424e-05,0.0
cookiemonster8u69,0,1,0,1,1.4554896511734424e-05,0.0
Lopsided-Example3779,0,1,0,1,1.4554896511734424e-05,0.0
Mikefromaround,0,1,0,1,1.4554896511734424e-05,0.0
ninernetneepneep,0,1,0,1,1.4554896511734424e-05,0.0
68_and_i_owe_U_1,0,1,0,1,1.4554896511734424e-05,0.0
justaguy2469,0,1,0,1,1.4554896511734424e-05,0.0
Final-Intention5407,0,1,0,1,1.4554896511734424e-05,0.0
Over_Selection2246,0,1,0,1,1.4554896511734424e-05,0.0
SoggyToaster_,0,1,0,1,1.4554896511734424e-05,0.0
Old_Leather_Sofa,0,1,0,1,1.4554896511734424e-05,0.0
Imaginary-Rooster-74,0,1,0,1,1.4554896511734424e-05,0.0
trippinmaui,0,1,0,1,1.4554896511734424e-05,0.0
ZirePhiinix,0,1,0,1,1.4554896511734424e-05,0.0
RoughConqureor,0,1,0,1,1.4554896511734424e-05,0.0
ConsumeFudge,0,1,0,1,1.4554896511734424e-05,0.0
duder_1979,0,1,0,1,1.4554896511734424e-05,0.0
BearFeetOrWhiteSox,0,1,0,1,1.4554896511734424e-05,0.0
holdthecouchdown1,0,1,0,1,1.4554896511734424e-05,0.0
RealWord5734,0,1,0,1,1.4554896511734424e-05,0.0
Haunting-Soup2086,0,1,0,1,1.4554896511734424e-05,0.0
DCBronzeAge,0,1,0,1,1.4554896511734424e-05,0.0
1nt3rn3tC0wb0y,0,1,0,1,1.4554896511734424e-05,0.0
Lothium,0,1,0,1,1.4554896511734424e-05,0.0
Tall-Performer6999,0,1,0,1,1.4554896511734424e-05,0.0
autobotCA,0,1,0,1,1.4554896511734424e-05,0.0
Ekly_Special,0,1,0,1,1.4554896511734424e-05,0.0
Odd-Page-7866,0,1,0,1,1.4554896511734424e-05,0.0
Sudden_Oil6156,0,1,0,1,1.4554896511734424e-05,0.0
Comfortable_Draw_176,0,1,0,1,1.4554896511734424e-05,0.0
Adventurous_Bet6571,0,1,0,1,1.4554896511734424e-05,0.0
Xaveofalltrades,0,1,0,1,1.4554896511734424e-05,0.0
Steelman93,0,1,0,1,1.4554896511734424e-05,0.0
Seizure_Storm,0,1,0,1,1.4554896511734424e-05,0.0
lubbz,0,1,0,1,1.4554896511734424e-05,0.0
racheluvsfranken,0,1,0,1,1.4554896511734424e-05,0.0
kibbeuneom,0,1,0,1,1.4554896511734424e-05,0.0
Administrative_Ant64,0,1,0,1,1.4554896511734424e-05,0.0
Drogonwasright,0,1,0,1,1.4554896511734424e-05,0.0
Deeyeff,0,1,0,1,1.4554896511734424e-05,0.0
Special-Original-215,0,1,0,1,1.4554896511734424e-05,0.0
Wassup4836,0,1,0,1,1.4554896511734424e-05,0.0
GovernmentCool7425,0,1,0,1,1.4554896511734424e-05,0.0
librarygirl00,0,1,0,1,1.4554896511734424e-05,0.0
ElectricalBoat2891,0,1,0,1,1.4554896511734424e-05,0.0
Used_Mark_7911,0,1,0,1,1.4554896511734424e-05,0.0
Comfortable-Fix-1168,0,1,0,1,1.4554896511734424e-05,0.0
AgencyFabulous4123,0,2,0,2,1.4554896511734424e-05,0.0
Aurelianana,0,1,0,1,1.4554896511734424e-05,0.0
Action_Connect,0,1,0,1,1.4554896511734424e-05,0.0
Then-Relief9957,0,1,0,1,1.4554896511734424e-05,0.0
Latter_Pie_7213,0,1,0,1,1.4554896511734424e-05,0.0
Necessary_Baker_7458,0,1,0,1,1.4554896511734424e-05,0.0
Ok_Perspective4402,0,1,0,1,1.4554896511734424e-05,0.0
darklord_0612,0,1,0,1,1.4554896511734424e-05,0.0
XxTruly_honestxx,0,1,0,1,1.4554896511734424e-05,0.0
FlyLikeAnEarworm,0,1,0,1,1.4554896511734424e-05,0.0
Ok_Cantaloupe692,0,1,0,1,1.4554896511734424e-05,0.0
quietus_rietus,0,1,0,1,1.4554896511734424e-05,0.0
King-JelIy,0,1,0,1,1.4554896511734424e-05,0.0
zanoske00,0,1,0,1,1.4554896511734424e-05,0.0
Traditional_Gas_1407,0,1,0,1,1.4554896511734424e-05,0.0
Far-Bodybuilder-6783,0,1,0,1,1.4554896511734424e-05,0.0
Famous_Mushroom_659,0,1,0,1,1.4554896511734424e-05,0.0
SuspectDaikon,0,1,0,1,1.4554896511734424e-05,0.0
OrbitRansom,0,1,0,1,1.4554896511734424e-05,0.0
FreeFortuna,0,1,0,1,1.4554896511734424e-05,0.0
career_realist,0,1,0,1,1.4554896511734424e-05,0.0
Monarch47_Glint,0,1,0,1,1.4554896511734424e-05,0.0
jimmy_fisher_cat,0,1,0,1,1.4554896511734424e-05,0.0
dmkraus,0,1,0,1,1.4554896511734424e-05,0.0
jdrelentless,0,1,0,2,1.4554896511734424e-05,0.0
justaguyonthebus,0,1,0,1,1.4554896511734424e-05,0.0
TurnDown4WattGaming,0,1,0,1,1.4554896511734424e-05,0.0
No_Shock2574,0,1,0,1,1.4554896511734424e-05,0.0
Pretty-Recording-803,0,1,0,1,1.4554896511734424e-05,0.0
theGnartist,0,1,0,1,1.4554896511734424e-05,0.0
CompoundInterests,0,1,0,1,1.4554896511734424e-05,0.0
EducatedBrotha,0,1,0,2,1.4554896511734424e-05,0.0
Budget-Cod4142,0,1,0,1,1.4554896511734424e-05,0.0
fleggn,0,1,0,1,1.4554896511734424e-05,0.0
Red_Trapezoid,0,1,0,1,1.4554896511734424e-05,0.0
MrPelham,0,1,0,1,1.4554896511734424e-05,0.0
Powerful-Year5233,0,1,0,1,1.4554896511734424e-05,0.0
dumbass_sempervirens,0,1,0,1,1.4554896511734424e-05,0.0
Dry-Move8731,0,1,0,1,1.4554896511734424e-05,0.0
Ok_Independent5362,0,1,0,1,1.4554896511734424e-05,0.0
ZucchiniCautious7333,0,1,0,1,1.4554896511734424e-05,0.0
One-Home2949,0,1,0,1,1.4554896511734424e-05,0.0
BlumpTheChodak,0,1,0,1,1.4554896511734424e-05,0.0
Minimum_Donkey_3762,0,1,0,1,1.4554896511734424e-05,0.0
AdministrativeHost15,0,1,0,1,1.4554896511734424e-05,0.0
Wetbaby14,0,1,0,1,1.4554896511734424e-05,0.0
0xbenedikt,0,1,0,1,1.4554896511734424e-05,0.0
Foreign-Dependent-12,0,1,0,1,1.4554896511734424e-05,0.0
1984-02-ICU,0,1,0,1,1.4554896511734424e-05,0.0
start_select,0,1,0,1,1.4554896511734424e-05,0.0
Responsible_Ad1940,0,1,0,1,1.4554896511734424e-05,0.0
outlier74,0,1,0,1,1.4554896511734424e-05,0.0
Alone-Guarantee-9646,0,1,0,1,1.4554896511734424e-05,0.0
joeymello333,0,1,0,1,1.4554896511734424e-05,0.0
IrnBruKid,0,1,0,1,1.4554896511734424e-05,0.0
sanket95droid,0,1,0,1,1.4554896511734424e-05,0.0
Bipster21,0,1,0,1,1.4554896511734424e-05,0.0
Fun_Strain_4006,0,1,0,1,1.4554896511734424e-05,0.0
JoanOfArc34,0,1,0,1,1.4554896511734424e-05,0.0
TrashPanda_924,0,1,0,1,1.4554896511734424e-05,0.0
arizonatealover,0,1,0,1,1.4554896511734424e-05,0.0
disquieter,0,1,0,1,1.4554896511734424e-05,0.0
No-Professional-9618,0,1,0,1,1.4554896511734424e-05,0.0
starcrossed92,0,1,0,1,1.4554896511734424e-05,0.0
DoctorNurse89,0,1,0,1,1.4554896511734424e-05,0.0
Alpine_Exchange_36,0,2,0,2,1.4554896511734424e-05,0.0
throwaway3113151,0,2,0,2,1.4554896511734424e-05,0.0
BookyMonstaw,0,1,0,1,1.4554896511734424e-05,0.0
No_Try_5430,0,1,0,1,1.4554896511734424e-05,0.0
PienerCleaner,0,1,0,1,1.4554896511734424e-05,0.0
Sailor_Propane,0,1,0,1,1.4554896511734424e-05,0.0
abcdefgcareful,0,1,0,1,1.4554896511734424e-05,0.0
lbiele,0,1,0,1,1.4554896511734424e-05,0.0
khaleesibrasil,0,1,0,1,1.4554896511734424e-05,0.0
Nicelyvillainous,0,1,0,1,1.4554896511734424e-05,0.0
Pure_Ambition,0,1,0,1,1.4554896511734424e-05,0.0
Common-Swing-4347,0,1,0,1,1.4554896511734424e-05,0.0
MrBanditFleshpound,0,1,0,1,1.4554896511734424e-05,0.0
bigtiddyhimbo,0,1,0,1,1.4554896511734424e-05,0.0
gerdy_gerdy,0,1,0,1,1.4554896511734424e-05,0.0
republicans_are_nuts,0,1,0,1,1.4554896511734424e-05,0.0
modshighkeypathetic,0,1,0,1,1.4554896511734424e-05,0.0
Personal_Oil_3746,0,1,0,1,1.4554896511734424e-05,0.0
Jandur,0,1,0,1,1.4554896511734424e-05,0.0
CanadianBertRaccoon,0,1,0,1,1.4554896511734424e-05,0.0
Abject-Rip8516,0,1,0,1,1.4554896511734424e-05,0.0
TheBigWhipper,0,1,0,1,1.4554896511734424e-05,0.0
Elii_Plays,0,1,0,1,1.4554896511734424e-05,0.0
jobleads_team,0,1,0,1,1.4554896511734424e-05,0.0
Feeling_Shift_9368,0,1,0,1,1.4554896511734424e-05,0.0
ligmatinos,0,1,0,1,1.4554896511734424e-05,0.0
Alvalade1993,0,1,0,1,1.4554896511734424e-05,0.0
Ok_Field_5701,0,1,0,1,1.4554896511734424e-05,0.0
Draco359,0,1,0,1,1.4554896511734424e-05,0.0
Lawlesslawton,0,1,0,1,1.4554896511734424e-05,0.0
Sharp-Investigator88,0,1,0,1,1.4554896511734424e-05,0.0
OpeningJournal,0,1,0,1,1.4554896511734424e-05,0.0
duncan-the-wonderdog,0,1,0,1,1.4554896511734424e-05,0.0
Dipsy_gr33n,0,1,0,1,1.4554896511734424e-05,0.0
Important-Meet-1929,0,1,0,1,1.4554896511734424e-05,0.0
Fast-Ad-7,0,1,0,1,1.4554896511734424e-05,0.0
danish_16,0,1,0,1,1.4554896511734424e-05,0.0
Soggy-Attempt,0,1,0,1,1.4554896511734424e-05,0.0
Mylife_myrule100,0,1,0,1,1.4554896511734424e-05,0.0
Degenerocitys,0,1,0,1,1.4554896511734424e-05,0.0
haze_from_deadlock,0,1,0,1,1.4554896511734424e-05,0.0
Choice-Toe-8457,0,1,0,1,1.4554896511734424e-05,0.0
CyberDaggerX,0,1,0,1,1.4554896511734424e-05,0.0
gc3160thtuk,0,1,0,1,1.4554896511734424e-05,0.0
Delicious-Link8654,0,1,0,2,1.4554896511734424e-05,0.0
deeworld_,0,1,0,1,1.4554896511734424e-05,0.0
Artemis_Sniper,0,1,0,1,1.4554896511734424e-05,0.0
donksky,0,1,0,1,1.4554896511734424e-05,0.0
EchoFromTheNebula,0,1,0,1,1.4554896511734424e-05,0.0
IntelligentChard1261,0,1,0,1,1.4554896511734424e-05,0.0
Competitive-Tea-6364,0,1,0,1,1.4554896511734424e-05,0.0
ihatebaboonstoo,0,1,0,1,1.4554896511734424e-05,0.0
throwawayprincabana,0,2,0,2,1.4554896511734424e-05,0.0
ItsOk_ItsAlright,0,1,0,1,1.4554896511734424e-05,0.0
SarcasticPups,0,1,0,1,1.4554896511734424e-05,0.0
infamous_merkin,0,1,0,1,1.4554896511734424e-05,0.0
Soggy-Document-6002,0,1,0,1,1.4554896511734424e-05,0.0
Ok-Fly-7609,0,1,0,1,1.4554896511734424e-05,0.0
goatpath,0,1,0,1,1.4554896511734424e-05,0.0
PennyPacker65,0,1,0,1,1.4554896511734424e-05,0.0
Swamped_ass84,0,1,0,1,1.4554896511734424e-05,0.0
ArcticDesertEagle,0,2,0,2,1.4554896511734424e-05,0.0
Unable_Parsnip944,0,1,0,1,1.4554896511734424e-05,0.0
Original-Clue-3364,0,1,0,1,1.4554896511734424e-05,0.0
Quick_Care_3306,0,1,0,1,1.4554896511734424e-05,0.0
HugeBlueberry,0,1,0,1,1.4554896511734424e-05,0.0
OxySmartyPants,0,1,0,1,1.4554896511734424e-05,0.0
veryhelpfultech,0,1,0,1,1.4554896511734424e-05,0.0
sittingnicely,0,1,0,1,1.4554896511734424e-05,0.0
CantAskInPerson,0,1,0,1,1.4554896511734424e-05,0.0
StrongAndFat_77,0,1,0,1,1.4554896511734424e-05,0.0
FormalElements,0,1,0,1,1.4554896511734424e-05,0.0
cupcakeartist,0,1,0,1,1.4554896511734424e-05,0.0
OAKI-io,0,1,0,1,1.4554896511734424e-05,0.0
wegoingtothemoon,0,1,0,1,1.4554896511734424e-05,0.0
NoApplication8115,0,1,0,1,1.4554896511734424e-05,0.0
treechopper123,0,1,0,1,1.4554896511734424e-05,0.0
StunningAlbatross753,0,1,0,1,1.4554896511734424e-05,0.0
DicksDraggon,0,1,0,1,1.4554896511734424e-05,0.0
ZombieStraight8952,0,1,0,1,1.4554896511734424e-05,0.0
Royal-Department7335,0,1,0,1,1.4554896511734424e-05,0.0
tmp1599,0,1,0,1,1.4554896511734424e-05,0.0
8Pak,0,1,0,1,1.4554896511734424e-05,0.0
Dry-Record6655,0,1,0,1,1.4554896511734424e-05,0.0
Tap1596432221,0,1,0,1,1.4554896511734424e-05,0.0
PersonoFly,0,1,0,1,1.4554896511734424e-05,0.0
Environmental_Fig933,0,1,0,1,1.4554896511734424e-05,0.0
Ameer_Khatri,0,1,0,1,1.4554896511734424e-05,0.0
mdandy68,0,1,0,1,1.4554896511734424e-05,0.0
chocolatesteak,0,1,0,1,1.4554896511734424e-05,0.0
UnitedImpress2038,0,1,0,1,1.4554896511734424e-05,0.0
AdPrize3997,0,1,0,1,1.4554896511734424e-05,0.0
Proud-Act-6867,0,1,0,1,1.4554896511734424e-05,0.0
The_Truth_Teller_04,0,1,0,1,1.4554896511734424e-05,0.0
Awkward-Mammoth9285,0,1,0,1,1.4554896511734424e-05,0.0
designbyshivam,0,0,0,0,1.4554896511734424e-05,0.0
Tough_Cantaloupe_779,0,1,0,1,1.4554896511734424e-05,0.0
Nero_8484,0,1,0,1,1.4554896511734424e-05,0.0
AlamosX,0,1,0,1,1.4554896511734424e-05,0.0
snix_e,0,0,0,0,1.4554896511734424e-05,0.0
ThatGirlBon,0,1,0,1,1.4554896511734424e-05,0.0
DorianGraysPassport,0,1,0,1,1.4554896511734424e-05,0.0
tlh8505,0,1,0,1,1.4554896511734424e-05,0.0
Revolutionary_Gap365,0,1,0,1,1.4554896511734424e-05,0.0
Otto_Polymath,0,1,0,1,1.4554896511734424e-05,0.0
Castellan_Tycho,0,1,0,1,1.4554896511734424e-05,0.0
NotRadio01,0,1,0,1,1.4554896511734424e-05,0.0
Iwonatoasteroven,0,1,0,1,1.4554896511734424e-05,0.0
infinitekittenloop,0,1,0,1,1.4554896511734424e-05,0.0
jshrlzwrld02,0,1,0,1,1.4554896511734424e-05,0.0
Zerschmetterding,0,2,0,2,1.4554896511734424e-05,0.0
Alikese,0,1,0,1,1.4554896511734424e-05,0.0
SkipinToTheSweetShop,0,1,0,1,1.4554896511734424e-05,0.0
uniqueusername649,0,1,0,1,1.4554896511734424e-05,0.0
desire_reds,0,1,0,1,1.4554896511734424e-05,0.0
GreatScottCreates,0,1,0,1,1.4554896511734424e-05,0.0
Revolutionary-Pair-2,0,1,0,1,1.4554896511734424e-05,0.0
PineappleP1992,0,1,0,1,1.4554896511734424e-05,0.0
mph000,0,1,0,1,1.4554896511734424e-05,0.0
cruisereg,0,1,0,1,1.4554896511734424e-05,0.0
ExchangeStandard6957,0,1,0,1,1.4554896511734424e-05,0.0
RedSolez,0,1,0,1,1.4554896511734424e-05,0.0
sirplopdrops,0,1,0,1,1.4554896511734424e-05,0.0
VirileMongoose,0,1,0,1,1.4554896511734424e-05,0.0
jennyjenny223,0,1,0,1,1.4554896511734424e-05,0.0
long_jean,0,1,0,1,1.4554896511734424e-05,0.0
count_busoni,0,1,0,1,1.4554896511734424e-05,0.0
LeToucanNZ,0,1,0,1,1.4554896511734424e-05,0.0
Decent-Muffin9530,0,1,0,1,1.4554896511734424e-05,0.0
finethanksandyou,0,1,0,1,1.4554896511734424e-05,0.0
Playful-Ostrich42,0,1,0,1,1.4554896511734424e-05,0.0
ExistingPoem1374,0,1,0,1,1.4554896511734424e-05,0.0
NetJnkie,0,1,0,1,1.4554896511734424e-05,0.0
blue_tiny_teacup,0,1,0,1,1.4554896511734424e-05,0.0
rushofshit2thebrain,0,1,0,1,1.4554896511734424e-05,0.0
DaFuqq__,0,1,0,1,1.4554896511734424e-05,0.0
YogurtclosetOk4366,0,1,0,1,1.4554896511734424e-05,0.0
louisianab,0,1,0,1,1.4554896511734424e-05,0.0
333abundy_meditator,0,1,0,1,1.4554896511734424e-05,0.0
mxjuno,0,1,0,1,1.4554896511734424e-05,0.0
musclecard54,0,1,0,1,1.4554896511734424e-05,0.0
chirpchirp13,0,1,0,1,1.4554896511734424e-05,0.0
Shep_Alderson,0,1,0,1,1.4554896511734424e-05,0.0
PenaltyIntelligent47,0,1,0,1,1.4554896511734424e-05,0.0
undercoffeed,0,1,0,1,1.4554896511734424e-05,0.0
ClearAbroad2965,0,1,0,1,1.4554896511734424e-05,0.0
freelancemomma,0,1,0,1,1.4554896511734424e-05,0.0
zStellaronHunterz,0,1,0,1,1.4554896511734424e-05,0.0
entp69,0,1,0,1,1.4554896511734424e-05,0.0
zahnuffle,0,1,0,1,1.4554896511734424e-05,0.0
Mandos_Over_Landos,0,1,0,1,1.4554896511734424e-05,0.0
cyberguy2369,0,1,0,1,1.4554896511734424e-05,0.0
Every-Incident7659,0,1,0,1,1.4554896511734424e-05,0.0
Aggravating-Menu-976,0,1,0,1,1.4554896511734424e-05,0.0
AnxiousDiva143,0,1,0,1,1.4554896511734424e-05,0.0
astoicsoldier,0,1,0,1,1.4554896511734424e-05,0.0
Plantfortomorrow,0,1,0,1,1.4554896511734424e-05,0.0
Worst-Lobster,0,1,0,1,1.4554896511734424e-05,0.0
irelace,0,1,0,1,1.4554896511734424e-05,0.0
Elk_Meadow,0,1,0,1,1.4554896511734424e-05,0.0
WasteSprinkles7308,0,1,0,1,1.4554896511734424e-05,0.0
Jimbeamjunior1,0,1,0,1,1.4554896511734424e-05,0.0
BisonThunderclap,0,1,0,1,1.4554896511734424e-05,0.0
Difficult-Cod-7436,0,1,0,1,1.4554896511734424e-05,0.0
Specialist_Success75,0,1,0,1,1.4554896511734424e-05,0.0
Lumpy_Sherbert_4295,0,1,0,1,1.4554896511734424e-05,0.0
rhazux,0,1,0,1,1.4554896511734424e-05,0.0
Castal,0,1,0,1,1.4554896511734424e-05,0.0
uraniumroxx,0,1,0,1,1.4554896511734424e-05,0.0
redrosie44,0,1,0,1,1.4554896511734424e-05,0.0
quamquam11,0,1,0,1,1.4554896511734424e-05,0.0
NeuroDissonance,0,1,0,1,1.4554896511734424e-05,0.0
Different_Ad_5071,0,1,0,1,1.4554896511734424e-05,0.0
Subject-Tree5102,0,1,0,1,1.4554896511734424e-05,0.0
Specific-Incident-74,0,1,0,1,1.4554896511734424e-05,0.0
Michael_mkz,0,1,0,1,1.4554896511734424e-05,0.0
LakeTilia,0,1,0,1,1.4554896511734424e-05,0.0
OtherwiseScience4967,0,1,0,1,1.4554896511734424e-05,0.0
RatmiGaming,0,1,0,1,1.4554896511734424e-05,0.0
Ornery_Frame_8052,0,1,0,1,1.4554896511734424e-05,0.0
Both_Variety8012,0,1,0,1,1.4554896511734424e-05,0.0
awjre,0,1,0,1,1.4554896511734424e-05,0.0
SilentAd689,0,1,0,1,1.4554896511734424e-05,0.0
foreverand2025,0,1,0,1,1.4554896511734424e-05,0.0
EtteJayC,0,1,0,1,1.4554896511734424e-05,0.0
Odd-Bonus-7559,0,1,0,1,1.4554896511734424e-05,0.0
bitchlyy,0,1,0,1,1.4554896511734424e-05,0.0
Ok_Weekend001,0,1,0,1,1.4554896511734424e-05,0.0
Character_Bottle6510,0,1,0,1,1.4554896511734424e-05,0.0
Correct-Animator-386,0,1,0,1,1.4554896511734424e-05,0.0
pig_newton1,0,1,0,1,1.4554896511734424e-05,0.0
tashibum,0,1,0,1,1.4554896511734424e-05,0.0
f0xbunny,0,1,0,1,1.4554896511734424e-05,0.0
Secret-Departure540,0,2,0,2,1.4554896511734424e-05,0.0
SongBirdplace,0,1,0,1,1.4554896511734424e-05,0.0
Dannyzavage,0,1,0,1,1.4554896511734424e-05,0.0
thedeathmachine,0,1,0,1,1.4554896511734424e-05,0.0
BetterCall_Melissa,0,1,0,1,1.4554896511734424e-05,0.0
Spillingteasince92,0,1,0,1,1.4554896511734424e-05,0.0
alexnapierholland,0,1,0,1,1.4554896511734424e-05,0.0
captivekappybara,0,1,0,1,1.4554896511734424e-05,0.0
Pain_Tough,0,1,0,1,1.4554896511734424e-05,0.0
JC505818,0,1,0,1,1.4554896511734424e-05,0.0
kimmbot,0,1,0,1,1.4554896511734424e-05,0.0
throwawaaaayyeap,0,1,0,1,1.4554896511734424e-05,0.0
CarpetSuccessful,0,1,0,1,1.4554896511734424e-05,0.0
BiggieBoss9,0,1,0,1,1.4554896511734424e-05,0.0
bitofsomething,0,1,0,1,1.4554896511734424e-05,0.0
HomeMakeOver2025,0,1,0,1,1.4554896511734424e-05,0.0
Muted_Raspberry4161,0,1,0,1,1.4554896511734424e-05,0.0
Electronic_Store1139,0,1,0,1,1.4554896511734424e-05,0.0
Acrobatic_Web_3450,0,1,0,1,1.4554896511734424e-05,0.0
AlliantUniversity,0,1,0,1,1.4554896511734424e-05,0.0
Apprehensive-Fun2852,0,1,0,1,1.4554896511734424e-05,0.0
Particular_Skin_2621,0,1,0,1,1.4554896511734424e-05,0.0
developerknight91,0,1,0,1,1.4554896511734424e-05,0.0
joyoftechs,0,1,0,1,1.4554896511734424e-05,0.0
TheRama,0,1,0,1,1.4554896511734424e-05,0.0
MyNebraskaKitchen,0,1,0,1,1.4554896511734424e-05,0.0
goofsmasher,0,1,0,1,1.4554896511734424e-05,0.0
Nwilliams1300,0,1,0,1,1.4554896511734424e-05,0.0
Sebastian-S,0,1,0,1,1.4554896511734424e-05,0.0
AliveStill1128,0,1,0,1,1.4554896511734424e-05,0.0
Specialist_Fee_3690,0,1,0,1,1.4554896511734424e-05,0.0
bigdogs_tuffguy,0,1,0,1,1.4554896511734424e-05,0.0
Tardis_Drifter,0,1,0,1,1.4554896511734424e-05,0.0
Scubber,0,1,0,1,1.4554896511734424e-05,0.0
MJJH6112,0,1,0,1,1.4554896511734424e-05,0.0
overconfidentman,0,1,0,1,1.4554896511734424e-05,0.0
NinjaTabby,0,1,0,1,1.4554896511734424e-05,0.0
therealmeleana,0,1,0,1,1.4554896511734424e-05,0.0
myteethhurttoday,0,1,0,1,1.4554896511734424e-05,0.0
Lost_Ad9748,0,1,0,1,1.4554896511734424e-05,0.0
almeertm87,0,1,0,1,1.4554896511734424e-05,0.0
No-Society9441,0,1,0,1,1.4554896511734424e-05,0.0
Sea-Vast-8826,0,1,0,1,1.4554896511734424e-05,0.0
sesame_101,0,1,0,1,1.4554896511734424e-05,0.0
tushshtup,0,1,0,1,1.4554896511734424e-05,0.0
IrregardlessForOne,0,1,0,1,1.4554896511734424e-05,0.0
Lucky-Impress-9092,0,1,0,1,1.4554896511734424e-05,0.0
brsboarder2,0,1,0,1,1.4554896511734424e-05,0.0
Clear-Conference9637,0,1,0,1,1.4554896511734424e-05,0.0
Inevitable-Ad-3881,0,1,0,1,1.4554896511734424e-05,0.0
Amazing_Divide1214,0,1,0,1,1.4554896511734424e-05,0.0
arghalot,0,1,0,1,1.4554896511734424e-05,0.0
Groovyhip_69,0,1,0,1,1.4554896511734424e-05,0.0
Teddyruxx,0,1,0,1,1.4554896511734424e-05,0.0
Amberlux,0,1,0,1,1.4554896511734424e-05,0.0
InigoMontoya313,0,1,0,1,1.4554896511734424e-05,0.0
Aggressive_Deer_7072,0,1,0,1,1.4554896511734424e-05,0.0
Significant-Hair2087,0,1,0,1,1.4554896511734424e-05,0.0
omunaman,0,0,0,0,1.4554896511734424e-05,0.0
emayakeerthi,0,0,0,0,1.4554896511734424e-05,0.0
Ok-Wolverine-4726,0,1,0,1,1.4554896511734424e-05,0.0
ineedyou2FOCUS,0,1,0,1,1.4554896511734424e-05,0.0
PreparationFar2920,0,1,0,1,1.4554896511734424e-05,0.0
acwik,0,1,0,1,1.4554896511734424e-05,0.0
Financial_Chicken_63,0,1,0,1,1.4554896511734424e-05,0.0
Relevant_Editor_7503,0,1,0,1,1.4554896511734424e-05,0.0
ExperienceOdd3036,0,2,0,2,1.4554896511734424e-05,0.0
NewDay042,0,1,0,1,1.4554896511734424e-05,0.0
mmrs32,0,1,0,1,1.4554896511734424e-05,0.0
colonelcomicsansders,0,2,0,2,1.4554896511734424e-05,0.0
brainparts,0,1,0,1,1.4554896511734424e-05,0.0
dj_estrela,0,1,0,1,1.4554896511734424e-05,0.0
RicketyRekt69,0,1,0,1,1.4554896511734424e-05,0.0
Ruh_Roh-,0,1,0,1,1.4554896511734424e-05,0.0
CrazyGal2121,0,1,0,1,1.4554896511734424e-05,0.0
pooshypushy,0,1,0,1,1.4554896511734424e-05,0.0
matthiasfelipe,0,1,0,1,1.4554896511734424e-05,0.0
AntiCaf123,0,1,0,1,1.4554896511734424e-05,0.0
Prepped-n-Ready,0,1,0,1,1.4554896511734424e-05,0.0
No_Cycle6611,0,1,0,1,1.4554896511734424e-05,0.0
LargeMarge-sentme,0,1,0,1,1.4554896511734424e-05,0.0
flippin4us,0,1,0,1,1.4554896511734424e-05,0.0
KnowWhat_I_Mean,0,1,0,1,1.4554896511734424e-05,0.0
TacoTrike,0,1,0,1,1.4554896511734424e-05,0.0
EnvironmentalShirt70,0,1,0,1,1.4554896511734424e-05,0.0
WarChampion90,0,1,0,1,1.4554896511734424e-05,0.0
yelloworld1947,0,1,0,1,1.4554896511734424e-05,0.0
No-Case-4938,0,1,0,1,1.4554896511734424e-05,0.0
Cheap-Librarian1953,0,1,0,1,1.4554896511734424e-05,0.0
For-Long-Term,0,1,0,1,1.4554896511734424e-05,0.0
p8q8,0,1,0,1,1.4554896511734424e-05,0.0
CorpEscapeArtist,0,1,0,1,1.4554896511734424e-05,0.0
Regime_Change,0,1,0,1,1.4554896511734424e-05,0.0
Middle-Shape4263,0,1,0,1,1.4554896511734424e-05,0.0
Key-Interaction7559,0,0,0,0,1.4554896511734424e-05,0.0
SeveralInformation28,0,1,0,1,1.4554896511734424e-05,0.0
beingrickgrimes,0,1,0,1,1.4554896511734424e-05,0.0
youwesurfs,0,1,0,1,1.4554896511734424e-05,0.0
Mu69,0,1,0,1,1.4554896511734424e-05,0.0
LaggWasTaken,0,1,0,1,1.4554896511734424e-05,0.0
Swimming-Definition5,0,1,0,1,1.4554896511734424e-05,0.0
EnCroissantEndgame,0,1,0,1,1.4554896511734424e-05,0.0
Rare_Skin1192,0,1,0,1,1.4554896511734424e-05,0.0
UpstairsWeight5911,0,1,0,1,1.4554896511734424e-05,0.0
Ok-Leopard-9917,0,1,0,1,1.4554896511734424e-05,0.0
vonbonds,0,1,0,1,1.4554896511734424e-05,0.0
Mr_Saturn1,0,1,0,1,1.4554896511734424e-05,0.0
AmoebaMysterious5938,0,1,0,1,1.4554896511734424e-05,0.0
rf500_tech,0,3,0,4,1.4554896511734424e-05,0.0
carlos_the_dwarf_,0,1,0,1,1.4554896511734424e-05,0.0
more_magic_mike,0,1,0,1,1.4554896511734424e-05,0.0
VirtualRun706,0,1,0,1,1.4554896511734424e-05,0.0
alani_95,0,1,0,1,1.4554896511734424e-05,0.0
popos_cosmic_enjoyer,0,1,0,1,1.4554896511734424e-05,0.0
Big-Guitar5816,0,1,0,1,1.4554896511734424e-05,0.0
BatCountryVoyager,0,1,0,1,1.4554896511734424e-05,0.0
Ashnie2827,0,1,0,1,1.4554896511734424e-05,0.0
dinopontino,0,1,0,1,1.4554896511734424e-05,0.0
starrorange,0,1,0,1,1.4554896511734424e-05,0.0
Barrelled_Chef_Curry,0,1,0,1,1.4554896511734424e-05,0.0
4PurpleRain,0,1,0,1,1.4554896511734424e-05,0.0
DrySolution1366,0,1,0,1,1.4554896511734424e-05,0.0
qrcode23,0,1,0,1,1.4554896511734424e-05,0.0
Candid-Operation2042,0,1,0,1,1.4554896511734424e-05,0.0
2730Ceramics,0,1,0,1,1.4554896511734424e-05,0.0
Far_Albatross_771,0,1,0,1,1.4554896511734424e-05,0.0
Budsygus,0,1,0,1,1.4554896511734424e-05,0.0
Whiskey4Wisdom,0,1,0,1,1.4554896511734424e-05,0.0
United_Cup338,0,1,0,1,1.4554896511734424e-05,0.0
Ancient_Weekend5878,0,1,0,1,1.4554896511734424e-05,0.0
navigationallyaided,0,1,0,1,1.4554896511734424e-05,0.0
Ok_Cardiologist_6471,0,2,0,2,1.4554896511734424e-05,0.0
Basic_Bird_8843,0,1,0,1,1.4554896511734424e-05,0.0
Culvingg,0,1,0,1,1.4554896511734424e-05,0.0
olzk,0,1,0,1,1.4554896511734424e-05,0.0
walgreensfan,0,1,0,1,1.4554896511734424e-05,0.0
ctrin,0,1,0,1,1.4554896511734424e-05,0.0
StretcherEctum,0,1,0,1,1.4554896511734424e-05,0.0
Winter_Spend_7314,0,1,0,1,1.4554896511734424e-05,0.0
jacob2494,0,1,0,1,1.4554896511734424e-05,0.0
Elketeplantakara,0,1,0,1,1.4554896511734424e-05,0.0
nibor11,0,1,0,1,1.4554896511734424e-05,0.0
ShootinAllMyChisolm,0,1,0,1,1.4554896511734424e-05,0.0
NFT_fud,0,1,0,1,1.4554896511734424e-05,0.0
KingDjtar,0,1,0,1,1.4554896511734424e-05,0.0
Individual_Section_6,0,1,0,1,1.4554896511734424e-05,0.0
PearApprehensive1556,0,1,0,1,1.4554896511734424e-05,0.0
cryptokid24,0,1,0,1,1.4554896511734424e-05,0.0
JumpyWerewolf9439,0,1,0,1,1.4554896511734424e-05,0.0
Slatzor,0,1,0,1,1.4554896511734424e-05,0.0
Careful_Call_4454,0,1,0,1,1.4554896511734424e-05,0.0
DarthVadersShoeHorn,0,1,0,1,1.4554896511734424e-05,0.0
Bricks_4_Hands,0,1,0,1,1.4554896511734424e-05,0.0
Bumblegun81,0,1,0,1,1.4554896511734424e-05,0.0
Gumshoe305,0,1,0,1,1.4554896511734424e-05,0.0
Any_Cream_4396,0,1,0,1,1.4554896511734424e-05,0.0
Bitter_Tomatillo_729,0,1,0,1,1.4554896511734424e-05,0.0
Flaky_Breakfast_64,0,1,0,1,1.4554896511734424e-05,0.0
ParticularExtreme255,0,1,0,1,1.4554896511734424e-05,0.0
zombiechewtoy,0,1,0,1,1.4554896511734424e-05,0.0
Dry-Post8230,0,1,0,1,1.4554896511734424e-05,0.0
SugarHazeCEO,0,1,0,1,1.4554896511734424e-05,0.0
bbkangalang,0,1,0,1,1.4554896511734424e-05,0.0
Berdydk,0,1,0,1,1.4554896511734424e-05,0.0
Possible_Pattern8904,0,1,0,1,1.4554896511734424e-05,0.0
Apprehensive-Milk-46,0,1,0,1,1.4554896511734424e-05,0.0
kander12,0,1,0,1,1.4554896511734424e-05,0.0
___whelmed___,0,1,0,1,1.4554896511734424e-05,0.0
Effective_Owl_1411,0,1,0,1,1.4554896511734424e-05,0.0
Good_Roll,0,1,0,1,1.4554896511734424e-05,0.0
gnirobamI,0,1,0,1,1.4554896511734424e-05,0.0
KiKi31Rose,0,1,0,1,1.4554896511734424e-05,0.0
Lost-Local208,0,1,0,1,1.4554896511734424e-05,0.0
Motor_Reveal5726,0,1,0,1,1.4554896511734424e-05,0.0
slackingsloth77,0,1,0,1,1.4554896511734424e-05,0.0
WeAllNeedBandAids,0,1,0,1,1.4554896511734424e-05,0.0
Infinite-Ambassador5,0,1,0,1,1.4554896511734424e-05,0.0
Nearby-Lab0,0,1,0,1,1.4554896511734424e-05,0.0
Outside_Orchid_1576,0,1,0,1,1.4554896511734424e-05,0.0
Ditties__,0,1,0,1,1.4554896511734424e-05,0.0
Aware-Style2491,0,1,0,1,1.4554896511734424e-05,0.0
O_oblivious,0,1,0,1,1.4554896511734424e-05,0.0
Fit-Nectarine5047,0,1,0,1,1.4554896511734424e-05,0.0
ryanmononoke,0,1,0,1,1.4554896511734424e-05,0.0
TikiKie92,0,1,0,1,1.4554896511734424e-05,0.0
Jo-18,0,1,0,1,1.4554896511734424e-05,0.0
Heavy_Invite_9528,0,1,0,1,1.4554896511734424e-05,0.0
meow_mix420,0,1,0,1,1.4554896511734424e-05,0.0
thenewesthewitt,0,1,0,1,1.4554896511734424e-05,0.0
dawglover1011,0,1,0,1,1.4554896511734424e-05,0.0
ReallyDustyCat,0,1,0,1,1.4554896511734424e-05,0.0
Aezzil,0,1,0,1,1.4554896511734424e-05,0.0
cant_have_nicethings,0,1,0,1,1.4554896511734424e-05,0.0
RogueEyebrow,0,1,0,1,1.4554896511734424e-05,0.0
Juicecalculator,0,1,0,1,1.4554896511734424e-05,0.0
kVen_pad,0,1,0,1,1.4554896511734424e-05,0.0
ferrouswolf2,0,1,0,1,1.4554896511734424e-05,0.0
randomqwerty10,0,1,0,1,1.4554896511734424e-05,0.0
GustavoFring0,0,1,0,1,1.4554896511734424e-05,0.0
italic_pony_90,0,1,0,1,1.4554896511734424e-05,0.0
ConnectAffect831,0,1,0,1,1.4554896511734424e-05,0.0
Classic_Feedback_373,0,1,0,1,1.4554896511734424e-05,0.0
shazilz,0,1,0,1,1.4554896511734424e-05,0.0
Elmundopalladio,0,1,0,1,1.4554896511734424e-05,0.0
Emergency-Drawer-535,0,1,0,1,1.4554896511734424e-05,0.0
AdoptedTargaryen,0,1,0,1,1.4554896511734424e-05,0.0
Twelveangrywomen,0,1,0,1,1.4554896511734424e-05,0.0
taewongun1895,0,1,0,1,1.4554896511734424e-05,0.0
PlusVersion387,0,1,0,1,1.4554896511734424e-05,0.0
SortMyself,0,1,0,1,1.4554896511734424e-05,0.0
Ok-Buyer8756,0,1,0,1,1.4554896511734424e-05,0.0
CJ4700,0,1,0,1,1.4554896511734424e-05,0.0
Plenty_Scientist_477,0,1,0,1,1.4554896511734424e-05,0.0
Eye_Pod,0,1,0,1,1.4554896511734424e-05,0.0
ResponsibleCulture43,0,1,0,1,1.4554896511734424e-05,0.0
ReaperOfMars13,0,1,0,1,1.4554896511734424e-05,0.0
Ok_Upstairs_5660,0,1,0,1,1.4554896511734424e-05,0.0
Tricky-Society-4831,0,1,0,1,1.4554896511734424e-05,0.0
xagds,0,1,0,1,1.4554896511734424e-05,0.0
IwasRemilekun,0,1,0,1,1.4554896511734424e-05,0.0
Aviaturix,0,1,0,1,1.4554896511734424e-05,0.0
kimmymoorefun,0,1,0,1,1.4554896511734424e-05,0.0
wcked-husky,0,1,0,1,1.4554896511734424e-05,0.0
Hedgehog317,0,1,0,1,1.4554896511734424e-05,0.0
Perfect-Tangerine-7,0,1,0,1,1.4554896511734424e-05,0.0
NoCOguy1968,0,1,0,1,1.4554896511734424e-05,0.0
TheThinDewLine,0,1,0,1,1.4554896511734424e-05,0.0
Jingoldsby,0,1,0,1,1.4554896511734424e-05,0.0
Hour-Two-3104,0,1,0,1,1.4554896511734424e-05,0.0
FreshLiterature,0,1,0,1,1.4554896511734424e-05,0.0
headspreader,0,1,0,1,1.4554896511734424e-05,0.0
2Loves2loves,0,1,0,1,1.4554896511734424e-05,0.0
WhitePinoy,0,1,0,1,1.4554896511734424e-05,0.0
the_ballmer_peak,0,1,0,1,1.4554896511734424e-05,0.0
BaldursGoat,0,1,0,1,1.4554896511734424e-05,0.0
ChaoticAmoebae,0,1,0,1,1.4554896511734424e-05,0.0
TerraSwitchback,0,1,0,1,1.4554896511734424e-05,0.0
Subject-Hedgehog6278,0,1,0,1,1.4554896511734424e-05,0.0
Old-World7751,0,1,0,1,1.4554896511734424e-05,0.0
Friendly-Victory5517,0,1,0,1,1.4554896511734424e-05,0.0
Both-Original-7296,0,1,0,1,1.4554896511734424e-05,0.0
futebollounge,0,1,0,1,1.4554896511734424e-05,0.0
Additional_Post_3878,0,1,0,1,1.4554896511734424e-05,0.0
rebeccar_hidden,0,1,0,1,1.4554896511734424e-05,0.0
Pinglewingle,0,1,0,1,1.4554896511734424e-05,0.0
OnigiriWife,0,1,0,1,1.4554896511734424e-05,0.0
mojoseven7,0,1,0,1,1.4554896511734424e-05,0.0
Exotic-Stock,0,1,0,1,1.4554896511734424e-05,0.0
HuntersMaker,0,1,0,1,1.4554896511734424e-05,0.0
bigbeezer710,0,1,0,1,1.4554896511734424e-05,0.0
razorbak123,0,1,0,1,1.4554896511734424e-05,0.0
SimilarComfortable69,0,1,0,1,1.4554896511734424e-05,0.0
Diligent_Carrot_8410,0,1,0,1,1.4554896511734424e-05,0.0
Old_Two_6696,0,1,0,1,1.4554896511734424e-05,0.0
Human-4-real,0,1,0,1,1.4554896511734424e-05,0.0
Ninfyr,0,1,0,1,1.4554896511734424e-05,0.0
Exotic_Reputation_59,0,1,0,1,1.4554896511734424e-05,0.0
Vampy-Night,0,1,0,1,1.4554896511734424e-05,0.0
ximeray,0,1,0,1,1.4554896511734424e-05,0.0
DieselZRebel,0,1,0,1,1.4554896511734424e-05,0.0
Pugs914,0,1,0,1,1.4554896511734424e-05,0.0
calltheotherguy,0,1,0,1,1.4554896511734424e-05,0.0
minieri4,0,1,0,1,1.4554896511734424e-05,0.0
OldKangaroo429,0,1,0,1,1.4554896511734424e-05,0.0
GroceryDry1755,0,1,0,1,1.4554896511734424e-05,0.0
Tall-Cartoonist711,0,1,0,1,1.4554896511734424e-05,0.0
Southern_Conflict_11,0,1,0,1,1.4554896511734424e-05,0.0
Mogen-tech,0,1,0,1,1.4554896511734424e-05,0.0
Many_Reindeer6636,0,1,0,1,1.4554896511734424e-05,0.0
ZolaThaGod,0,1,0,1,1.4554896511734424e-05,0.0
test_test_1_2,0,1,0,1,1.4554896511734424e-05,0.0
Technical_Car3729,0,1,0,1,1.4554896511734424e-05,0.0
marksman-with-a-pen,0,1,0,1,1.4554896511734424e-05,0.0
AggravatingAd4758,0,1,0,1,1.4554896511734424e-05,0.0
cake_is_ay_lie,0,1,0,1,1.4554896511734424e-05,0.0
DiegoTheGoat,0,1,0,1,1.4554896511734424e-05,0.0
ragefulhorse,0,1,0,1,1.4554896511734424e-05,0.0
Glittering-Smoke-670,0,1,0,1,1.4554896511734424e-05,0.0
Sirdukeofexcellence2,0,1,0,1,1.4554896511734424e-05,0.0
chubbierunner,0,1,0,1,1.4554896511734424e-05,0.0
saucyspacefries,0,1,0,1,1.4554896511734424e-05,0.0
Money-Lifeguard5815,0,1,0,1,1.4554896511734424e-05,0.0
Skerdzius,0,1,0,1,1.4554896511734424e-05,0.0
__bee_07,0,1,0,1,1.4554896511734424e-05,0.0
Ok_Asparagus_1073,0,1,0,1,1.4554896511734424e-05,0.0
XOXOsauce,0,1,0,1,1.4554896511734424e-05,0.0
FilmSkeez,0,1,0,1,1.4554896511734424e-05,0.0
Proof-Necessary-5201,0,1,0,1,1.4554896511734424e-05,0.0
grand305,0,1,0,1,1.4554896511734424e-05,0.0
dxtbv,0,1,0,1,1.4554896511734424e-05,0.0
gothtitts,0,1,0,1,1.4554896511734424e-05,0.0
the_kitty_gobbler,0,1,0,1,1.4554896511734424e-05,0.0
torodonn,0,1,0,1,1.4554896511734424e-05,0.0
112thThrowaway,0,1,0,1,1.4554896511734424e-05,0.0
Few_Vermicelli4169,0,1,0,1,1.4554896511734424e-05,0.0
Theo-Graves,0,1,0,1,1.4554896511734424e-05,0.0
Sudden_Succotash_188,0,1,0,1,1.4554896511734424e-05,0.0
darth_vadrrr,0,0,0,0,1.4554896511734424e-05,0.0
JuniorFrosting2331,0,1,0,1,1.4554896511734424e-05,0.0
This_Top3038,0,1,0,1,1.4554896511734424e-05,0.0
OlderThanMyParents,0,2,0,2,1.4554896511734424e-05,0.0
Zed_or_AFK,0,1,0,1,1.4554896511734424e-05,0.0
TheGuyfromRiften,0,1,0,1,1.4554896511734424e-05,0.0
daschande,0,1,0,1,1.4554896511734424e-05,0.0
Shatteredreality,0,1,0,1,1.4554896511734424e-05,0.0
lightstaver,0,1,0,1,1.4554896511734424e-05,0.0
Oi-Oi,0,1,0,1,1.4554896511734424e-05,0.0
rigsta,0,1,0,1,1.4554896511734424e-05,0.0
Big_Knife_SK,0,1,0,1,1.4554896511734424e-05,0.0
smellycoat,0,1,0,1,1.4554896511734424e-05,0.0
Additional-Staff-326,0,1,0,1,1.4554896511734424e-05,0.0
mediandude,0,1,0,1,1.4554896511734424e-05,0.0
AbbeyRoadMoonwalk,0,1,0,1,1.4554896511734424e-05,0.0
ahandmadegrin,0,1,0,1,1.4554896511734424e-05,0.0
DissKhorse,0,1,0,1,1.4554896511734424e-05,0.0
notjfd,0,1,0,1,1.4554896511734424e-05,0.0
WholeDragonfruit2870,0,1,0,1,1.4554896511734424e-05,0.0
doxiesrule89,0,1,0,1,1.4554896511734424e-05,0.0
Nokshor,0,1,0,1,1.4554896511734424e-05,0.0
Alaira314,0,1,0,1,1.4554896511734424e-05,0.0
TheSpaceAlpaca,0,1,0,1,1.4554896511734424e-05,0.0
flex_inthemind,0,1,0,1,1.4554896511734424e-05,0.0
dookarion,0,1,0,1,1.4554896511734424e-05,0.0
DudeWithParrot,0,1,0,1,1.4554896511734424e-05,0.0
Waiting4Reccession,0,1,0,1,1.4554896511734424e-05,0.0
ABHOR_pod,0,1,0,1,1.4554896511734424e-05,0.0
Fishbulb2,0,1,0,1,1.4554896511734424e-05,0.0
illbedeadbydawn,0,1,0,1,1.4554896511734424e-05,0.0
BeerForThought,0,1,0,1,1.4554896511734424e-05,0.0
Different-Ship449,0,1,0,1,1.4554896511734424e-05,0.0
lazybugbear,0,1,0,1,1.4554896511734424e-05,0.0
MSgtGunny,0,1,0,1,1.4554896511734424e-05,0.0
Fritzkreig,0,1,0,1,1.4554896511734424e-05,0.0
Bamboonicorn,0,1,0,1,1.4554896511734424e-05,0.0
lefthandedchurro,0,1,0,1,1.4554896511734424e-05,0.0
ChunkyDay,0,2,0,2,1.4554896511734424e-05,0.0
YaSurLetsGoSeeYamcha,0,1,0,1,1.4554896511734424e-05,0.0
28ozEstwing,0,1,0,1,1.4554896511734424e-05,0.0
bracesthrowaway,0,1,0,1,1.4554896511734424e-05,0.0
cyberpunk_werewolf,0,1,0,1,1.4554896511734424e-05,0.0
AttonJRand,0,1,0,1,1.4554896511734424e-05,0.0
hahaha01357,0,1,0,1,1.4554896511734424e-05,0.0
Recent-Midnight6376,0,1,0,1,1.4554896511734424e-05,0.0
AirconGuyUK,0,1,0,1,1.4554896511734424e-05,0.0
Kazzie2Y5,0,1,0,1,1.4554896511734424e-05,0.0
EnoughWeekend6853,0,1,0,1,1.4554896511734424e-05,0.0
Karmastocracy,0,1,0,1,1.4554896511734424e-05,0.0
hajenso,0,1,0,1,1.4554896511734424e-05,0.0
treanir,0,1,0,1,1.4554896511734424e-05,0.0
Hazrd_Design,0,1,0,1,1.4554896511734424e-05,0.0
AntifaSuperSoldier13,0,1,0,1,1.4554896511734424e-05,0.0
CanYouPleaseChill,0,1,0,1,1.4554896511734424e-05,0.0
Wise_Monkey_Sez,0,1,0,1,1.4554896511734424e-05,0.0
DarkLordKohan,0,1,0,1,1.4554896511734424e-05,0.0
Far-Pie-6226,0,1,0,1,1.4554896511734424e-05,0.0
missgoooooo,0,1,0,1,1.4554896511734424e-05,0.0
marlinspike,0,1,0,1,1.4554896511734424e-05,0.0
-XanderCrews-,0,1,0,1,1.4554896511734424e-05,0.0
threemo,0,1,0,1,1.4554896511734424e-05,0.0
AGrandNewAdventure,0,1,0,1,1.4554896511734424e-05,0.0
PurpleV93,0,1,0,1,1.4554896511734424e-05,0.0
masterprtzl,0,1,0,1,1.4554896511734424e-05,0.0
Hasbotted,0,1,0,1,1.4554896511734424e-05,0.0
massivemember69,0,1,0,1,1.4554896511734424e-05,0.0
Fatscot,0,1,0,1,1.4554896511734424e-05,0.0
AnswerAdorable5555,0,1,0,1,1.4554896511734424e-05,0.0
sjmattn,0,1,0,1,1.4554896511734424e-05,0.0
EddieVanzetti,0,1,0,1,1.4554896511734424e-05,0.0
Jets237,0,1,0,1,1.4554896511734424e-05,0.0
Banes_Addiction,0,1,0,1,1.4554896511734424e-05,0.0
TheGodDMBatman,0,1,0,1,1.4554896511734424e-05,0.0
Seiche,0,1,0,1,1.4554896511734424e-05,0.0
bkilian93,0,1,0,1,1.4554896511734424e-05,0.0
Teledildonic,0,1,0,1,1.4554896511734424e-05,0.0
borkborkbork99,0,1,0,1,1.4554896511734424e-05,0.0
ihvnnm,0,1,0,1,1.4554896511734424e-05,0.0
kstar79,0,1,0,1,1.4554896511734424e-05,0.0
yesmoreeggtalk67,0,1,0,1,1.4554896511734424e-05,0.0
rayhaque,0,1,0,1,1.4554896511734424e-05,0.0
Maximum_Rat,0,1,0,1,1.4554896511734424e-05,0.0
5of10,0,1,0,1,1.4554896511734424e-05,0.0
derango,0,1,0,1,1.4554896511734424e-05,0.0
overts,0,1,0,1,1.4554896511734424e-05,0.0
jetpack_operation,0,1,0,1,1.4554896511734424e-05,0.0
zombiskunk,0,1,0,1,1.4554896511734424e-05,0.0
MarcoDiFrancescino,0,1,0,1,1.4554896511734424e-05,0.0
Narrow-Accident-1136,0,1,0,1,1.4554896511734424e-05,0.0
PartTime_Crusader,0,1,0,1,1.4554896511734424e-05,0.0
Polar-Bear_Soup,0,1,0,1,1.4554896511734424e-05,0.0
kengou,0,1,0,1,1.4554896511734424e-05,0.0
NotAHost,0,1,0,1,1.4554896511734424e-05,0.0
OpeningElectrical296,0,1,0,1,1.4554896511734424e-05,0.0
Immediate_Ad3378,0,1,0,1,1.4554896511734424e-05,0.0
BoringRedHorse,0,1,0,1,1.4554896511734424e-05,0.0
SpaceGangsta,0,1,0,1,1.4554896511734424e-05,0.0
kelsey_schmelsey,0,1,0,1,1.4554896511734424e-05,0.0
sufjanweiss,0,1,0,1,1.4554896511734424e-05,0.0
Time-Chemical-5578,0,1,0,1,1.4554896511734424e-05,0.0
narcotic_sea,0,1,0,1,1.4554896511734424e-05,0.0
PostWarChaos,0,1,0,1,1.4554896511734424e-05,0.0
DonkeyDanceParty,0,1,0,1,1.4554896511734424e-05,0.0
flashflighter,0,1,0,1,1.4554896511734424e-05,0.0
Handsome_fart_face,0,1,0,1,1.4554896511734424e-05,0.0
AgtDALLAS,0,1,0,1,1.4554896511734424e-05,0.0
Chris_Bryant,0,1,0,1,1.4554896511734424e-05,0.0
aeamador521,0,1,0,1,1.4554896511734424e-05,0.0
rarutero,0,1,0,1,1.4554896511734424e-05,0.0
ThatBobbyG,0,1,0,1,1.4554896511734424e-05,0.0
PyroNine9,0,1,0,1,1.4554896511734424e-05,0.0
KSF_WHSPhysics,0,1,0,1,1.4554896511734424e-05,0.0
icantnotthink,0,1,0,1,1.4554896511734424e-05,0.0
Assume_The_Wurst,0,1,0,1,1.4554896511734424e-05,0.0
VRNord,0,1,0,1,1.4554896511734424e-05,0.0
aLokilike,0,1,0,1,1.4554896511734424e-05,0.0
babayetu_babayaga,0,1,0,1,1.4554896511734424e-05,0.0
JohnAtticus,0,1,0,1,1.4554896511734424e-05,0.0
badhabitfml,0,1,0,1,1.4554896511734424e-05,0.0
Snatch-Fart-Breath,0,1,0,1,1.4554896511734424e-05,0.0
Ponies_in_Jumpers,0,1,0,1,1.4554896511734424e-05,0.0
potatoears,0,1,0,1,1.4554896511734424e-05,0.0
radda,0,1,0,1,1.4554896511734424e-05,0.0
Pale-Acanthaceae-736,0,1,0,1,1.4554896511734424e-05,0.0
atfricks,0,1,0,1,1.4554896511734424e-05,0.0
OkBid71,0,1,0,1,1.4554896511734424e-05,0.0
stormbringerelric77,0,1,0,1,1.4554896511734424e-05,0.0
getwhirleddotcom,0,1,0,1,1.4554896511734424e-05,0.0
lozo78,0,1,0,1,1.4554896511734424e-05,0.0
DiplomatikEmunetey,0,1,0,1,1.4554896511734424e-05,0.0
mpbh,0,1,0,1,1.4554896511734424e-05,0.0
vathroway,0,1,0,1,1.4554896511734424e-05,0.0
DeepestShallows,0,1,0,1,1.4554896511734424e-05,0.0
Gnonthgol,0,1,0,1,1.4554896511734424e-05,0.0
ggroverggiraffe,0,1,0,1,1.4554896511734424e-05,0.0
zkareface,0,1,0,1,1.4554896511734424e-05,0.0
okwellactually,0,1,0,1,1.4554896511734424e-05,0.0
emotionalpie,0,1,0,1,1.4554896511734424e-05,0.0
WhoCanTell,0,1,0,1,1.4554896511734424e-05,0.0
Select-Teaching-2455,0,1,0,1,1.4554896511734424e-05,0.0
darknekolux,0,1,0,1,1.4554896511734424e-05,0.0
OCGHand,0,1,0,1,1.4554896511734424e-05,0.0
i_have_chosen_a_name,0,1,0,1,1.4554896511734424e-05,0.0
ChemistryObvious1283,0,1,0,1,1.4554896511734424e-05,0.0
Hefty-Revenue5547,0,1,0,1,1.4554896511734424e-05,0.0
Dull-Culture-1523,0,1,0,1,1.4554896511734424e-05,0.0
rocketseeker,0,1,0,1,1.4554896511734424e-05,0.0
SCUMDOG_MILLIONAIRE,0,1,0,1,1.4554896511734424e-05,0.0
Agitated_Reveal_6211,0,1,0,1,1.4554896511734424e-05,0.0
xGenghisSwan,0,1,0,1,1.4554896511734424e-05,0.0
LEDKleenex,0,1,0,1,1.4554896511734424e-05,0.0
KennyGolladaysMom,0,1,0,1,1.4554896511734424e-05,0.0
HustlinInTheHall,0,1,0,1,1.4554896511734424e-05,0.0
Ghost_Of_Malatesta,0,1,0,1,1.4554896511734424e-05,0.0
JayTheSuspectedFurry,0,1,0,1,1.4554896511734424e-05,0.0
feckdespez,0,1,0,1,1.4554896511734424e-05,0.0
archimedes_glizzy,0,1,0,1,1.4554896511734424e-05,0.0
endo,0,1,0,1,1.4554896511734424e-05,0.0
bottlethecat,0,1,0,1,1.4554896511734424e-05,0.0
symwyttm,0,1,0,1,1.4554896511734424e-05,0.0
MrDangoLife,0,1,0,1,1.4554896511734424e-05,0.0
DaemonCRO,0,1,0,1,1.4554896511734424e-05,0.0
HighOnGoofballs,0,1,0,1,1.4554896511734424e-05,0.0
FlameFrost__,0,1,0,1,1.4554896511734424e-05,0.0
sultansofswinz,0,1,0,1,1.4554896511734424e-05,0.0
k00leggie,0,1,0,1,1.4554896511734424e-05,0.0
paigeguy,0,1,0,1,1.4554896511734424e-05,0.0
BoredomFestival,0,1,0,1,1.4554896511734424e-05,0.0
kagushiro,0,1,0,1,1.4554896511734424e-05,0.0
xafimrev2,0,1,0,1,1.4554896511734424e-05,0.0
mrsockburgler,0,1,0,1,1.4554896511734424e-05,0.0
sakubaka,0,1,0,1,1.4554896511734424e-05,0.0
IcestormsEd,0,1,0,1,1.4554896511734424e-05,0.0
Khabba,0,1,0,1,1.4554896511734424e-05,0.0
monkeyhoward,0,1,0,1,1.4554896511734424e-05,0.0
CitizenHuman,0,1,0,1,1.4554896511734424e-05,0.0
davenTeo,0,1,0,1,1.4554896511734424e-05,0.0
ChopChopChinaman,0,1,0,1,1.4554896511734424e-05,0.0
shanksisevil,0,1,0,1,1.4554896511734424e-05,0.0
mclardass,0,1,0,1,1.4554896511734424e-05,0.0
ChangeMyDespair,0,1,0,1,1.4554896511734424e-05,0.0
ChillAhriman,0,1,0,1,1.4554896511734424e-05,0.0
QuellishQuellish,0,1,0,1,1.4554896511734424e-05,0.0
CaptainBayouBilly,0,1,0,1,1.4554896511734424e-05,0.0
novium258,0,1,0,1,1.4554896511734424e-05,0.0
Any-Mathematician946,0,1,0,1,1.4554896511734424e-05,0.0
smackson,0,1,0,1,1.4554896511734424e-05,0.0
ajzinni,0,1,0,1,1.4554896511734424e-05,0.0
Z00111111,0,1,0,1,1.4554896511734424e-05,0.0
jt19912009,0,1,0,1,1.4554896511734424e-05,0.0
dubblies,0,1,0,1,1.4554896511734424e-05,0.0
Grabdon_7489,0,1,0,1,1.4554896511734424e-05,0.0
jointheredditarmy,0,1,0,1,1.4554896511734424e-05,0.0
Emeral,0,1,0,1,1.4554896511734424e-05,0.0
Mkboii,0,1,0,1,1.4554896511734424e-05,0.0
QuiEgo,0,1,0,1,1.4554896511734424e-05,0.0
fuck_all_you_too,0,1,0,1,1.4554896511734424e-05,0.0
pharm4karma,0,1,0,1,1.4554896511734424e-05,0.0
slax03,0,1,0,1,1.4554896511734424e-05,0.0
smohyee,0,1,0,1,1.4554896511734424e-05,0.0
Siiciie,0,1,0,1,1.4554896511734424e-05,0.0
alphacross,0,1,0,1,1.4554896511734424e-05,0.0
Ukelele-in-the-rain,0,1,0,1,1.4554896511734424e-05,0.0
polchickenpotpie,0,1,0,1,1.4554896511734424e-05,0.0
visque,0,1,0,1,1.4554896511734424e-05,0.0
Big_Condition477,0,1,0,1,1.4554896511734424e-05,0.0
Pattern_Humble,0,1,0,1,1.4554896511734424e-05,0.0
Drugba,0,1,0,1,1.4554896511734424e-05,0.0
ButWhatIfPotato,0,1,0,1,1.4554896511734424e-05,0.0
Jhonka86,0,1,0,1,1.4554896511734424e-05,0.0
Bottom-Topper,0,1,0,1,1.4554896511734424e-05,0.0
writemcsean,0,1,0,1,1.4554896511734424e-05,0.0
wag3slav3,0,1,0,1,1.4554896511734424e-05,0.0
PyroDesu,0,1,0,1,1.4554896511734424e-05,0.0
cc81,0,1,0,1,1.4554896511734424e-05,0.0
elVentrado,0,1,0,1,1.4554896511734424e-05,0.0
SakishimaHabu,0,1,0,1,1.4554896511734424e-05,0.0
Fractales,0,1,0,1,1.4554896511734424e-05,0.0
_x_oOo_x_,0,1,0,1,1.4554896511734424e-05,0.0
SpreadsheetMadman,0,1,0,1,1.4554896511734424e-05,0.0
beniferlopez,0,1,0,1,1.4554896511734424e-05,0.0
meelawsh,0,1,0,1,1.4554896511734424e-05,0.0
ishboo3002,0,1,0,1,1.4554896511734424e-05,0.0
jackloganoliver,0,1,0,1,1.4554896511734424e-05,0.0
emazv72,0,1,0,1,1.4554896511734424e-05,0.0
zelore23,0,1,0,1,1.4554896511734424e-05,0.0
AI_moderated_failure,0,1,0,1,1.4554896511734424e-05,0.0
ZizzianYouthMinister,0,1,0,1,1.4554896511734424e-05,0.0
LefsaMadMuppet,0,1,0,1,1.4554896511734424e-05,0.0
ayriuss,0,1,0,1,1.4554896511734424e-05,0.0
out_of_shape_hiker,0,1,0,1,1.4554896511734424e-05,0.0
roymgscampbell,0,1,0,1,1.4554896511734424e-05,0.0
baw3000,0,1,0,1,1.4554896511734424e-05,0.0
UncleDaddy_00,0,1,0,1,1.4554896511734424e-05,0.0
itec745,0,1,0,1,1.4554896511734424e-05,0.0
imminentjogger5,0,1,0,1,1.4554896511734424e-05,0.0
Trixielarue2020,0,1,0,1,1.4554896511734424e-05,0.0
Resident_Pop4202,0,1,0,1,1.4554896511734424e-05,0.0
Rolandersec,0,1,0,1,1.4554896511734424e-05,0.0
ParadigmGrind,0,1,0,1,1.4554896511734424e-05,0.0
MihrSialiant,0,1,0,1,1.4554896511734424e-05,0.0
KnightsOfREM,0,1,0,1,1.4554896511734424e-05,0.0
CatButler,0,1,0,1,1.4554896511734424e-05,0.0
ilikethemshort420,0,1,0,1,1.4554896511734424e-05,0.0
cguess,0,1,0,1,1.4554896511734424e-05,0.0
MayYouBeHappyHealthy,0,1,0,1,1.4554896511734424e-05,0.0
tehgilligan,0,1,0,1,1.4554896511734424e-05,0.0
lightninhopkins,0,1,0,1,1.4554896511734424e-05,0.0
CardmanNV,0,1,0,1,1.4554896511734424e-05,0.0
Enygma_6,0,1,0,1,1.4554896511734424e-05,0.0
scnottaken,0,1,0,1,1.4554896511734424e-05,0.0
MattDaCatt,0,1,0,1,1.4554896511734424e-05,0.0
asreagy,0,1,0,1,1.4554896511734424e-05,0.0
g2petter,0,1,0,1,1.4554896511734424e-05,0.0
CyberHippy,0,1,0,1,1.4554896511734424e-05,0.0
0w1,0,1,0,1,1.4554896511734424e-05,0.0
tatakatakashi,0,1,0,1,1.4554896511734424e-05,0.0
JagdCrab,0,1,0,1,1.4554896511734424e-05,0.0
minche,0,1,0,1,1.4554896511734424e-05,0.0
Mugen1220,0,1,0,1,1.4554896511734424e-05,0.0
Amazing-Marzipan1442,0,1,0,1,1.4554896511734424e-05,0.0
VidalEnterprise,0,1,0,1,1.4554896511734424e-05,0.0
Fearless-Feature-830,0,1,0,1,1.4554896511734424e-05,0.0
Riaayo,0,1,0,1,1.4554896511734424e-05,0.0
banjist,0,1,0,1,1.4554896511734424e-05,0.0
AlfredoPaniagua,0,1,0,1,1.4554896511734424e-05,0.0
brunckle,0,1,0,1,1.4554896511734424e-05,0.0
its_not_you_its_ye,0,1,0,1,1.4554896511734424e-05,0.0
snubda,0,1,0,1,1.4554896511734424e-05,0.0
Arthur_Edens,0,1,0,1,1.4554896511734424e-05,0.0
sprcow,0,1,0,1,1.4554896511734424e-05,0.0
Mend1cant,0,1,0,1,1.4554896511734424e-05,0.0
MoreCloud6435,0,1,0,1,1.4554896511734424e-05,0.0
CarrionWaywardOne,0,1,0,1,1.4554896511734424e-05,0.0
syrup_cupcakes,0,1,0,1,1.4554896511734424e-05,0.0
Wizmaxman,0,1,0,1,1.4554896511734424e-05,0.0
ThoughtsonYaoi,0,1,0,1,1.4554896511734424e-05,0.0
Monteze,0,1,0,1,1.4554896511734424e-05,0.0
thekrone,0,1,0,1,1.4554896511734424e-05,0.0
bythenumbers10,0,1,0,1,1.4554896511734424e-05,0.0
Yung_zu,0,1,0,1,1.4554896511734424e-05,0.0
PortugalParaTodos29,0,1,0,1,1.4554896511734424e-05,0.0
MrAlbs,0,1,0,1,1.4554896511734424e-05,0.0
hypothetician,0,1,0,1,1.4554896511734424e-05,0.0
Benejeseret,0,1,0,1,1.4554896511734424e-05,0.0
sprintercourse,0,1,0,1,1.4554896511734424e-05,0.0
AdviceNotAskedFor,0,1,0,1,1.4554896511734424e-05,0.0
lalaland4711,0,1,0,1,1.4554896511734424e-05,0.0
pissflapz,0,1,0,1,1.4554896511734424e-05,0.0
BTTPL,0,1,0,1,1.4554896511734424e-05,0.0
What_a_fat_one,0,1,0,1,1.4554896511734424e-05,0.0
Slim_Charles,0,1,0,1,1.4554896511734424e-05,0.0
LittleUrbanAchiever,0,1,0,1,1.4554896511734424e-05,0.0
Internationallegs,0,1,0,1,1.4554896511734424e-05,0.0
Rowvan,0,1,0,1,1.4554896511734424e-05,0.0
PecanCoffeePlease,0,1,0,1,1.4554896511734424e-05,0.0
PerfunctoryComments,0,1,0,1,1.4554896511734424e-05,0.0
yo_soy_soja,0,1,0,1,1.4554896511734424e-05,0.0
IFeartheWiggles,0,1,0,1,1.4554896511734424e-05,0.0
Crashman09,0,1,0,1,1.4554896511734424e-05,0.0
Derseyyy,0,1,0,1,1.4554896511734424e-05,0.0
Worth_Much,0,1,0,1,1.4554896511734424e-05,0.0
BUSHMONSTER31,0,1,0,1,1.4554896511734424e-05,0.0
diptherial,0,1,0,1,1.4554896511734424e-05,0.0
Kennys-Chicken,0,1,0,1,1.4554896511734424e-05,0.0
abraxsis,0,1,0,1,1.4554896511734424e-05,0.0
HiphopopoptimusPrime,0,1,0,1,1.4554896511734424e-05,0.0
Nice-Ad-2792,0,1,0,1,1.4554896511734424e-05,0.0
Responsible_Jury_415,0,1,0,1,1.4554896511734424e-05,0.0
ImDriftwood,0,1,0,1,1.4554896511734424e-05,0.0
T-sigma,0,1,0,1,1.4554896511734424e-05,0.0
PlainBread,0,1,0,1,1.4554896511734424e-05,0.0
spaceandthewoods_,0,1,0,1,1.4554896511734424e-05,0.0
exacta_galaxy,0,1,0,1,1.4554896511734424e-05,0.0
how-unfortunate,0,1,0,1,1.4554896511734424e-05,0.0
TachiH,0,1,0,1,1.4554896511734424e-05,0.0
tgc220,0,1,0,1,1.4554896511734424e-05,0.0
nilenilemalopile,0,1,0,1,1.4554896511734424e-05,0.0
---Ka1---,0,1,0,1,1.4554896511734424e-05,0.0
KiIlinItWithKindness,0,1,0,1,1.4554896511734424e-05,0.0
Saisei,0,1,0,1,1.4554896511734424e-05,0.0
webfiend,0,1,0,1,1.4554896511734424e-05,0.0
Jesus_Is_My_Gardener,0,1,0,1,1.4554896511734424e-05,0.0
Disastrous-System175,0,1,0,1,1.4554896511734424e-05,0.0
KenethSargatanas,0,1,0,1,1.4554896511734424e-05,0.0
SentientFotoGeek,0,1,0,1,1.4554896511734424e-05,0.0
EnginerdingSJ,0,1,0,1,1.4554896511734424e-05,0.0
EunuchNinja,0,1,0,1,1.4554896511734424e-05,0.0
Happy_Little_Fish,0,1,0,1,1.4554896511734424e-05,0.0
AstrangerR,0,1,0,1,1.4554896511734424e-05,0.0
urgentmatters,0,1,0,1,1.4554896511734424e-05,0.0
JMurdock77,0,1,0,1,1.4554896511734424e-05,0.0
I_Enjoy_Beer,0,1,0,1,1.4554896511734424e-05,0.0
chrisq823,0,1,0,1,1.4554896511734424e-05,0.0
XavierRex83,0,1,0,1,1.4554896511734424e-05,0.0
Auctorion,0,1,0,1,1.4554896511734424e-05,0.0
ConsiderationDry9084,0,1,0,1,1.4554896511734424e-05,0.0
Enbaybae,0,1,0,1,1.4554896511734424e-05,0.0
UpbeatBeach7657,0,1,0,1,1.4554896511734424e-05,0.0
rts93,0,1,0,1,1.4554896511734424e-05,0.0
The_Original_Miser,0,1,0,1,1.4554896511734424e-05,0.0
Lego_Chicken,0,1,0,1,1.4554896511734424e-05,0.0
smallcoder,0,1,0,1,1.4554896511734424e-05,0.0
husky_whisperer,0,1,0,1,1.4554896511734424e-05,0.0
happywindsurfing,0,1,0,1,1.4554896511734424e-05,0.0
Thadrea,0,1,0,1,1.4554896511734424e-05,0.0
Contrary-Canary,0,1,0,1,1.4554896511734424e-05,0.0
EduBru,0,1,0,1,1.4554896511734424e-05,0.0
No_Atmosphere_2186,0,1,0,1,1.4554896511734424e-05,0.0
saurus-REXicon,0,1,0,1,1.4554896511734424e-05,0.0
ag1h420,0,1,0,1,1.4554896511734424e-05,0.0
ekkidee,0,1,0,1,1.4554896511734424e-05,0.0
llehctim3750,0,1,0,1,1.4554896511734424e-05,0.0
Nearflyer,0,1,0,1,1.4554896511734424e-05,0.0
TaxidermySocks,0,1,0,1,1.4554896511734424e-05,0.0
actorpractice,0,1,0,1,1.4554896511734424e-05,0.0
Princep_Krixus,0,1,0,1,1.4554896511734424e-05,0.0
MysteriousAtmosphere,0,1,0,1,1.4554896511734424e-05,0.0
Nottherealeddy,0,1,0,1,1.4554896511734424e-05,0.0
LarryLeadFootsHead,0,1,0,1,1.4554896511734424e-05,0.0
SlayingSword94,0,1,0,1,1.4554896511734424e-05,0.0
AGodDamnGhost,0,1,0,1,1.4554896511734424e-05,0.0
spooky_spaghetties,0,1,0,1,1.4554896511734424e-05,0.0
Tokidoki_Haru,0,1,0,1,1.4554896511734424e-05,0.0
overlyambitiousgoat,0,1,0,1,1.4554896511734424e-05,0.0
Plane_Suggestion_189,0,1,0,1,1.4554896511734424e-05,0.0
splynncryth,0,1,0,1,1.4554896511734424e-05,0.0
87utrecht,0,1,0,1,1.4554896511734424e-05,0.0
m0ngoos3,0,1,0,1,1.4554896511734424e-05,0.0
AuntRhubarb,0,1,0,1,1.4554896511734424e-05,0.0
TheColdestFeet,0,1,0,1,1.4554896511734424e-05,0.0
CassandraTruth,0,1,0,1,1.4554896511734424e-05,0.0
thismorningscoffee,0,1,0,1,1.4554896511734424e-05,0.0
cluberti,0,1,0,1,1.4554896511734424e-05,0.0
Embarrassed-Web-4707,0,1,0,1,1.4554896511734424e-05,0.0
ScientificBeastMode,0,1,0,1,1.4554896511734424e-05,0.0
DiligentMission6851,0,1,0,1,1.4554896511734424e-05,0.0
ThePegasi,0,1,0,1,1.4554896511734424e-05,0.0
CatRescuer8,0,1,0,1,1.4554896511734424e-05,0.0
B00marangTrotter,0,1,0,1,1.4554896511734424e-05,0.0
Mataraiki,0,1,0,1,1.4554896511734424e-05,0.0
xhammyhamtaro,0,1,0,1,1.4554896511734424e-05,0.0
belf_priest,0,1,0,1,1.4554896511734424e-05,0.0
Leafy0,0,1,0,1,1.4554896511734424e-05,0.0
socratic_weeb,0,1,0,1,1.4554896511734424e-05,0.0
ALittleEtomidate,0,1,0,1,1.4554896511734424e-05,0.0
EagerlyDoingNothing,0,1,0,1,1.4554896511734424e-05,0.0
naughty_farmerTJR,0,1,0,1,1.4554896511734424e-05,0.0
imadethistochatbach,0,1,0,1,1.4554896511734424e-05,0.0
Adezar,0,1,0,1,1.4554896511734424e-05,0.0
PainttheTownLead,0,1,0,1,1.4554896511734424e-05,0.0
El_Rey_de_Spices,0,1,0,1,1.4554896511734424e-05,0.0
Killahdanks1,0,1,0,1,1.4554896511734424e-05,0.0
Mustang1718,0,1,0,1,1.4554896511734424e-05,0.0
mcma0183,0,1,0,1,1.4554896511734424e-05,0.0
BartleBossy,0,1,0,1,1.4554896511734424e-05,0.0
TheDistantEnd,0,1,0,1,1.4554896511734424e-05,0.0
JazzHandsNinja42,0,1,0,1,1.4554896511734424e-05,0.0
BlazingJava,0,1,0,1,1.4554896511734424e-05,0.0
reklatzz,0,1,0,1,1.4554896511734424e-05,0.0
alurkerhere,0,1,0,1,1.4554896511734424e-05,0.0
TBSchemer,0,1,0,1,1.4554896511734424e-05,0.0
Muzoa,0,1,0,1,1.4554896511734424e-05,0.0
SubjectWorry7196,0,1,0,1,1.4554896511734424e-05,0.0
AUnicornDonkey,0,1,0,1,1.4554896511734424e-05,0.0
DelphiTsar,0,1,0,1,1.4554896511734424e-05,0.0
indigloss,0,1,0,1,1.4554896511734424e-05,0.0
Snoo_57113,0,1,0,1,1.4554896511734424e-05,0.0
pioniere,0,1,0,1,1.4554896511734424e-05,0.0
catfishjenkins,0,1,0,1,1.4554896511734424e-05,0.0
Send-More-Coffee,0,1,0,1,1.4554896511734424e-05,0.0
firemage22,0,1,0,1,1.4554896511734424e-05,0.0
spookmann,0,1,0,1,1.4554896511734424e-05,0.0
aggibridges,0,1,0,1,1.4554896511734424e-05,0.0
Dr_Mack_Aroni_,0,1,0,1,1.4554896511734424e-05,0.0
doublehelixman,0,1,0,1,1.4554896511734424e-05,0.0
UltraEngine60,0,1,0,1,1.4554896511734424e-05,0.0
GuyWithLag,0,1,0,1,1.4554896511734424e-05,0.0
EruantienAduialdraug,0,1,0,1,1.4554896511734424e-05,0.0
Sophira,0,1,0,1,1.4554896511734424e-05,0.0
forsakengoatee,0,1,0,1,1.4554896511734424e-05,0.0
vivaoink,0,1,0,1,1.4554896511734424e-05,0.0
MouthwashProphet,0,1,0,1,1.4554896511734424e-05,0.0
WiserStudent557,0,1,0,1,1.4554896511734424e-05,0.0
pishticus,0,1,0,1,1.4554896511734424e-05,0.0
-UltraAverageJoe-,0,1,0,1,1.4554896511734424e-05,0.0
yg2522,0,1,0,1,1.4554896511734424e-05,0.0
Dragonfly_pin,0,1,0,1,1.4554896511734424e-05,0.0
alaphamale,0,1,0,1,1.4554896511734424e-05,0.0
SarpedonWasFramed,0,2,0,2,1.4554896511734424e-05,0.0
Invisible_Friend1,0,1,0,1,1.4554896511734424e-05,0.0
Himbosupremeus,0,1,0,1,1.4554896511734424e-05,0.0
DuncanFisher69,0,1,0,1,1.4554896511734424e-05,0.0
MetalingusMikeII,0,1,0,1,1.4554896511734424e-05,0.0
grimeyduck,0,1,0,1,1.4554896511734424e-05,0.0
McKnackus,0,1,0,1,1.4554896511734424e-05,0.0
jedberg,0,1,0,1,1.4554896511734424e-05,0.0
finnjakefionnacake,0,1,0,1,1.4554896511734424e-05,0.0
fge116,0,1,0,1,1.4554896511734424e-05,0.0
IllustriousCrew2641,0,1,0,1,1.4554896511734424e-05,0.0
hasordealsw1thclams,0,1,0,1,1.4554896511734424e-05,0.0
19111191,0,1,0,1,1.4554896511734424e-05,0.0
shroudedwolf51,0,1,0,1,1.4554896511734424e-05,0.0
Icarium__,0,1,0,1,1.4554896511734424e-05,0.0
HairballTheory,0,1,0,1,1.4554896511734424e-05,0.0
ITSigno,0,1,0,1,1.4554896511734424e-05,0.0
DataGaia,0,1,0,1,1.4554896511734424e-05,0.0
Suzume_Chikahisa,0,1,0,1,1.4554896511734424e-05,0.0
BoiledFrogs,0,1,0,1,1.4554896511734424e-05,0.0
Irrepressible_Monkey,0,1,0,1,1.4554896511734424e-05,0.0
DragoonDM,0,1,0,1,1.4554896511734424e-05,0.0
Constant_Hotel_2279,0,1,0,1,1.4554896511734424e-05,0.0
drizzes,0,1,0,1,1.4554896511734424e-05,0.0
PigBoss_207,0,1,0,1,1.4554896511734424e-05,0.0
BKlounge93,0,1,0,1,1.4554896511734424e-05,0.0
foomprekov,0,1,0,1,1.4554896511734424e-05,0.0
Dhiox,0,1,0,1,1.4554896511734424e-05,0.0
DwabJohnstont,0,1,0,1,1.4554896511734424e-05,0.0
PapaTahm,0,1,0,1,1.4554896511734424e-05,0.0
Freddedonna,0,1,0,1,1.4554896511734424e-05,0.0
imredheaded,0,1,0,1,1.4554896511734424e-05,0.0
SquidAxis,0,1,0,1,1.4554896511734424e-05,0.0
capybooya,0,1,0,1,1.4554896511734424e-05,0.0
veeerybored,0,1,0,1,1.4554896511734424e-05,0.0
hopsgrapesgrains,0,1,0,1,1.4554896511734424e-05,0.0
kunair,0,1,0,1,1.4554896511734424e-05,0.0
ByTheHammerOfThor,0,1,0,1,1.4554896511734424e-05,0.0
Bheludin,0,1,0,1,1.4554896511734424e-05,0.0
TheWhalersOnTheMoon,0,1,0,1,1.4554896511734424e-05,0.0
UnluckyStartingStats,0,1,0,1,1.4554896511734424e-05,0.0
2948337,0,1,0,1,1.4554896511734424e-05,0.0
malokevi,0,1,0,1,1.4554896511734424e-05,0.0
CommitteeStatus,0,1,0,1,1.4554896511734424e-05,0.0
MrLyttleG,0,1,0,1,1.4554896511734424e-05,0.0
Tenk-o,0,1,0,1,1.4554896511734424e-05,0.0
Latter_Priority_659,0,1,0,1,1.4554896511734424e-05,0.0
floofnstuff,0,1,0,1,1.4554896511734424e-05,0.0
DirtyProjector,0,1,0,1,1.4554896511734424e-05,0.0
prodigalpariah,0,1,0,1,1.4554896511734424e-05,0.0
Magin_Shi,0,1,0,1,1.4554896511734424e-05,0.0
mc_squared_03,0,1,0,1,1.4554896511734424e-05,0.0
enaK66,0,1,0,1,1.4554896511734424e-05,0.0
levir,0,1,0,1,1.4554896511734424e-05,0.0
ArcticCelt,0,1,0,1,1.4554896511734424e-05,0.0
Nemo_Barbarossa,0,1,0,1,1.4554896511734424e-05,0.0
trowawayatwork,0,1,0,1,1.4554896511734424e-05,0.0
henryforprez,0,1,0,1,1.4554896511734424e-05,0.0
_sfhk,0,1,0,1,1.4554896511734424e-05,0.0
BondCool,0,1,0,1,1.4554896511734424e-05,0.0
generally-speaking,0,1,0,1,1.4554896511734424e-05,0.0
FaithlessnessLazy288,0,1,0,1,1.4554896511734424e-05,0.0
j0llyllama,0,1,0,1,1.4554896511734424e-05,0.0
topdangle,0,1,0,1,1.4554896511734424e-05,0.0
bobsaget824,0,1,0,1,1.4554896511734424e-05,0.0
Idiot616,0,1,0,1,1.4554896511734424e-05,0.0
Jimbobsupertramp,0,1,0,1,1.4554896511734424e-05,0.0
Do_itsch,0,1,0,1,1.4554896511734424e-05,0.0
HopefulScarcity9732,0,1,0,1,1.4554896511734424e-05,0.0
EnjoyerOfBeans,0,1,0,1,1.4554896511734424e-05,0.0
Tandittor,0,1,0,1,1.4554896511734424e-05,0.0
gereffi,0,1,0,1,1.4554896511734424e-05,0.0
TeaBurntMyTongue,0,1,0,1,1.4554896511734424e-05,0.0
sillybunneh,0,1,0,1,1.4554896511734424e-05,0.0
NoemsPlasticSurgeon,0,1,0,1,1.4554896511734424e-05,0.0
Vynlovanth,0,1,0,1,1.4554896511734424e-05,0.0
zedarzy,0,1,0,1,1.4554896511734424e-05,0.0
PiersPlays,0,1,0,1,1.4554896511734424e-05,0.0
Kholtien,0,1,0,1,1.4554896511734424e-05,0.0
plava-ta12,0,1,0,1,1.4554896511734424e-05,0.0
Stephen_1984,0,1,0,1,1.4554896511734424e-05,0.0
J_Skirch,0,1,0,1,1.4554896511734424e-05,0.0
DRTPman,0,1,0,1,1.4554896511734424e-05,0.0
J0hn-Stuart-Mill,0,1,0,1,1.4554896511734424e-05,0.0
MinorThreat83,0,1,0,1,1.4554896511734424e-05,0.0
themadpooper,0,1,0,1,1.4554896511734424e-05,0.0
eightysixmonkeys,0,1,0,1,1.4554896511734424e-05,0.0
rennarda,0,1,0,1,1.4554896511734424e-05,0.0
YouFoundMyLuckyCharm,0,1,0,1,1.4554896511734424e-05,0.0
KoffieCreamer,0,1,0,1,1.4554896511734424e-05,0.0
rahnbj,0,1,0,1,1.4554896511734424e-05,0.0
Dry_Instruction8254,0,1,0,1,1.4554896511734424e-05,0.0
pajamaparty,0,1,0,1,1.4554896511734424e-05,0.0
commanderclif,0,1,0,1,1.4554896511734424e-05,0.0
NoAcanthisitta9369,0,1,0,1,1.4554896511734424e-05,0.0
rubonidas_8425,0,1,0,1,1.4554896511734424e-05,0.0
Niceguy955,0,1,0,1,1.4554896511734424e-05,0.0
Psychological_Ad1999,0,1,0,1,1.4554896511734424e-05,0.0
uhf26,0,1,0,1,1.4554896511734424e-05,0.0
ClearCounter,0,1,0,1,1.4554896511734424e-05,0.0
Ilikeswedishfemboys,0,1,0,1,1.4554896511734424e-05,0.0
rich1051414,0,1,0,1,1.4554896511734424e-05,0.0
AdSilent782,0,1,0,1,1.4554896511734424e-05,0.0
BigEggBeaters,0,1,0,1,1.4554896511734424e-05,0.0
Wurm42,0,1,0,1,1.4554896511734424e-05,0.0
no_f-s_given,0,1,0,1,1.4554896511734424e-05,0.0
Spidey209,0,1,0,1,1.4554896511734424e-05,0.0
peepdabidness,0,1,0,1,1.4554896511734424e-05,0.0
Thunder_Nuts_,0,1,0,1,1.4554896511734424e-05,0.0
view-master,0,1,0,1,1.4554896511734424e-05,0.0
SigmaHog,0,1,0,1,1.4554896511734424e-05,0.0
sloggo,0,1,0,1,1.4554896511734424e-05,0.0
ErusTenebre,0,1,0,1,1.4554896511734424e-05,0.0
dack42,0,1,0,1,1.4554896511734424e-05,0.0
PianoAndFish,0,1,0,1,1.4554896511734424e-05,0.0
picturepath,0,1,0,1,1.4554896511734424e-05,0.0
Tavrin,0,1,0,1,1.4554896511734424e-05,0.0
Sp3cV,0,1,0,1,1.4554896511734424e-05,0.0
novacolumbia,0,1,0,1,1.4554896511734424e-05,0.0
SnooSnooper,0,1,0,1,1.4554896511734424e-05,0.0
DistinctAd3865,0,1,0,1,1.4554896511734424e-05,0.0
LivingParticular915,0,1,0,1,1.4554896511734424e-05,0.0
DjFaze3,0,1,0,1,1.4554896511734424e-05,0.0
Acrobatic-Dot-6273,0,1,0,1,1.4554896511734424e-05,0.0
AnnonymousPenguin_,0,1,0,1,1.4554896511734424e-05,0.0
National-Anywhere158,0,1,0,1,1.4554896511734424e-05,0.0
malarkial,0,1,0,1,1.4554896511734424e-05,0.0
giantpandamonium,0,1,0,1,1.4554896511734424e-05,0.0
Safe-Bat-4806,0,1,0,1,1.4554896511734424e-05,0.0
arkansaslax,0,1,0,1,1.4554896511734424e-05,0.0
ThyShirtIsBlue,0,1,0,1,1.4554896511734424e-05,0.0
Stooovie,0,1,0,1,1.4554896511734424e-05,0.0
EverybodyHits,0,1,0,1,1.4554896511734424e-05,0.0
flurinegger,0,1,0,1,1.4554896511734424e-05,0.0
ExigentCalm,0,1,0,1,1.4554896511734424e-05,0.0
Aisuhokke,0,1,0,1,1.4554896511734424e-05,0.0
urbrainonnuggs,0,1,0,1,1.4554896511734424e-05,0.0
lathamb_98,0,1,0,1,1.4554896511734424e-05,0.0
JoMax213,0,1,0,1,1.4554896511734424e-05,0.0
z01z,0,1,0,1,1.4554896511734424e-05,0.0
Shadowtirs,0,1,0,1,1.4554896511734424e-05,0.0
palebluedot24,0,1,0,1,1.4554896511734424e-05,0.0
Nbkelo,0,1,0,1,1.4554896511734424e-05,0.0
Realistic_Run_649,0,1,0,1,1.4554896511734424e-05,0.0
Gellert,0,1,0,1,1.4554896511734424e-05,0.0
FeliusSeptimus,0,1,0,1,1.4554896511734424e-05,0.0
Tight_Range_5690,0,1,0,1,1.4554896511734424e-05,0.0
messerschmitt1,0,1,0,1,1.4554896511734424e-05,0.0
fredy31,0,1,0,1,1.4554896511734424e-05,0.0
JewishDraculaSidneyA,0,1,0,1,1.4554896511734424e-05,0.0
RomanOTCReigns,0,1,0,1,1.4554896511734424e-05,0.0
breuh,0,1,0,1,1.4554896511734424e-05,0.0
idiomblade,0,1,0,1,1.4554896511734424e-05,0.0
thatguyad,0,1,0,1,1.4554896511734424e-05,0.0
LinaArhov,0,1,0,1,1.4554896511734424e-05,0.0
01967483,0,1,0,1,1.4554896511734424e-05,0.0
montigoo,0,1,0,1,1.4554896511734424e-05,0.0
surreptitious-NPC,0,1,0,1,1.4554896511734424e-05,0.0
MiaThePotat,0,1,0,1,1.4554896511734424e-05,0.0
Calculating1nfinity,0,1,0,1,1.4554896511734424e-05,0.0
user_8804,0,1,0,1,1.4554896511734424e-05,0.0
Expensive_Shallot_78,0,1,0,1,1.4554896511734424e-05,0.0
degoba,0,1,0,1,1.4554896511734424e-05,0.0
290077,0,1,0,1,1.4554896511734424e-05,0.0
recycled_ideas,0,1,0,1,1.4554896511734424e-05,0.0
GoldenPresidio,0,1,0,1,1.4554896511734424e-05,0.0
controversial_drawer,0,1,0,1,1.4554896511734424e-05,0.0
wafflesthewonderhurs,0,1,0,1,1.4554896511734424e-05,0.0
babalorisha,0,1,0,1,1.4554896511734424e-05,0.0
thing669,0,1,0,1,1.4554896511734424e-05,0.0
Quasi-Yolo,0,1,0,1,1.4554896511734424e-05,0.0
lungleg,0,1,0,1,1.4554896511734424e-05,0.0
Rezeox,0,1,0,1,1.4554896511734424e-05,0.0
Dangerous-Mobile-587,0,1,0,1,1.4554896511734424e-05,0.0
Buckeyebornandbred,0,1,0,1,1.4554896511734424e-05,0.0
1daysober9daysdrunk,0,1,0,1,1.4554896511734424e-05,0.0
ObviouslyJoking,0,1,0,1,1.4554896511734424e-05,0.0
snotparty,0,1,0,1,1.4554896511734424e-05,0.0
yoon1ac,0,1,0,1,1.4554896511734424e-05,0.0
McLeod3577,0,1,0,1,1.4554896511734424e-05,0.0
MediocreTapioca69,0,1,0,1,1.4554896511734424e-05,0.0
Visible_Fact_8706,0,1,0,1,1.4554896511734424e-05,0.0
Baba_NO_Riley,0,1,0,1,1.4554896511734424e-05,0.0
yoboja,0,1,0,1,1.4554896511734424e-05,0.0
deege,0,1,0,1,1.4554896511734424e-05,0.0
supified,0,1,0,1,1.4554896511734424e-05,0.0
Logical-Database4510,0,1,0,1,1.4554896511734424e-05,0.0
brycedriesenga,0,1,0,1,1.4554896511734424e-05,0.0
libmrduckz,0,1,0,1,1.4554896511734424e-05,0.0
lion27,0,1,0,1,1.4554896511734424e-05,0.0
Hardass_McBadCop,0,1,0,1,1.4554896511734424e-05,0.0
Munkeyman18290,0,1,0,1,1.4554896511734424e-05,0.0
No_Surprise9479,0,1,0,1,1.4554896511734424e-05,0.0
MetaRecruiter,0,1,0,1,1.4554896511734424e-05,0.0
rudyphelps,0,1,0,1,1.4554896511734424e-05,0.0
Zombie_John_Strachan,0,1,0,1,1.4554896511734424e-05,0.0
WilmingtonCommute,0,1,0,1,1.4554896511734424e-05,0.0
timbo_slice45,0,1,0,1,1.4554896511734424e-05,0.0
cntry2001,0,1,0,1,1.4554896511734424e-05,0.0
Doc_Apex,0,1,0,1,1.4554896511734424e-05,0.0
kurotech,0,1,0,1,1.4554896511734424e-05,0.0
doppido,0,1,0,1,1.4554896511734424e-05,0.0
Commercial_Wind8212,0,1,0,1,1.4554896511734424e-05,0.0
Mayjune811,0,1,0,1,1.4554896511734424e-05,0.0
Raa03842,0,1,0,1,1.4554896511734424e-05,0.0
its_raining_scotch,0,1,0,1,1.4554896511734424e-05,0.0
AlpheratzMarkab,0,1,0,1,1.4554896511734424e-05,0.0
milkplantation,0,1,0,1,1.4554896511734424e-05,0.0
lemoche,0,1,0,1,1.4554896511734424e-05,0.0
Silverlynel1234,0,1,0,1,1.4554896511734424e-05,0.0
kashmir1974,0,1,0,1,1.4554896511734424e-05,0.0
Aidian,0,1,0,1,1.4554896511734424e-05,0.0
Suilenroc,0,1,0,1,1.4554896511734424e-05,0.0
willismthomp,0,1,0,1,1.4554896511734424e-05,0.0
Fateor42,0,1,0,1,1.4554896511734424e-05,0.0
savagebongo,0,1,0,1,1.4554896511734424e-05,0.0
theytoldmeineedaname,0,1,0,1,1.4554896511734424e-05,0.0
Vunks,0,1,0,1,1.4554896511734424e-05,0.0
maximumutility,0,1,0,1,1.4554896511734424e-05,0.0
Noonewantsyourapp,0,1,0,1,1.4554896511734424e-05,0.0
MrPookPook,0,1,0,1,1.4554896511734424e-05,0.0
costabius,0,1,0,1,1.4554896511734424e-05,0.0
yosisoy,0,1,0,1,1.4554896511734424e-05,0.0
PaganQueenNaturally,0,1,0,1,1.4554896511734424e-05,0.0
Arfreezy_LoL,0,1,0,1,1.4554896511734424e-05,0.0
Patient_Series_8189,0,1,0,1,1.4554896511734424e-05,0.0
righteouspower,0,1,0,1,1.4554896511734424e-05,0.0
comox,0,1,0,1,1.4554896511734424e-05,0.0
ebfortin,0,1,0,1,1.4554896511734424e-05,0.0
Xuande,0,1,0,1,1.4554896511734424e-05,0.0
DomitiusAhenobarbus_,0,1,0,1,1.4554896511734424e-05,0.0
Ivotedforher,0,1,0,1,1.4554896511734424e-05,0.0
ballthyrm,0,1,0,1,1.4554896511734424e-05,0.0
soberirishman,0,1,0,1,1.4554896511734424e-05,0.0
Gravuerc,0,1,0,1,1.4554896511734424e-05,0.0
rainkloud,0,1,0,1,1.4554896511734424e-05,0.0
Electrifying2017,0,1,0,1,1.4554896511734424e-05,0.0
zhaoz,0,1,0,1,1.4554896511734424e-05,0.0
R2_SWE2,0,1,0,1,1.4554896511734424e-05,0.0
itwillmakesenselater,0,1,0,1,1.4554896511734424e-05,0.0
Fabulous_Afternoon97,0,1,0,1,1.4554896511734424e-05,0.0
JimBeam823,0,1,0,1,1.4554896511734424e-05,0.0
MrArizone,0,1,0,1,1.4554896511734424e-05,0.0
innocentsalad,0,1,0,1,1.4554896511734424e-05,0.0
Odysseyan,0,1,0,1,1.4554896511734424e-05,0.0
Count_Backwards,0,1,0,1,1.4554896511734424e-05,0.0
mrwrrrmwrmrmrmrw,0,1,0,1,1.4554896511734424e-05,0.0
Slow_Ad4077,0,1,0,1,1.4554896511734424e-05,0.0
Splurch,0,1,0,1,1.4554896511734424e-05,0.0
CobraPony67,0,1,0,1,1.4554896511734424e-05,0.0
ToolTimeT,0,1,0,1,1.4554896511734424e-05,0.0
Ancient_Design_1332,0,1,0,1,1.4554896511734424e-05,0.0
The_Pandalorian,0,1,0,1,1.4554896511734424e-05,0.0
cr0ft,0,1,0,1,1.4554896511734424e-05,0.0
L2Sing,0,1,0,1,1.4554896511734424e-05,0.0
bryguy001,0,1,0,1,1.4554896511734424e-05,0.0
Cautious_Boat_999,0,1,0,1,1.4554896511734424e-05,0.0
Premodonna,0,1,0,1,1.4554896511734424e-05,0.0
RebelStrategist,0,1,0,1,1.4554896511734424e-05,0.0
Golanthanatos,0,1,0,1,1.4554896511734424e-05,0.0
Baberam7654,0,1,0,1,1.4554896511734424e-05,0.0
Runnergeek,0,1,0,1,1.4554896511734424e-05,0.0
surfer_ryan,0,1,0,1,1.4554896511734424e-05,0.0
jonsca,0,1,0,1,1.4554896511734424e-05,0.0
0x831,0,1,0,1,1.4554896511734424e-05,0.0
RandyOfTheRedwoods,0,1,0,1,1.4554896511734424e-05,0.0
Visa5e,0,1,0,1,1.4554896511734424e-05,0.0
colin_staples,0,1,0,1,1.4554896511734424e-05,0.0
A_Pointy_Rock,0,1,0,1,1.4554896511734424e-05,0.0
ExplanationIcy9881,0,1,0,1,1.4554896511734424e-05,0.0
PRSArchon,0,1,0,1,1.4554896511734424e-05,0.0
UnreliablePotato,0,1,0,1,1.4554896511734424e-05,0.0
Vermilingus,0,1,0,1,1.4554896511734424e-05,0.0
JonnyBravoII,0,1,0,1,1.4554896511734424e-05,0.0
standardtissue,0,1,0,1,1.4554896511734424e-05,0.0
B_da_man89,0,1,0,1,1.4554896511734424e-05,0.0
RenoRiley1,0,1,0,1,1.4554896511734424e-05,0.0
huebomont,0,1,0,1,1.4554896511734424e-05,0.0
whatsupeveryone34,0,1,0,1,1.4554896511734424e-05,0.0
Artistic-Yard1668,0,1,0,1,1.4554896511734424e-05,0.0
pattherat,0,1,0,1,1.4554896511734424e-05,0.0
QueasyLegKC,0,1,0,1,1.4554896511734424e-05,0.0
0000GKP,0,1,0,1,1.4554896511734424e-05,0.0
Virg_Dawson,0,1,0,1,1.4554896511734424e-05,0.0
sant2060,0,1,0,1,1.4554896511734424e-05,0.0
YupSuprise,0,1,0,1,1.4554896511734424e-05,0.0
william-harvey,0,1,0,1,1.4554896511734424e-05,0.0
Darmok_und_Salat,0,1,0,1,1.4554896511734424e-05,0.0
CheeksMcGillicuddy,0,1,0,1,1.4554896511734424e-05,0.0
redpandafire,0,1,0,1,1.4554896511734424e-05,0.0
tingulz,0,1,0,1,1.4554896511734424e-05,0.0
Alone_Hunt1621,0,1,0,1,1.4554896511734424e-05,0.0
Psychostickusername,0,1,0,1,1.4554896511734424e-05,0.0
Crankenstein_8000,0,1,0,1,1.4554896511734424e-05,0.0
CLT-Throwaway282,0,1,0,1,1.4554896511734424e-05,0.0
basha64,0,1,0,1,1.4554896511734424e-05,0.0
exlivingghost,0,1,0,1,1.4554896511734424e-05,0.0
veryexpensivegas,0,1,0,1,1.4554896511734424e-05,0.0
Key-Monk6159,0,1,0,1,1.4554896511734424e-05,0.0
redheadedandbold,0,1,0,1,1.4554896511734424e-05,0.0
SsooooOriginal,0,1,0,1,1.4554896511734424e-05,0.0
AlarmedCartoonist602,0,1,0,1,1.4554896511734424e-05,0.0
mickaelbneron,0,1,0,1,1.4554896511734424e-05,0.0
ButtWhispererer,0,1,0,1,1.4554896511734424e-05,0.0
theclansman22,0,1,0,1,1.4554896511734424e-05,0.0
JarateKing,0,1,0,1,1.4554896511734424e-05,0.0
HuyFongFood,0,1,0,1,1.4554896511734424e-05,0.0
Reverend-Cleophus,0,1,0,1,1.4554896511734424e-05,0.0
Dr_Passmore,0,1,0,1,1.4554896511734424e-05,0.0
s3rila,0,1,0,1,1.4554896511734424e-05,0.0
AdminsLoveGenocide,0,1,0,1,1.4554896511734424e-05,0.0
CriticalNovel22,0,2,0,2,1.4554896511734424e-05,0.0
Ok-Nerve9874,0,1,0,1,1.4554896511734424e-05,0.0
Memonlinefelix,0,1,0,1,1.4554896511734424e-05,0.0
Moist1981,0,1,0,1,1.4554896511734424e-05,0.0
GSVLastingDamage,0,1,0,1,1.4554896511734424e-05,0.0
treetopalarmist_1,0,1,0,1,1.4554896511734424e-05,0.0
F4STW4LKER,0,1,0,1,1.4554896511734424e-05,0.0
Lessiarty,0,1,0,1,1.4554896511734424e-05,0.0
smokeeater150,0,1,0,1,1.4554896511734424e-05,0.0
nx6,0,1,0,1,1.4554896511734424e-05,0.0
cmhamm,0,1,0,1,1.4554896511734424e-05,0.0
Vypernorad,0,1,0,1,1.4554896511734424e-05,0.0
FastFishLooseFish,0,1,0,1,1.4554896511734424e-05,0.0
Hawkbats_rule,0,1,0,1,1.4554896511734424e-05,0.0
mountainbride,0,1,0,1,1.4554896511734424e-05,0.0
Ebolamonkey,0,1,0,1,1.4554896511734424e-05,0.0
420thefunnynumber,0,1,0,1,1.4554896511734424e-05,0.0
21Rollie,0,1,0,1,1.4554896511734424e-05,0.0
FreudianSlipperyNipp,0,1,0,1,1.4554896511734424e-05,0.0
MyNameIsRay,0,1,0,1,1.4554896511734424e-05,0.0
Graywulff,0,1,0,1,1.4554896511734424e-05,0.0
jupitergal23,0,1,0,1,1.4554896511734424e-05,0.0
Call_Me_Wax,0,2,0,3,1.4554896511734424e-05,0.0
Poonchow,0,1,0,1,1.4554896511734424e-05,0.0
Nonethelessismore,0,1,0,1,1.4554896511734424e-05,0.0
WpgBiCpl,0,1,0,1,1.4554896511734424e-05,0.0
2DHypercube,0,1,0,1,1.4554896511734424e-05,0.0
scraz,0,1,0,1,1.4554896511734424e-05,0.0
nonymousbosch,0,1,0,1,1.4554896511734424e-05,0.0
Moonpaw,0,1,0,1,1.4554896511734424e-05,0.0
ToMyOtherFavoriteWW,0,1,0,1,1.4554896511734424e-05,0.0
Skritch_X,0,1,0,1,1.4554896511734424e-05,0.0
Master-Praline-3453,0,1,0,1,1.4554896511734424e-05,0.0
gracesdisgrace,0,1,0,1,1.4554896511734424e-05,0.0
za72,0,1,0,1,1.4554896511734424e-05,0.0
AkumaLilly,0,1,0,1,1.4554896511734424e-05,0.0
kdawg94,0,1,0,1,1.4554896511734424e-05,0.0
dcdttu,0,1,0,1,1.4554896511734424e-05,0.0
turbo_dude,0,1,0,1,1.4554896511734424e-05,0.0
Thin_Glove_4089,0,1,0,1,1.4554896511734424e-05,0.0
Area51Resident,0,1,0,1,1.4554896511734424e-05,0.0
stellaluna92,0,1,0,1,1.4554896511734424e-05,0.0
ThisIsMyCouchAccount,0,1,0,1,1.4554896511734424e-05,0.0
BananaNutJob,0,1,0,1,1.4554896511734424e-05,0.0
JohrDinh,0,1,0,1,1.4554896511734424e-05,0.0
Zealousideal_Net_140,0,1,0,1,1.4554896511734424e-05,0.0
EpicHuggles,0,1,0,1,1.4554896511734424e-05,0.0
Pandering_Panda7879,0,1,0,1,1.4554896511734424e-05,0.0
Stokes_Ether,0,1,0,1,1.4554896511734424e-05,0.0
NorCalJason75,0,1,0,1,1.4554896511734424e-05,0.0
spunkychickpea,0,1,0,1,1.4554896511734424e-05,0.0
blurplethenurple,0,1,0,1,1.4554896511734424e-05,0.0
thedoommerchant,0,1,0,1,1.4554896511734424e-05,0.0
cmbhere,0,1,0,1,1.4554896511734424e-05,0.0
BalancedDisaster,0,1,0,1,1.4554896511734424e-05,0.0
EarElectronic1488,0,1,0,1,1.4554896511734424e-05,0.0
Common-Ad6470,0,1,0,1,1.4554896511734424e-05,0.0
Quiet-Thanks-9486,0,1,0,1,1.4554896511734424e-05,0.0
anormalgeek,0,1,0,1,1.4554896511734424e-05,0.0
dc_boffin,0,1,0,1,1.4554896511734424e-05,0.0
PhilliD3,0,1,0,1,1.4554896511734424e-05,0.0
NadeshikoEatingPasta,0,1,0,1,1.4554896511734424e-05,0.0
Competitive-Mix8832,0,1,0,1,1.4554896511734424e-05,0.0
Taki_Minase,0,1,0,1,1.4554896511734424e-05,0.0
Beer-Milkshakes,0,1,0,1,1.4554896511734424e-05,0.0
Zaros2400,0,1,0,1,1.4554896511734424e-05,0.0
liamemsa,0,1,0,1,1.4554896511734424e-05,0.0
uu__,0,1,0,1,1.4554896511734424e-05,0.0
SmellyMickey,0,1,0,1,1.4554896511734424e-05,0.0
AadeeMoien,0,1,0,1,1.4554896511734424e-05,0.0
silent_fartface,0,1,0,1,1.4554896511734424e-05,0.0
lostwombats,0,1,0,1,1.4554896511734424e-05,0.0
sweetloup,0,1,0,1,1.4554896511734424e-05,0.0
rabidjellybean,0,1,0,1,1.4554896511734424e-05,0.0
Virtual_Plantain_707,0,1,0,1,1.4554896511734424e-05,0.0
CharacterActor,0,1,0,1,1.4554896511734424e-05,0.0
PianoPatient8168,0,1,0,1,1.4554896511734424e-05,0.0
TacoCalzone,0,1,0,1,1.4554896511734424e-05,0.0
Xiph0s,0,1,0,1,1.4554896511734424e-05,0.0
DookieShoez,0,1,0,1,1.4554896511734424e-05,0.0
srdgbychkncsr,0,1,0,1,1.4554896511734424e-05,0.0
PrivilegeCheckmate,0,1,0,1,1.4554896511734424e-05,0.0
thegamesbuild,0,1,0,1,1.4554896511734424e-05,0.0
KindHabit,0,1,0,1,1.4554896511734424e-05,0.0
ViolenceAdvocator,0,1,0,1,1.4554896511734424e-05,0.0
Arubiano420,0,1,0,1,1.4554896511734424e-05,0.0
dern_the_hermit,0,1,0,1,1.4554896511734424e-05,0.0
kristinoemmurksurdog,0,1,0,1,1.4554896511734424e-05,0.0
ice_w0lf,0,1,0,1,1.4554896511734424e-05,0.0
Cold417,0,1,0,1,1.4554896511734424e-05,0.0
ilikepizza30,0,1,0,1,1.4554896511734424e-05,0.0
atlasmountsenjoyer,0,1,0,1,1.4554896511734424e-05,0.0
plinkoplonka,0,1,0,1,1.4554896511734424e-05,0.0
GingerBreadManze,0,1,0,1,1.4554896511734424e-05,0.0
yabadabaddon,0,1,0,1,1.4554896511734424e-05,0.0
Regalme,0,1,0,1,1.4554896511734424e-05,0.0
limeybastard,0,1,0,1,1.4554896511734424e-05,0.0
impanicking,0,1,0,1,1.4554896511734424e-05,0.0
RipVanWiinkle_,0,1,0,1,1.4554896511734424e-05,0.0
eeyore134,0,1,0,1,1.4554896511734424e-05,0.0
elmz,0,1,0,1,1.4554896511734424e-05,0.0
346785za21,0,1,0,1,1.4554896511734424e-05,0.0
huggernot,0,1,0,1,1.4554896511734424e-05,0.0
radiatorcheese,0,1,0,1,1.4554896511734424e-05,0.0
quadrophenicum,0,1,0,1,1.4554896511734424e-05,0.0
Dugen,0,1,0,1,1.4554896511734424e-05,0.0
johnnySix,0,1,0,1,1.4554896511734424e-05,0.0
Baconshit,0,1,0,1,1.4554896511734424e-05,0.0
XCCO,0,1,0,1,1.4554896511734424e-05,0.0
gorginhanson,0,1,0,1,1.4554896511734424e-05,0.0
finalremix,0,1,0,1,1.4554896511734424e-05,0.0
jimh12345,0,1,0,1,1.4554896511734424e-05,0.0
Potential_Status_728,0,1,0,1,1.4554896511734424e-05,0.0
Fried_puri,0,1,0,1,1.4554896511734424e-05,0.0
Sober_Alcoholic_,0,1,0,1,1.4554896511734424e-05,0.0
Doomu5,0,1,0,1,1.4554896511734424e-05,0.0
Darkarcheos,0,1,0,1,1.4554896511734424e-05,0.0
skit7548,0,1,0,1,1.4554896511734424e-05,0.0
Invelious,0,1,0,1,1.4554896511734424e-05,0.0
marshamarciamarsha,0,1,0,1,1.4554896511734424e-05,0.0
siamakx,0,1,0,1,1.4554896511734424e-05,0.0
goggys,0,1,0,1,1.4554896511734424e-05,0.0
gatvolkak,0,1,0,1,1.4554896511734424e-05,0.0
dontletthestankout,0,1,0,1,1.4554896511734424e-05,0.0
lemonylol,0,1,0,1,1.4554896511734424e-05,0.0
No-Article-Particle,0,1,0,1,1.4554896511734424e-05,0.0
Eastern_Tradition_72,0,1,0,1,1.4554896511734424e-05,0.0
StagTheNag,0,1,0,1,1.4554896511734424e-05,0.0
SirkutBored,0,1,0,1,1.4554896511734424e-05,0.0
WiseBelt8935,0,1,0,1,1.4554896511734424e-05,0.0
Alive_Store_6298,0,1,0,1,1.4554896511734424e-05,0.0
blackbeavis,0,1,0,1,1.4554896511734424e-05,0.0
Charming-Check5605,0,1,0,1,1.4554896511734424e-05,0.0
KeyMyBike,0,1,0,1,1.4554896511734424e-05,0.0
ivecompletelylostit,0,1,0,1,1.4554896511734424e-05,0.0
slabba428,0,1,0,1,1.4554896511734424e-05,0.0
PinkBoxDestroyer,0,1,0,1,1.4554896511734424e-05,0.0
IGolfMyBalls,0,1,0,1,1.4554896511734424e-05,0.0
kman420,0,1,0,1,1.4554896511734424e-05,0.0
Thoughtulism,0,1,0,1,1.4554896511734424e-05,0.0
Axle_65,0,1,0,1,1.4554896511734424e-05,0.0
Adorable_Original_94,0,1,0,1,1.4554896511734424e-05,0.0
Goldenrah,0,1,0,1,1.4554896511734424e-05,0.0
Dejected_gaming,0,1,0,1,1.4554896511734424e-05,0.0
oranosskyman,0,1,0,1,1.4554896511734424e-05,0.0
LegacyoftheDotA,0,1,0,1,1.4554896511734424e-05,0.0
cowhand214,0,1,0,1,1.4554896511734424e-05,0.0
AsstronaughtToUranus,0,1,0,1,1.4554896511734424e-05,0.0
rollingSleepyPanda,0,1,0,1,1.4554896511734424e-05,0.0
Alan_Reddit_M,0,1,0,1,1.4554896511734424e-05,0.0
TheTerrasque,0,1,0,1,1.4554896511734424e-05,0.0
Vince1128,0,1,0,1,1.4554896511734424e-05,0.0
Hour-Cheesecake5871,0,1,0,1,1.4554896511734424e-05,0.0
Charming_Might3833,0,1,0,1,1.4554896511734424e-05,0.0
scubawankenobi,0,1,0,1,1.4554896511734424e-05,0.0
Majik_Sheff,0,1,0,1,1.4554896511734424e-05,0.0
Alternative-Bison615,0,1,0,1,1.4554896511734424e-05,0.0
ericDXwow,0,1,0,1,1.4554896511734424e-05,0.0
anonskeptic5,0,1,0,1,1.4554896511734424e-05,0.0
injeckshun,0,1,0,1,1.4554896511734424e-05,0.0
B0797S458W,0,1,0,1,1.4554896511734424e-05,0.0
Skieth9,0,1,0,1,1.4554896511734424e-05,0.0
Flicksterea,0,1,0,1,1.4554896511734424e-05,0.0
singleFourever,0,1,0,1,1.4554896511734424e-05,0.0
vexx,0,1,0,1,1.4554896511734424e-05,0.0
wump_roast,0,1,0,1,1.4554896511734424e-05,0.0
Fit-Reputation-9983,0,1,0,1,1.4554896511734424e-05,0.0
bradmatt275,0,1,0,1,1.4554896511734424e-05,0.0
idsan,0,1,0,1,1.4554896511734424e-05,0.0
culminacio,0,1,0,1,1.4554896511734424e-05,0.0
movzx,0,1,0,1,1.4554896511734424e-05,0.0
ConstableAssButt,0,1,0,1,1.4554896511734424e-05,0.0
FunBluejay1455,0,1,0,1,1.4554896511734424e-05,0.0
DeadMoneyDrew,0,1,0,1,1.4554896511734424e-05,0.0
EagleCatchingFish,0,1,0,1,1.4554896511734424e-05,0.0
AccountNumeroThree,0,1,0,1,1.4554896511734424e-05,0.0
chipstastegood,0,1,0,1,1.4554896511734424e-05,0.0
DataCassette,0,1,0,1,1.4554896511734424e-05,0.0
Mirageswirl,0,1,0,1,1.4554896511734424e-05,0.0
flextendo,0,1,0,1,1.4554896511734424e-05,0.0
Illustrious-Watch-74,0,1,0,1,1.4554896511734424e-05,0.0
VA1255BB,0,1,0,1,1.4554896511734424e-05,0.0
Church_of_Aaargh,0,1,0,1,1.4554896511734424e-05,0.0
king_of_n0thing,0,1,0,1,1.4554896511734424e-05,0.0
radenthefridge,0,1,0,1,1.4554896511734424e-05,0.0
Nocoffeesnob,0,1,0,1,1.4554896511734424e-05,0.0
Butterball_Adderley,0,1,0,1,1.4554896511734424e-05,0.0
IM_KYLE_AMA,0,1,0,1,1.4554896511734424e-05,0.0
sparky8251,0,1,0,1,1.4554896511734424e-05,0.0
caffeinated_wizard,0,1,0,1,1.4554896511734424e-05,0.0
sotired3333,0,1,0,1,1.4554896511734424e-05,0.0
now_heres_a_username,0,1,0,1,1.4554896511734424e-05,0.0
Extension-Pick8310,0,1,0,2,1.4554896511734424e-05,0.0
Scaredandalone22,0,2,0,2,1.4554896511734424e-05,0.0
Super-Contribution-1,0,1,0,1,1.4554896511734424e-05,0.0
Oneiricl,0,1,0,1,1.4554896511734424e-05,0.0
Designer-Fig-4232,0,1,0,1,1.4554896511734424e-05,0.0
Manablitzer,0,1,0,1,1.4554896511734424e-05,0.0
nopuse,0,1,0,1,1.4554896511734424e-05,0.0
lumpymonkey,0,1,0,1,1.4554896511734424e-05,0.0
Let_me_dieHere,0,1,0,1,1.4554896511734424e-05,0.0
xxxBuzz,0,1,0,1,1.4554896511734424e-05,0.0
lawn_furniture,0,1,0,1,1.4554896511734424e-05,0.0
ToptopPipPip,0,1,0,1,1.4554896511734424e-05,0.0
CaptainSquishyCheeks,0,1,0,1,1.4554896511734424e-05,0.0
goddamnyoumac,0,1,0,1,1.4554896511734424e-05,0.0
soda_cookie,0,1,0,1,1.4554896511734424e-05,0.0
BountyHunterSAx,0,1,0,1,1.4554896511734424e-05,0.0
j4y53n,0,1,0,1,1.4554896511734424e-05,0.0
zetnomdranar,0,1,0,1,1.4554896511734424e-05,0.0
CoffeeFox,0,1,0,1,1.4554896511734424e-05,0.0
waiting4singularity,0,1,0,1,1.4554896511734424e-05,0.0
SevereRunOfFate,0,1,0,1,1.4554896511734424e-05,0.0
makemeking706,0,1,0,1,1.4554896511734424e-05,0.0
PM_ME_YOUR_KNEE_CAPS,0,1,0,1,1.4554896511734424e-05,0.0
MRCRAZYYYY,0,1,0,1,1.4554896511734424e-05,0.0
daymanahhhahhhhhh,0,2,0,2,1.4554896511734424e-05,0.0
znightmaree,0,1,0,1,1.4554896511734424e-05,0.0
chipmunksocute,0,1,0,1,1.4554896511734424e-05,0.0
ProfessorOfLies,0,1,0,1,1.4554896511734424e-05,0.0
peh_ahri_ina,0,1,0,1,1.4554896511734424e-05,0.0
koreanwizard,0,1,0,1,1.4554896511734424e-05,0.0
lancelongstiff,0,2,0,2,1.4554896511734424e-05,0.0
Stevedougs,0,1,0,1,1.4554896511734424e-05,0.0
Twodogsonecouch,0,1,0,1,1.4554896511734424e-05,0.0
Sojmen,0,1,0,1,1.4554896511734424e-05,0.0
dupes_on_reddit,0,1,0,1,1.4554896511734424e-05,0.0
Circus_Maximus,0,1,0,1,1.4554896511734424e-05,0.0
donorcycle,0,1,0,1,1.4554896511734424e-05,0.0
Naurgul,0,1,0,1,1.4554896511734424e-05,0.0
DarkLordofDownvotes,0,1,0,1,1.4554896511734424e-05,0.0
lightspuzzle,0,2,0,2,1.4554896511734424e-05,0.0
sebovzeoueb,0,1,0,1,1.4554896511734424e-05,0.0
azsqueeze,0,1,0,1,1.4554896511734424e-05,0.0
EricThePerplexed,0,1,0,1,1.4554896511734424e-05,0.0
Raven586,0,1,0,1,1.4554896511734424e-05,0.0
mistertickertape,0,1,0,1,1.4554896511734424e-05,0.0
distantplanet98,0,1,0,1,1.4554896511734424e-05,0.0
Rattus_NorvegicUwUs,0,1,0,1,1.4554896511734424e-05,0.0
SummerGoal,0,1,0,1,1.4554896511734424e-05,0.0
auad,0,1,0,1,1.4554896511734424e-05,0.0
MnamesPAUL,0,1,0,1,1.4554896511734424e-05,0.0
pentultimate,0,1,0,1,1.4554896511734424e-05,0.0
Playful-Position4735,0,1,0,1,1.4554896511734424e-05,0.0
ThMogget,0,1,0,1,1.4554896511734424e-05,0.0
Jensen1994,0,1,0,1,1.4554896511734424e-05,0.0
Candid_Koala_3602,0,1,0,1,1.4554896511734424e-05,0.0
skag_boy87,0,1,0,1,1.4554896511734424e-05,0.0
tms10000,0,1,0,1,1.4554896511734424e-05,0.0
blink_187em,0,1,0,1,1.4554896511734424e-05,0.0
peeinian,0,1,0,1,1.4554896511734424e-05,0.0
SuggestionEphemeral,0,1,0,1,1.4554896511734424e-05,0.0
TheMunk,0,1,0,1,1.4554896511734424e-05,0.0
Confident-Weird-4202,0,1,0,1,1.4554896511734424e-05,0.0
Broken_Atoms,0,1,0,1,1.4554896511734424e-05,0.0
Nobodygrotesque,0,1,0,1,1.4554896511734424e-05,0.0
Buckeye_Monkey,0,1,0,1,1.4554896511734424e-05,0.0
Successful-Daikon777,0,1,0,1,1.4554896511734424e-05,0.0
mullse01,0,1,0,1,1.4554896511734424e-05,0.0
Waggmans,0,1,0,1,1.4554896511734424e-05,0.0
Slyrunner,0,1,0,1,1.4554896511734424e-05,0.0
Nemaeus,0,1,0,1,1.4554896511734424e-05,0.0
IrascibleOcelot,0,1,0,1,1.4554896511734424e-05,0.0
AtticaBlue,0,1,0,1,1.4554896511734424e-05,0.0
hyperhopper,0,1,0,1,1.4554896511734424e-05,0.0
DernTuckingFypos,0,1,0,1,1.4554896511734424e-05,0.0
danyyyel,0,1,0,1,1.4554896511734424e-05,0.0
boomshiz,0,1,0,1,1.4554896511734424e-05,0.0
random314,0,1,0,1,1.4554896511734424e-05,0.0
sickofthisshit,0,1,0,1,1.4554896511734424e-05,0.0
ecstaticthicket,0,1,0,1,1.4554896511734424e-05,0.0
pagesid3,0,1,0,1,1.4554896511734424e-05,0.0
metalflygon08,0,1,0,1,1.4554896511734424e-05,0.0
sofaking_scientific,0,1,0,1,1.4554896511734424e-05,0.0
C__S__S,0,1,0,1,1.4554896511734424e-05,0.0
bluemaciz,0,1,0,1,1.4554896511734424e-05,0.0
kenwoolf,0,1,0,1,1.4554896511734424e-05,0.0
comsummate,0,1,0,1,1.4554896511734424e-05,0.0
fathertitojones,0,1,0,1,1.4554896511734424e-05,0.0
ErinDotEngineer,0,1,0,1,1.4554896511734424e-05,0.0
DrunkColdStone,0,1,0,1,1.4554896511734424e-05,0.0
Boobpocket,0,1,0,1,1.4554896511734424e-05,0.0
TrTyGlizzy,0,1,0,1,1.4554896511734424e-05,0.0
Prestigious_Cold_756,0,1,0,1,1.4554896511734424e-05,0.0
pr1aa,0,1,0,1,1.4554896511734424e-05,0.0
dooit,0,1,0,1,1.4554896511734424e-05,0.0
NotARussianBot-Real,0,1,0,1,1.4554896511734424e-05,0.0
LogicalEgo,0,1,0,1,1.4554896511734424e-05,0.0
Xixii,0,1,0,1,1.4554896511734424e-05,0.0
robustofilth,0,1,0,2,1.4554896511734424e-05,0.0
Marty1226,0,1,0,1,1.4554896511734424e-05,0.0
BuccaneerRex,0,1,0,1,1.4554896511734424e-05,0.0
MegaestMan,0,1,0,1,1.4554896511734424e-05,0.0
unlimitedcode99,0,1,0,1,1.4554896511734424e-05,0.0
latswipe,0,1,0,1,1.4554896511734424e-05,0.0
I_use_Reddit2,0,1,0,1,1.4554896511734424e-05,0.0
abgry_krakow87,0,1,0,1,1.4554896511734424e-05,0.0
Ready-Ad6113,0,1,0,1,1.4554896511734424e-05,0.0
MetzgerBoys,0,1,0,1,1.4554896511734424e-05,0.0
Troooper0987,0,1,0,1,1.4554896511734424e-05,0.0
MRSN4P,0,1,0,1,1.4554896511734424e-05,0.0
Moscato359,0,1,0,1,1.4554896511734424e-05,0.0
Silver_Giratina,0,1,0,1,1.4554896511734424e-05,0.0
syuvial,0,1,0,1,1.4554896511734424e-05,0.0
Corona-walrus,0,1,0,1,1.4554896511734424e-05,0.0
opeth10657,0,1,0,1,1.4554896511734424e-05,0.0
SarpleaseSar,0,1,0,1,1.4554896511734424e-05,0.0
easilybored1,0,1,0,1,1.4554896511734424e-05,0.0
Moo_Kau_Too,0,1,0,1,1.4554896511734424e-05,0.0
Fyfaenerremulig,0,1,0,1,1.4554896511734424e-05,0.0
rising_rider,0,1,0,1,1.4554896511734424e-05,0.0
Waste-Soil-4144,0,1,0,1,1.4554896511734424e-05,0.0
NotDennis2,0,1,0,1,1.4554896511734424e-05,0.0
aschesklave,0,1,0,1,1.4554896511734424e-05,0.0
Whatcommamethrowaway,0,1,0,1,1.4554896511734424e-05,0.0
OkayyBeta,0,1,0,1,1.4554896511734424e-05,0.0
girls_like_u,0,1,0,1,1.4554896511734424e-05,0.0
Tusen_Takk,0,1,0,1,1.4554896511734424e-05,0.0
Quartzecoatl,0,1,0,1,1.4554896511734424e-05,0.0
VillageIdiots1-1,0,1,0,1,1.4554896511734424e-05,0.0
repocin,0,1,0,1,1.4554896511734424e-05,0.0
B4rn3ySt1n20N,0,1,0,1,1.4554896511734424e-05,0.0
LuckyGecko,0,1,0,1,1.4554896511734424e-05,0.0
ionmargarita,0,1,0,1,1.4554896511734424e-05,0.0
GREAT_SALAD,0,1,0,1,1.4554896511734424e-05,0.0
forestapee,0,1,0,1,1.4554896511734424e-05,0.0
sushisection,0,1,0,1,1.4554896511734424e-05,0.0
Critical_Success_936,0,1,0,1,1.4554896511734424e-05,0.0
AliceInNegaland,0,1,0,1,1.4554896511734424e-05,0.0
AMeasureOfSanity,0,1,0,1,1.4554896511734424e-05,0.0
alphvader,0,1,0,1,1.4554896511734424e-05,0.0
X-AE17420,0,1,0,1,1.4554896511734424e-05,0.0
88Dubs,0,1,0,1,1.4554896511734424e-05,0.0
computer_d,0,1,0,1,1.4554896511734424e-05,0.0
Ace_Ranger,0,1,0,1,1.4554896511734424e-05,0.0
redridingoops,0,1,0,1,1.4554896511734424e-05,0.0
RunningPirate,0,1,0,1,1.4554896511734424e-05,0.0
QueenOfQuok,0,1,0,1,1.4554896511734424e-05,0.0
non-hetero,0,1,0,1,1.4554896511734424e-05,0.0
DNGRDINGO,0,1,0,1,1.4554896511734424e-05,0.0
vessel_for_the_soul,0,1,0,1,1.4554896511734424e-05,0.0
Netizen_Gypsy,0,1,0,1,1.4554896511734424e-05,0.0
Slfestmaccnt,0,1,0,1,1.4554896511734424e-05,0.0
ferdbold,0,1,0,1,1.4554896511734424e-05,0.0
0xc0ffea,0,1,0,1,1.4554896511734424e-05,0.0
Metaljac,0,1,0,1,1.4554896511734424e-05,0.0
franzperdido,0,1,0,1,1.4554896511734424e-05,0.0
-What-Else-Is-There-,0,1,0,1,1.4554896511734424e-05,0.0
banica24,0,1,0,1,1.4554896511734424e-05,0.0
DLPanda,0,1,0,1,1.4554896511734424e-05,0.0
failmatic,0,1,0,1,1.4554896511734424e-05,0.0
Fun-Flamingo-7285,0,1,0,1,1.4554896511734424e-05,0.0
lilB0bbyTables,0,1,0,1,1.4554896511734424e-05,0.0
NewHobbiesWeekly,0,1,0,1,1.4554896511734424e-05,0.0
whimsical-crack-rock,0,1,0,1,1.4554896511734424e-05,0.0
alphawhiskey189,0,1,0,1,1.4554896511734424e-05,0.0
PipPipCheeryRoll,0,1,0,1,1.4554896511734424e-05,0.0
Kirahei,0,1,0,1,1.4554896511734424e-05,0.0
mrman08,0,1,0,1,1.4554896511734424e-05,0.0
DamNamesTaken11,0,1,0,1,1.4554896511734424e-05,0.0
Full-Sound-6269,0,1,0,1,1.4554896511734424e-05,0.0
brianstk,0,1,0,1,1.4554896511734424e-05,0.0
Jwaness,0,1,0,1,1.4554896511734424e-05,0.0
bacon_cake,0,1,0,1,1.4554896511734424e-05,0.0
HandBanana666,0,1,0,1,1.4554896511734424e-05,0.0
BaronMostaza,0,1,0,1,1.4554896511734424e-05,0.0
jamieboy05,0,1,0,1,1.4554896511734424e-05,0.0
adenrules,0,1,0,1,1.4554896511734424e-05,0.0
D3-Doom,0,1,0,1,1.4554896511734424e-05,0.0
Extreme_Put_1125,0,1,0,1,1.4554896511734424e-05,0.0
Quincy_Fi,0,1,0,1,1.4554896511734424e-05,0.0
cougarlt,0,1,0,1,1.4554896511734424e-05,0.0
Cynyr,0,1,0,1,1.4554896511734424e-05,0.0
redbananass,0,1,0,1,1.4554896511734424e-05,0.0
Apollorx,0,1,0,1,1.4554896511734424e-05,0.0
Maleficent-Rate-4631,0,1,0,1,1.4554896511734424e-05,0.0
ATLRockies,0,1,0,1,1.4554896511734424e-05,0.0
ZCEyPFOYr0MWyHDQJZO4,0,1,0,1,1.4554896511734424e-05,0.0
Yellow_Snow_Globe,0,1,0,1,1.4554896511734424e-05,0.0
Xiten,0,1,0,1,1.4554896511734424e-05,0.0
j4_jjjj,0,1,0,1,1.4554896511734424e-05,0.0
polandspreeng,0,1,0,1,1.4554896511734424e-05,0.0
im_from_azeroth,0,1,0,1,1.4554896511734424e-05,0.0
QueuePLS,0,1,0,1,1.4554896511734424e-05,0.0
beryugyo619,0,1,0,1,1.4554896511734424e-05,0.0
Clothedinclothes,0,1,0,1,1.4554896511734424e-05,0.0
averageparrot,0,1,0,1,1.4554896511734424e-05,0.0
garygalah,0,1,0,1,1.4554896511734424e-05,0.0
DoriN1987,0,1,0,1,1.4554896511734424e-05,0.0
DrakeAU,0,1,0,1,1.4554896511734424e-05,0.0
-Z-3-R-0-,0,1,0,1,1.4554896511734424e-05,0.0
Yuuuuuhhhhhhhhhhhhh,0,1,0,1,1.4554896511734424e-05,0.0
twistermonkey,0,1,0,1,1.4554896511734424e-05,0.0
AIerkopf,0,1,0,1,1.4554896511734424e-05,0.0
Makenshine,0,1,0,1,1.4554896511734424e-05,0.0
DazzlingReporter5881,0,1,0,1,1.4554896511734424e-05,0.0
KBVan21,0,1,0,1,1.4554896511734424e-05,0.0
buttersnatch123,0,1,0,1,1.4554896511734424e-05,0.0
wildjunkie,0,1,0,1,1.4554896511734424e-05,0.0
GabeDef,0,1,0,1,1.4554896511734424e-05,0.0
Ok-Elk-1615,0,1,0,1,1.4554896511734424e-05,0.0
maylive666,0,1,0,1,1.4554896511734424e-05,0.0
CKillpatrick,0,1,0,1,1.4554896511734424e-05,0.0
HomerDoakQuarlesIII,0,1,0,1,1.4554896511734424e-05,0.0
GaiusCosades,0,1,0,1,1.4554896511734424e-05,0.0
octophobic,0,1,0,1,1.4554896511734424e-05,0.0
notTHEOwlAccountant,0,1,0,1,1.4554896511734424e-05,0.0
Fair_Local_588,0,1,0,1,1.4554896511734424e-05,0.0
arianeb,0,1,0,1,1.4554896511734424e-05,0.0
waltz_with_potatoes,0,1,0,1,1.4554896511734424e-05,0.0
mouse9001,0,1,0,1,1.4554896511734424e-05,0.0
Zestyclose_Ocelot278,0,1,0,1,1.4554896511734424e-05,0.0
Prime_1,0,1,0,1,1.4554896511734424e-05,0.0
BillyYumYumTwo-byTwo,0,1,0,1,1.4554896511734424e-05,0.0
daverdude27,0,1,0,1,1.4554896511734424e-05,0.0
Hopeful-Image-8163,0,1,0,1,1.4554896511734424e-05,0.0
JarrickDe,0,1,0,1,1.4554896511734424e-05,0.0
SweetTea1000,0,1,0,1,1.4554896511734424e-05,0.0
Arandomguyoninternet,0,1,0,1,1.4554896511734424e-05,0.0
uzlonewolf,0,1,0,1,1.4554896511734424e-05,0.0
dragon_bacon,0,1,0,1,1.4554896511734424e-05,0.0
lilpig_boy,0,1,0,1,1.4554896511734424e-05,0.0
pooerh,0,1,0,1,1.4554896511734424e-05,0.0
Lurama,0,1,0,1,1.4554896511734424e-05,0.0
Lazerpop,0,1,0,1,1.4554896511734424e-05,0.0
DocBigBrozer,0,1,0,1,1.4554896511734424e-05,0.0
Mausel_Pausel,0,1,0,1,1.4554896511734424e-05,0.0
SkippySkep,0,1,0,1,1.4554896511734424e-05,0.0
Losreyes-of-Lost,0,1,0,1,1.4554896511734424e-05,0.0
Most-Writer-2838,0,1,0,1,1.4554896511734424e-05,0.0
Dukepippitt,0,1,0,1,1.4554896511734424e-05,0.0
xensiz,0,1,0,1,1.4554896511734424e-05,0.0
MapleHamwich,0,1,0,1,1.4554896511734424e-05,0.0
nachalneg_mira,0,1,0,1,1.4554896511734424e-05,0.0
Necessary-Low-5226,0,1,0,1,1.4554896511734424e-05,0.0
wootangAlpha,0,1,0,1,1.4554896511734424e-05,0.0
NotDukeOfDorchester,0,1,0,1,1.4554896511734424e-05,0.0
boozeandpancakes,0,1,0,1,1.4554896511734424e-05,0.0
floydiannyc,0,1,0,1,1.4554896511734424e-05,0.0
atreides78723,0,1,0,1,1.4554896511734424e-05,0.0
Babylon4All,0,1,0,1,1.4554896511734424e-05,0.0
NoLobster7957,0,1,0,1,1.4554896511734424e-05,0.0
band-of-horses,0,1,0,1,1.4554896511734424e-05,0.0
ZeePirate,0,1,0,1,1.4554896511734424e-05,0.0
RhysDerby,0,1,0,1,1.4554896511734424e-05,0.0
B1WR2,0,1,0,1,1.4554896511734424e-05,0.0
dftba-ftw,0,1,0,1,1.4554896511734424e-05,0.0
the_gouged_eye,0,1,0,1,1.4554896511734424e-05,0.0
dregan,0,2,0,2,1.4554896511734424e-05,0.0
jethoniss,0,1,0,1,1.4554896511734424e-05,0.0
randomtask,0,1,0,1,1.4554896511734424e-05,0.0
Edgefactor,0,1,0,1,1.4554896511734424e-05,0.0
cheezepie,0,1,0,1,1.4554896511734424e-05,0.0
Howcanyoubecertain,0,1,0,1,1.4554896511734424e-05,0.0
Splith,0,1,0,1,1.4554896511734424e-05,0.0
Guilty-Mix-7629,0,1,0,2,1.4554896511734424e-05,0.0
triscuitsrule,0,1,0,1,1.4554896511734424e-05,0.0
warp_driver,0,1,0,1,1.4554896511734424e-05,0.0
huxtiblejones,0,1,0,1,1.4554896511734424e-05,0.0
schmidtytime,0,1,0,1,1.4554896511734424e-05,0.0
nndscrptuser,0,1,0,1,1.4554896511734424e-05,0.0
timeslider,0,1,0,1,1.4554896511734424e-05,0.0
EventHorizonbyGA,0,1,0,1,1.4554896511734424e-05,0.0
telperion101,0,1,0,1,1.4554896511734424e-05,0.0
recumbent_mike,0,1,0,1,1.4554896511734424e-05,0.0
grrangry,0,1,0,1,1.4554896511734424e-05,0.0
Honest_Ad5029,0,1,0,1,1.4554896511734424e-05,0.0
where_is_lily_allen,0,1,0,1,1.4554896511734424e-05,0.0
ClacksInTheSky,0,1,0,1,1.4554896511734424e-05,0.0
Greful,0,1,0,1,1.4554896511734424e-05,0.0
IttsssTonyTiiiimme,0,1,0,1,1.4554896511734424e-05,0.0
seniorfrito,0,1,0,1,1.4554896511734424e-05,0.0
K3idon,0,1,0,1,1.4554896511734424e-05,0.0
nic-94,0,1,0,1,1.4554896511734424e-05,0.0
PowerSamurai,0,1,0,1,1.4554896511734424e-05,0.0
Jamal_Khashoggi,0,1,0,1,1.4554896511734424e-05,0.0
Liquor_N_Whorez,0,1,0,1,1.4554896511734424e-05,0.0
CMMiller89,0,1,0,1,1.4554896511734424e-05,0.0
SkiPolarBear22,0,1,0,1,1.4554896511734424e-05,0.0
cawgoestheeagle,0,1,0,1,1.4554896511734424e-05,0.0
LordOfThe_Pings,0,1,0,1,1.4554896511734424e-05,0.0
abnormal_human,0,1,0,1,1.4554896511734424e-05,0.0
Howdyini,0,2,0,3,1.4554896511734424e-05,0.0
fake_somebody,0,1,0,1,1.4554896511734424e-05,0.0
PowerFarta,0,1,0,1,1.4554896511734424e-05,0.0
Witloof,0,1,0,1,1.4554896511734424e-05,0.0
InnovativeBureaucrat,0,1,0,1,1.4554896511734424e-05,0.0
demonwing,0,1,0,1,1.4554896511734424e-05,0.0
sreiches,0,1,0,1,1.4554896511734424e-05,0.0
Instant_Ad_Nauseum,0,1,0,1,1.4554896511734424e-05,0.0
exoduas,0,1,0,1,1.4554896511734424e-05,0.0
MakeoutPoint,0,1,0,1,1.4554896511734424e-05,0.0
weirdal1968,0,1,0,1,1.4554896511734424e-05,0.0
Different_Art_2470,0,1,0,1,1.4554896511734424e-05,0.0
kontor97,0,1,0,1,1.4554896511734424e-05,0.0
glockops,0,1,0,1,1.4554896511734424e-05,0.0
Equivalent-You-5375,0,1,0,1,1.4554896511734424e-05,0.0
rhedfish,0,1,0,1,1.4554896511734424e-05,0.0
Rude-Cartographer369,0,1,0,1,1.4554896511734424e-05,0.0
ryandiy,0,1,0,1,1.4554896511734424e-05,0.0
bmyst70,0,1,0,1,1.4554896511734424e-05,0.0
ImCaffeinated_Chris,0,1,0,1,1.4554896511734424e-05,0.0
Acceptable-Piccolo57,0,2,0,2,1.4554896511734424e-05,0.0
tomster2300,0,1,0,1,1.4554896511734424e-05,0.0
etham,0,1,0,1,1.4554896511734424e-05,0.0
decmcc,0,1,0,1,1.4554896511734424e-05,0.0
CheesypoofExtreme,0,1,0,1,1.4554896511734424e-05,0.0
krostybat,0,1,0,1,1.4554896511734424e-05,0.0
Ghosts_and_Empties,0,1,0,1,1.4554896511734424e-05,0.0
jumboshrimp76,0,1,0,1,1.4554896511734424e-05,0.0
heartlessgamer,0,1,0,1,1.4554896511734424e-05,0.0
sillypoolfacemonster,0,1,0,1,1.4554896511734424e-05,0.0
BanalCausality,0,1,0,1,1.4554896511734424e-05,0.0
Western-Dig-6843,0,1,0,1,1.4554896511734424e-05,0.0
Ordinary-Leading7405,0,1,0,1,1.4554896511734424e-05,0.0
dathrowaway1239,0,1,0,1,1.4554896511734424e-05,0.0
naf90,0,1,0,1,1.4554896511734424e-05,0.0
vsaint,0,1,0,1,1.4554896511734424e-05,0.0
smalltalk2k,0,1,0,1,1.4554896511734424e-05,0.0
SerLarrold,0,1,0,1,1.4554896511734424e-05,0.0
infinite0ne,0,1,0,1,1.4554896511734424e-05,0.0
myislanduniverse,0,1,0,1,1.4554896511734424e-05,0.0
toadi,0,1,0,1,1.4554896511734424e-05,0.0
DueAnalysis2,0,1,0,1,1.4554896511734424e-05,0.0
PancakesAndShame,0,1,0,1,1.4554896511734424e-05,0.0
ottwebdev,0,1,0,1,1.4554896511734424e-05,0.0
Ggriffinz,0,1,0,1,1.4554896511734424e-05,0.0
Fuck-WestJet,0,1,0,1,1.4554896511734424e-05,0.0
francis_pizzaman_iv,0,1,0,1,1.4554896511734424e-05,0.0
terraherts,0,1,0,1,1.4554896511734424e-05,0.0
DownvotingRoman_,0,1,0,1,1.4554896511734424e-05,0.0
yoosernamesarehard,0,1,0,1,1.4554896511734424e-05,0.0
xid,0,1,0,1,1.4554896511734424e-05,0.0
crash41301,0,1,0,1,1.4554896511734424e-05,0.0
TheRatingsAgency,0,1,0,1,1.4554896511734424e-05,0.0
OP_XJV,0,1,0,1,1.4554896511734424e-05,0.0
crochetawayhpff,0,1,0,1,1.4554896511734424e-05,0.0
Zeliek,0,1,0,1,1.4554896511734424e-05,0.0
rocketbunny77,0,1,0,1,1.4554896511734424e-05,0.0
GardenPeep,0,2,0,2,1.4554896511734424e-05,0.0
ruffles589,0,1,0,1,1.4554896511734424e-05,0.0
BobTheFettt,0,1,0,1,1.4554896511734424e-05,0.0
AliMcGraw,0,1,0,1,1.4554896511734424e-05,0.0
betweentwoblueclouds,0,1,0,1,1.4554896511734424e-05,0.0
valeo25,0,1,0,1,1.4554896511734424e-05,0.0
GracefulAssumption,0,1,0,1,1.4554896511734424e-05,0.0
c_b0t,0,1,0,1,1.4554896511734424e-05,0.0
user_of_the_week,0,1,0,1,1.4554896511734424e-05,0.0
hikingideas,0,1,0,1,1.4554896511734424e-05,0.0
Halleys_Vomit,0,1,0,1,1.4554896511734424e-05,0.0
ekobres,0,1,0,1,1.4554896511734424e-05,0.0
defeatedmac,0,1,0,1,1.4554896511734424e-05,0.0
TwoPlyDreams,0,1,0,1,1.4554896511734424e-05,0.0
Space_Pirate_Roberts,0,1,0,1,1.4554896511734424e-05,0.0
null-character,0,1,0,1,1.4554896511734424e-05,0.0
TO-BE-AS,0,1,0,1,1.4554896511734424e-05,0.0
LaZyCrO,0,1,0,1,1.4554896511734424e-05,0.0
madgoat,0,1,0,1,1.4554896511734424e-05,0.0
thehomeversion,0,1,0,1,1.4554896511734424e-05,0.0
HotMain4595,0,1,0,1,1.4554896511734424e-05,0.0
enterprise_code_dev,0,1,0,1,1.4554896511734424e-05,0.0
Ok_Promise8114,0,2,0,2,1.4554896511734424e-05,0.0
Gloomy-Insurance-739,0,1,0,1,1.4554896511734424e-05,0.0
the_millenial_falcon,0,1,0,1,1.4554896511734424e-05,0.0
chedstrom,0,1,0,1,1.4554896511734424e-05,0.0
DrunknMunky1969,0,1,0,1,1.4554896511734424e-05,0.0
syrstorm,0,1,0,1,1.4554896511734424e-05,0.0
herecomesthewomp,0,1,0,1,1.4554896511734424e-05,0.0
XionicativeCheran,0,1,0,1,1.4554896511734424e-05,0.0
Electrical-Bee-7362,0,1,0,1,1.4554896511734424e-05,0.0
DJheddo,0,1,0,1,1.4554896511734424e-05,0.0
yoortyyo,0,1,0,1,1.4554896511734424e-05,0.0
Zitheryl1,0,1,0,1,1.4554896511734424e-05,0.0
Ashnagarr,0,1,0,1,1.4554896511734424e-05,0.0
macrocephalic,0,1,0,1,1.4554896511734424e-05,0.0
ceruleanstones,0,1,0,1,1.4554896511734424e-05,0.0
boston_homo,0,1,0,1,1.4554896511734424e-05,0.0
leavingdirtyashes,0,1,0,1,1.4554896511734424e-05,0.0
MikeW86,0,1,0,1,1.4554896511734424e-05,0.0
TravisTe,0,1,0,1,1.4554896511734424e-05,0.0
Gurlllllllll-,0,1,0,1,1.4554896511734424e-05,0.0
ScreenLongjumping121,0,1,0,1,1.4554896511734424e-05,0.0
fookinpikey,0,1,0,1,1.4554896511734424e-05,0.0
BZLuck,0,1,0,1,1.4554896511734424e-05,0.0
AvocadoYogi,0,1,0,1,1.4554896511734424e-05,0.0
Konatotamago,0,1,0,1,1.4554896511734424e-05,0.0
zbend,0,1,0,1,1.4554896511734424e-05,0.0
saljskanetilldanmark,0,1,0,1,1.4554896511734424e-05,0.0
SeattleCaptain,0,1,0,1,1.4554896511734424e-05,0.0
bastardpants,0,1,0,1,1.4554896511734424e-05,0.0
piray003,0,1,0,1,1.4554896511734424e-05,0.0
KilllllerWhale,0,1,0,1,1.4554896511734424e-05,0.0
FashoChamp,0,1,0,1,1.4554896511734424e-05,0.0
Cloudhiddentao,0,1,0,1,1.4554896511734424e-05,0.0
justforkinks0131,0,1,0,1,1.4554896511734424e-05,0.0
CellularBeing,0,1,0,1,1.4554896511734424e-05,0.0
DracoLunaris,0,1,0,1,1.4554896511734424e-05,0.0
grownup_eel,0,1,0,1,1.4554896511734424e-05,0.0
Notalentass,0,1,0,1,1.4554896511734424e-05,0.0
uresmane,0,2,0,2,1.4554896511734424e-05,0.0
Redducer,0,1,0,1,1.4554896511734424e-05,0.0
anothergaijin,0,1,0,1,1.4554896511734424e-05,0.0
Tripp723,0,1,0,1,1.4554896511734424e-05,0.0
kristospherein,0,1,0,1,1.4554896511734424e-05,0.0
TheArmchairSkeptic,0,1,0,1,1.4554896511734424e-05,0.0
Plenty-North-2340,0,1,0,1,1.4554896511734424e-05,0.0
paisleyturtle3,0,1,0,1,1.4554896511734424e-05,0.0
lyndax8932,0,1,0,1,1.4554896511734424e-05,0.0
DarthNihilus,0,1,0,1,1.4554896511734424e-05,0.0
slog,0,1,0,1,1.4554896511734424e-05,0.0
panlakes,0,1,0,1,1.4554896511734424e-05,0.0
quarrelau,0,1,0,1,1.4554896511734424e-05,0.0
Alarming_Head_4263,0,1,0,1,1.4554896511734424e-05,0.0
DecrepitBob,0,1,0,1,1.4554896511734424e-05,0.0
rojeli,0,1,0,1,1.4554896511734424e-05,0.0
PM_ME_YOUR_TATERTOT,0,1,0,1,1.4554896511734424e-05,0.0
sassydodo,0,1,0,1,1.4554896511734424e-05,0.0
ScreenMuch90210,0,1,0,1,1.4554896511734424e-05,0.0
WorkDistraction,0,1,0,1,1.4554896511734424e-05,0.0
Fredredphooey,0,1,0,1,1.4554896511734424e-05,0.0
Anfins,0,1,0,1,1.4554896511734424e-05,0.0
HorridosTorpedo,0,1,0,1,1.4554896511734424e-05,0.0
Servethebeam19,0,1,0,1,1.4554896511734424e-05,0.0
yaboonabi,0,1,0,1,1.4554896511734424e-05,0.0
ragemonkey,0,1,0,1,1.4554896511734424e-05,0.0
CaptainPlantyPants,0,1,0,1,1.4554896511734424e-05,0.0
chabaz,0,1,0,1,1.4554896511734424e-05,0.0
I_am_the_BEEF,0,1,0,1,1.4554896511734424e-05,0.0
voovoodee,0,1,0,1,1.4554896511734424e-05,0.0
al2o3cr,0,1,0,1,1.4554896511734424e-05,0.0
oh_my316,0,1,0,1,1.4554896511734424e-05,0.0
mystieke,0,1,0,1,1.4554896511734424e-05,0.0
something-behind-him,0,1,0,1,1.4554896511734424e-05,0.0
Chole_Wunt,0,1,0,1,1.4554896511734424e-05,0.0
WhoEvenIsPoggers,0,1,0,1,1.4554896511734424e-05,0.0
Fearless-Stop2417,0,1,0,1,1.4554896511734424e-05,0.0
triscuit_buscuit,0,1,0,1,1.4554896511734424e-05,0.0
chappell-hoenn,0,1,0,1,1.4554896511734424e-05,0.0
EpicNerdFinds,0,1,0,1,1.4554896511734424e-05,0.0
ydieb,0,1,0,1,1.4554896511734424e-05,0.0
ETNevada,0,1,0,1,1.4554896511734424e-05,0.0
KennyFulgencio,0,1,0,1,1.4554896511734424e-05,0.0
cyberspacecowboy,0,1,0,1,1.4554896511734424e-05,0.0
RightZer0s,0,1,0,1,1.4554896511734424e-05,0.0
rain168,0,1,0,1,1.4554896511734424e-05,0.0
tonkotsu_fan,0,1,0,1,1.4554896511734424e-05,0.0
heybochicha,0,1,0,1,1.4554896511734424e-05,0.0
4guser,0,1,0,1,1.4554896511734424e-05,0.0
PointedlyDull,0,1,0,1,1.4554896511734424e-05,0.0
kent_eh,0,1,0,1,1.4554896511734424e-05,0.0
00owl,0,1,0,1,1.4554896511734424e-05,0.0
EricSanderson,0,1,0,1,1.4554896511734424e-05,0.0
Michael_3088,0,1,0,1,1.4554896511734424e-05,0.0
Profpiff990,0,1,0,1,1.4554896511734424e-05,0.0
PlusTiedye,0,1,0,1,1.4554896511734424e-05,0.0
ukezi,0,1,0,1,1.4554896511734424e-05,0.0
Miravlix,0,1,0,1,1.4554896511734424e-05,0.0
UNMANAGEABLE,0,1,0,1,1.4554896511734424e-05,0.0
idontlikeflamingos,0,1,0,1,1.4554896511734424e-05,0.0
ThatsSoWitty,0,1,0,1,1.4554896511734424e-05,0.0
spoui,0,1,0,1,1.4554896511734424e-05,0.0
kezow,0,1,0,1,1.4554896511734424e-05,0.0
HostNo8115,0,1,0,1,1.4554896511734424e-05,0.0
robodrew,0,1,0,1,1.4554896511734424e-05,0.0
flamewave000,0,1,0,1,1.4554896511734424e-05,0.0
sexygodzilla,0,1,0,1,1.4554896511734424e-05,0.0
TotalEmployment9996,0,1,0,1,1.4554896511734424e-05,0.0
hclpfan,0,1,0,1,1.4554896511734424e-05,0.0
DellGriffith,0,1,0,1,1.4554896511734424e-05,0.0
schnorf1988,0,1,0,1,1.4554896511734424e-05,0.0
MeccIt,0,1,0,1,1.4554896511734424e-05,0.0
BlueAurus,0,1,0,1,1.4554896511734424e-05,0.0
dontucme,0,1,0,1,1.4554896511734424e-05,0.0
othybear,0,1,0,1,1.4554896511734424e-05,0.0
bourbonleader,0,1,0,1,1.4554896511734424e-05,0.0
AlasPoorZathras,0,1,0,1,1.4554896511734424e-05,0.0
dcy123,0,1,0,1,1.4554896511734424e-05,0.0
jacksbox,0,1,0,1,1.4554896511734424e-05,0.0
Hartzler44,0,1,0,1,1.4554896511734424e-05,0.0
LevSmash,0,1,0,1,1.4554896511734424e-05,0.0
AmbitionExtension184,0,1,0,1,1.4554896511734424e-05,0.0
danfay222,0,1,0,1,1.4554896511734424e-05,0.0
shanniquaaaa,0,1,0,1,1.4554896511734424e-05,0.0
CleverName4,0,1,0,1,1.4554896511734424e-05,0.0
Phillyfranco,0,1,0,1,1.4554896511734424e-05,0.0
Minimum-Reward3264,0,1,0,1,1.4554896511734424e-05,0.0
GuyWithTwoThumbs,0,1,0,1,1.4554896511734424e-05,0.0
SpiderSlitScrotums,0,1,0,1,1.4554896511734424e-05,0.0
anaveragebest,0,1,0,1,1.4554896511734424e-05,0.0
slumdungo,0,1,0,1,1.4554896511734424e-05,0.0
bevo_expat,0,1,0,1,1.4554896511734424e-05,0.0
bluelinked,0,1,0,1,1.4554896511734424e-05,0.0
someguywitheaphone,0,1,0,1,1.4554896511734424e-05,0.0
PakLivTO,0,1,0,1,1.4554896511734424e-05,0.0
raiansar,0,1,0,1,1.4554896511734424e-05,0.0
FairEntertainment194,0,1,0,1,1.4554896511734424e-05,0.0
asscrackbanditz,0,1,0,1,1.4554896511734424e-05,0.0
Soberdonkey69,0,1,0,1,1.4554896511734424e-05,0.0
ZenBreaking,0,1,0,1,1.4554896511734424e-05,0.0
LordMeloney,0,1,0,1,1.4554896511734424e-05,0.0
vintergroena,0,1,0,1,1.4554896511734424e-05,0.0
Adventurekitty74,0,1,0,1,1.4554896511734424e-05,0.0
King_Fisher99,0,1,0,1,1.4554896511734424e-05,0.0
Ruleseventysix,0,1,0,1,1.4554896511734424e-05,0.0
SpoilermakersWabash,0,1,0,1,1.4554896511734424e-05,0.0
Zhuinden,0,1,0,1,1.4554896511734424e-05,0.0
winterbaby12,0,1,0,1,1.4554896511734424e-05,0.0
RebelliousInNature,0,1,0,1,1.4554896511734424e-05,0.0
SomeGalNamedAshley,0,1,0,1,1.4554896511734424e-05,0.0
zzulus,0,1,0,1,1.4554896511734424e-05,0.0
ProbablyRickSantorum,0,1,0,1,1.4554896511734424e-05,0.0
Tuned_Out,0,1,0,1,1.4554896511734424e-05,0.0
68plus1equals,0,1,0,1,1.4554896511734424e-05,0.0
cptspeirs,0,1,0,1,1.4554896511734424e-05,0.0
LichBoi101,0,1,0,1,1.4554896511734424e-05,0.0
Takedown22,0,1,0,1,1.4554896511734424e-05,0.0
Academic_Release5134,0,1,0,1,1.4554896511734424e-05,0.0
pleasedontkillmyvibe,0,1,0,1,1.4554896511734424e-05,0.0
brainfreeze3,0,1,0,1,1.4554896511734424e-05,0.0
ExtremeZebra5,0,1,0,1,1.4554896511734424e-05,0.0
going-for-gusto,0,1,0,1,1.4554896511734424e-05,0.0
SystemIcy2161,0,1,0,1,1.4554896511734424e-05,0.0
Stormcloud217,0,1,0,1,1.4554896511734424e-05,0.0
TheRealChizz,0,1,0,1,1.4554896511734424e-05,0.0
bbycakes3,0,1,0,1,1.4554896511734424e-05,0.0
wantsoutofthefog,0,1,0,1,1.4554896511734424e-05,0.0
arrownyc,0,1,0,1,1.4554896511734424e-05,0.0
demaraje,0,1,0,1,1.4554896511734424e-05,0.0
generatorstar,0,1,0,1,1.4554896511734424e-05,0.0
_mully_,0,1,0,1,1.4554896511734424e-05,0.0
DeepSubmerge,0,1,0,1,1.4554896511734424e-05,0.0
punkindle,0,1,0,1,1.4554896511734424e-05,0.0
Expert_Cheesecake695,0,1,0,1,1.4554896511734424e-05,0.0
Old_Needleworker_865,0,1,0,1,1.4554896511734424e-05,0.0
sklerson89,0,1,0,1,1.4554896511734424e-05,0.0
Donna_Schrump,0,1,0,1,1.4554896511734424e-05,0.0
vertexnormal,0,1,0,1,1.4554896511734424e-05,0.0
MonkeyVine7,0,1,0,1,1.4554896511734424e-05,0.0
Imaginary_Plane5222,0,1,0,1,1.4554896511734424e-05,0.0
Tekuzo,0,1,0,1,1.4554896511734424e-05,0.0
friendly-sam,0,1,0,1,1.4554896511734424e-05,0.0
EJoule,0,1,0,1,1.4554896511734424e-05,0.0
Martel732,0,1,0,1,1.4554896511734424e-05,0.0
Admirable_Ad_5291,0,1,0,1,1.4554896511734424e-05,0.0
OneBillPhil,0,1,0,1,1.4554896511734424e-05,0.0
cyber_social,0,1,0,1,1.4554896511734424e-05,0.0
throwaway1736484,0,1,0,1,1.4554896511734424e-05,0.0
NK1337,0,1,0,1,1.4554896511734424e-05,0.0
gbcfgh,0,1,0,1,1.4554896511734424e-05,0.0
beegeepee,0,1,0,1,1.4554896511734424e-05,0.0
Greedy_Sneak,0,1,0,1,1.4554896511734424e-05,0.0
NumeralJoker,0,1,0,1,1.4554896511734424e-05,0.0
hates_stupid_people,0,1,0,1,1.4554896511734424e-05,0.0
Javs2469,0,1,0,1,1.4554896511734424e-05,0.0
SaratogaCx,0,1,0,1,1.4554896511734424e-05,0.0
Get_Breakfast_Done,0,1,0,1,1.4554896511734424e-05,0.0
OptimistIndya,0,1,0,1,1.4554896511734424e-05,0.0
Merusk,0,1,0,1,1.4554896511734424e-05,0.0
SingLyricsWithMe,0,1,0,1,1.4554896511734424e-05,0.0
buckao,0,1,0,1,1.4554896511734424e-05,0.0
free_farts,0,1,0,1,1.4554896511734424e-05,0.0
gnarzilla69,0,1,0,1,1.4554896511734424e-05,0.0
asianwaste,0,1,0,1,1.4554896511734424e-05,0.0
da_chicken,0,2,0,2,1.4554896511734424e-05,0.0
grtgbln,0,1,0,1,1.4554896511734424e-05,0.0
isamuu13,0,1,0,1,1.4554896511734424e-05,0.0
Dreamtrain,0,1,0,1,1.4554896511734424e-05,0.0
probably-not-Ben,0,1,0,1,1.4554896511734424e-05,0.0
SpagBolForLife,0,1,0,1,1.4554896511734424e-05,0.0
green_link,0,1,0,1,1.4554896511734424e-05,0.0
DeLoresDelorean,0,1,0,1,1.4554896511734424e-05,0.0
TecTwo,0,1,0,1,1.4554896511734424e-05,0.0
argama87,0,1,0,1,1.4554896511734424e-05,0.0
jetstream100,0,1,0,1,1.4554896511734424e-05,0.0
ThatUsernameIsTaekin,0,1,0,1,1.4554896511734424e-05,0.0
Ok_Bake_8256,0,1,0,1,1.4554896511734424e-05,0.0
JayNotAtAll,0,1,0,1,1.4554896511734424e-05,0.0
NecessaryButNotSuff,0,1,0,1,1.4554896511734424e-05,0.0
SuspiciousStable9649,0,1,0,1,1.4554896511734424e-05,0.0
Tigerlily_Dreams,0,1,0,1,1.4554896511734424e-05,0.0
Korona123,0,1,0,1,1.4554896511734424e-05,0.0
iamnotpigeon,0,1,0,1,1.4554896511734424e-05,0.0
taste1337,0,1,0,1,1.4554896511734424e-05,0.0
baron--greenback,0,1,0,1,1.4554896511734424e-05,0.0
Takemyfishplease,0,1,0,1,1.4554896511734424e-05,0.0
Sayakai,0,1,0,1,1.4554896511734424e-05,0.0
johndsmits,0,1,0,1,1.4554896511734424e-05,0.0
Antares_,0,1,0,1,1.4554896511734424e-05,0.0
GarnerGerald11141,0,1,0,1,1.4554896511734424e-05,0.0
justsomeph0t0n,0,1,0,1,1.4554896511734424e-05,0.0
TheTopNacho,0,1,0,1,1.4554896511734424e-05,0.0
HammeredWharf,0,1,0,1,1.4554896511734424e-05,0.0
jackofslayers,0,1,0,1,1.4554896511734424e-05,0.0
hitsujiTMO,0,1,0,1,1.4554896511734424e-05,0.0
DragonDeezNutzAround,0,1,0,1,1.4554896511734424e-05,0.0
helgetun,0,1,0,1,1.4554896511734424e-05,0.0
dragonmp93,0,1,0,1,1.4554896511734424e-05,0.0
ThatLunchBox,0,1,0,1,1.4554896511734424e-05,0.0
shindig0,0,1,0,1,1.4554896511734424e-05,0.0
WeLoveYouCarol,0,1,0,1,1.4554896511734424e-05,0.0
b4k4ni,0,1,0,1,1.4554896511734424e-05,0.0
UGMadness,0,1,0,1,1.4554896511734424e-05,0.0
NeoIsJohnWick,0,1,0,1,1.4554896511734424e-05,0.0
sokratesz,0,1,0,1,1.4554896511734424e-05,0.0
tnnrk,0,1,0,1,1.4554896511734424e-05,0.0
911freeze,0,1,0,1,1.4554896511734424e-05,0.0
Complete_Bear_368,0,1,0,1,1.4554896511734424e-05,0.0
thegoddamnbatman40,0,1,0,1,1.4554896511734424e-05,0.0
Panda_hat,0,1,0,1,1.4554896511734424e-05,0.0
MattIsLame,0,1,0,1,1.4554896511734424e-05,0.0
Toby_O_Notoby,0,1,0,1,1.4554896511734424e-05,0.0
Im_in_your_walls_420,0,1,0,1,1.4554896511734424e-05,0.0
boli99,0,1,0,1,1.4554896511734424e-05,0.0
ilyearer,0,1,0,1,1.4554896511734424e-05,0.0
Elegant_Situation285,0,1,0,1,1.4554896511734424e-05,0.0
KokonutMonkey,0,1,0,1,1.4554896511734424e-05,0.0
sylvan4312,0,1,0,1,1.4554896511734424e-05,0.0
gmanasaurus,0,1,0,1,1.4554896511734424e-05,0.0
MrKyleOwns,0,1,0,1,1.4554896511734424e-05,0.0
Bluepass11,0,1,0,1,1.4554896511734424e-05,0.0
AccomplishedBother12,0,1,0,1,1.4554896511734424e-05,0.0
maneki_neko89,0,1,0,1,1.4554896511734424e-05,0.0
bate1eur,0,1,0,1,1.4554896511734424e-05,0.0
Clairvoyant_Legacy,0,1,0,1,1.4554896511734424e-05,0.0
DickDongMcLong,0,1,0,1,1.4554896511734424e-05,0.0
Aeonera,0,1,0,1,1.4554896511734424e-05,0.0
Shigalyovist,0,1,0,1,1.4554896511734424e-05,0.0
HedoniumVoter,0,1,0,1,1.4554896511734424e-05,0.0
przemo-c,0,1,0,1,1.4554896511734424e-05,0.0
johnfrank2904,0,1,0,1,1.4554896511734424e-05,0.0
TomCatHat432,0,1,0,1,1.4554896511734424e-05,0.0
Knightfires,0,1,0,1,1.4554896511734424e-05,0.0
brickmaster8,0,1,0,1,1.4554896511734424e-05,0.0
FlukyS,0,1,0,1,1.4554896511734424e-05,0.0
Bakoro,0,1,0,1,1.4554896511734424e-05,0.0
unavoidablefate,0,1,0,1,1.4554896511734424e-05,0.0
Pretend_Location_548,0,1,0,1,1.4554896511734424e-05,0.0
Cereal____Killer,0,1,0,1,1.4554896511734424e-05,0.0
Thin_Dream2079,0,1,0,1,1.4554896511734424e-05,0.0
ashtefer1,0,1,0,1,1.4554896511734424e-05,0.0
vespers191,0,1,0,1,1.4554896511734424e-05,0.0
AtraVenator,0,1,0,1,1.4554896511734424e-05,0.0
HorsePockets,0,1,0,1,1.4554896511734424e-05,0.0
NeatAbbreviations125,0,1,0,1,1.4554896511734424e-05,0.0
knotatumah,0,1,0,1,1.4554896511734424e-05,0.0
Own-Palpitation8194,0,1,0,1,1.4554896511734424e-05,0.0
spribyl,0,1,0,1,1.4554896511734424e-05,0.0
IAmFireAndFireIsMe,0,1,0,1,1.4554896511734424e-05,0.0
KingBlue2,0,1,0,1,1.4554896511734424e-05,0.0
fourleggedostrich,0,1,0,1,1.4554896511734424e-05,0.0
Herebec,0,1,0,1,1.4554896511734424e-05,0.0
pobody-snerfect,0,1,0,1,1.4554896511734424e-05,0.0
Fimbir,0,1,0,1,1.4554896511734424e-05,0.0
Doctor_Amazo,0,1,0,1,1.4554896511734424e-05,0.0
db_admin,0,1,0,1,1.4554896511734424e-05,0.0
trialofmiles,0,1,0,1,1.4554896511734424e-05,0.0
spunkypudding,0,1,0,1,1.4554896511734424e-05,0.0
dowling543333,0,1,0,1,1.4554896511734424e-05,0.0
Holiday_Lie_9435,0,1,0,1,1.4554896511734424e-05,0.0
The_Fat_Man_Jams,0,1,0,1,1.4554896511734424e-05,0.0
lyngen,0,1,0,1,1.4554896511734424e-05,0.0
5H17SH0W,0,1,0,1,1.4554896511734424e-05,0.0
niuzeta,0,1,0,1,1.4554896511734424e-05,0.0
Hotrian,0,1,0,1,1.4554896511734424e-05,0.0
Pyro1934,0,1,0,1,1.4554896511734424e-05,0.0
moofunk,0,1,0,1,1.4554896511734424e-05,0.0
Under_Leveled,0,1,0,1,1.4554896511734424e-05,0.0
klipseracer,0,1,0,1,1.4554896511734424e-05,0.0
KinkAffection,0,1,0,1,1.4554896511734424e-05,0.0
batchrendre,0,1,0,1,1.4554896511734424e-05,0.0
aft3rthought,0,1,0,1,1.4554896511734424e-05,0.0
BoogieTheHedgehog,0,1,0,1,1.4554896511734424e-05,0.0
Wide-Pop6050,0,1,0,1,1.4554896511734424e-05,0.0
CMDR_KingErvin,0,1,0,1,1.4554896511734424e-05,0.0
Codex_Dev,0,1,0,1,1.4554896511734424e-05,0.0
p0st_master,0,1,0,1,1.4554896511734424e-05,0.0
Dababolical,0,1,0,1,1.4554896511734424e-05,0.0
ConstantExisting424,0,1,0,1,1.4554896511734424e-05,0.0
mrbear120,0,1,0,1,1.4554896511734424e-05,0.0
WoodpeckerKey9272,0,1,0,1,1.4554896511734424e-05,0.0
Deep90,0,1,0,1,1.4554896511734424e-05,0.0
SmarmyYardarm,0,1,0,1,1.4554896511734424e-05,0.0
poeticmaniac,0,1,0,1,1.4554896511734424e-05,0.0
glittertongue,0,1,0,1,1.4554896511734424e-05,0.0
WaitingForTheClouds,0,1,0,1,1.4554896511734424e-05,0.0
theonewhoknack,0,1,0,1,1.4554896511734424e-05,0.0
Redditor1320,0,1,0,1,1.4554896511734424e-05,0.0
applejacks5689,0,1,0,1,1.4554896511734424e-05,0.0
djtodd242,0,1,0,1,1.4554896511734424e-05,0.0
lil_meme_-Machine,0,1,0,1,1.4554896511734424e-05,0.0
SlightlyAngyKitty,0,1,0,1,1.4554896511734424e-05,0.0
omniuni,0,1,0,1,1.4554896511734424e-05,0.0
boonsonthegrind,0,1,0,1,1.4554896511734424e-05,0.0
SufficientBowler2722,0,1,0,1,1.4554896511734424e-05,0.0
iSoReddit,0,1,0,1,1.4554896511734424e-05,0.0
Puzzleheaded_Fold466,0,1,0,1,1.4554896511734424e-05,0.0
ArtoisDuchamps,0,1,0,1,1.4554896511734424e-05,0.0
Different_Mousse_564,0,1,0,1,1.4554896511734424e-05,0.0
esgrove2,0,1,0,1,1.4554896511734424e-05,0.0
AngusMeatStick,0,1,0,1,1.4554896511734424e-05,0.0
greenmerica,0,1,0,1,1.4554896511734424e-05,0.0
ElectricStings,0,1,0,1,1.4554896511734424e-05,0.0
DtotheOUG,0,1,0,1,1.4554896511734424e-05,0.0
Xznograthos,0,1,0,1,1.4554896511734424e-05,0.0
Uristqwerty,0,1,0,1,1.4554896511734424e-05,0.0
imahuman3445,0,1,0,1,1.4554896511734424e-05,0.0
0MG1MBACK,0,1,0,1,1.4554896511734424e-05,0.0
eat_my_ass_n_balls,0,1,0,1,1.4554896511734424e-05,0.0
roiki11,0,1,0,1,1.4554896511734424e-05,0.0
ChumbawumbaFan01,0,1,0,1,1.4554896511734424e-05,0.0
Caperman,0,1,0,1,1.4554896511734424e-05,0.0
StorminNorman,0,1,0,1,1.4554896511734424e-05,0.0
Derpinginthejungle,0,1,0,1,1.4554896511734424e-05,0.0
IllRadish8765,0,1,0,1,1.4554896511734424e-05,0.0
thefumingo,0,1,0,1,1.4554896511734424e-05,0.0
TommyVeliky,0,1,0,1,1.4554896511734424e-05,0.0
McChava,0,1,0,1,1.4554896511734424e-05,0.0
Spirited-Amount1894,0,1,0,1,1.4554896511734424e-05,0.0
mynamejulian,0,1,0,1,1.4554896511734424e-05,0.0
thirsty-goblin,0,1,0,1,1.4554896511734424e-05,0.0
My_alias_is_too_lon,0,1,0,1,1.4554896511734424e-05,0.0
hamletswords,0,1,0,1,1.4554896511734424e-05,0.0
citrusmellarosa,0,1,0,1,1.4554896511734424e-05,0.0
JustKeepRedditn010,0,1,0,1,1.4554896511734424e-05,0.0
sup_lea,0,1,0,1,1.4554896511734424e-05,0.0
Jandishhulk,0,1,0,1,1.4554896511734424e-05,0.0
Skinnieguy,0,1,0,1,1.4554896511734424e-05,0.0
yotengodormir,0,1,0,1,1.4554896511734424e-05,0.0
TheMCM80,0,1,0,1,1.4554896511734424e-05,0.0
rolloutTheTrash,0,1,0,1,1.4554896511734424e-05,0.0
Grimlockkickbutt,0,1,0,1,1.4554896511734424e-05,0.0
WillingPersonality96,0,1,0,1,1.4554896511734424e-05,0.0
SoManyQuestions5200,0,1,0,1,1.4554896511734424e-05,0.0
Accomplished-Bug-739,0,1,0,1,1.4554896511734424e-05,0.0
peterpancreas,0,1,0,1,1.4554896511734424e-05,0.0
plsobeytrafficlights,0,1,0,1,1.4554896511734424e-05,0.0
Ridgew00dian,0,1,0,1,1.4554896511734424e-05,0.0
CrystalEffinMilkweed,0,1,0,1,1.4554896511734424e-05,0.0
ramdom-ink,0,1,0,1,1.4554896511734424e-05,0.0
mjbat7,0,1,0,1,1.4554896511734424e-05,0.0
Runkleford,0,1,0,1,1.4554896511734424e-05,0.0
MDP223,0,1,0,1,1.4554896511734424e-05,0.0
Smith6612,0,1,0,1,1.4554896511734424e-05,0.0
NLMichel,0,1,0,1,1.4554896511734424e-05,0.0
Spiritual_Paint5005,0,1,0,1,1.4554896511734424e-05,0.0
jessek,0,1,0,1,1.4554896511734424e-05,0.0
Circuit_Guy,0,1,0,1,1.4554896511734424e-05,0.0
Normal_Ad_1767,0,1,0,1,1.4554896511734424e-05,0.0
skwaer,0,1,0,1,1.4554896511734424e-05,0.0
Sir_Stoffel,0,1,0,1,1.4554896511734424e-05,0.0
I_Dont_2,0,1,0,1,1.4554896511734424e-05,0.0
PouletSixSeven,0,1,0,1,1.4554896511734424e-05,0.0
johnqsack69,0,1,0,1,1.4554896511734424e-05,0.0
BaronGoh,0,1,0,1,1.4554896511734424e-05,0.0
sarhoshamiral,0,1,0,1,1.4554896511734424e-05,0.0
sylfy,0,1,0,1,1.4554896511734424e-05,0.0
867-53-oh-nein,0,1,0,1,1.4554896511734424e-05,0.0
polyanos,0,2,0,2,1.4554896511734424e-05,0.0
FireZord25,0,1,0,1,1.4554896511734424e-05,0.0
mach8mc,0,1,0,1,1.4554896511734424e-05,0.0
AgUnityDD,0,1,0,1,1.4554896511734424e-05,0.0
Qorhat,0,1,0,1,1.4554896511734424e-05,0.0
coolest_frog,0,1,0,1,1.4554896511734424e-05,0.0
MaDpYrO,0,1,0,1,1.4554896511734424e-05,0.0
No_Suspicion,0,1,0,1,1.4554896511734424e-05,0.0
Rare-Coast2754,0,1,0,1,1.4554896511734424e-05,0.0
Eastern_Interest_908,0,1,0,1,1.4554896511734424e-05,0.0
REDACTED3560,0,1,0,1,1.4554896511734424e-05,0.0
rpkarma,0,1,0,1,1.4554896511734424e-05,0.0
guaranteednotabot,0,1,0,1,1.4554896511734424e-05,0.0
Reasonable_Ticket_84,0,1,0,1,1.4554896511734424e-05,0.0
Biotech_wolf,0,1,0,1,1.4554896511734424e-05,0.0
Halfas93,0,1,0,1,1.4554896511734424e-05,0.0
kawag,0,1,0,1,1.4554896511734424e-05,0.0
lionrom098,0,1,0,1,1.4554896511734424e-05,0.0
SpongeSlobb,0,1,0,1,1.4554896511734424e-05,0.0
FatStoner2FitSober,0,1,0,1,1.4554896511734424e-05,0.0
jjwax,0,1,0,1,1.4554896511734424e-05,0.0
gurenkagurenda,0,1,0,1,1.4554896511734424e-05,0.0
CleverAmoeba,0,1,0,1,1.4554896511734424e-05,0.0
FinalsMVPZachZarba,0,1,0,1,1.4554896511734424e-05,0.0
LebaneseLurker,0,1,0,1,1.4554896511734424e-05,0.0
Once_Wise,0,1,0,1,1.4554896511734424e-05,0.0
BuzzBadpants,0,1,0,1,1.4554896511734424e-05,0.0
woodje,0,1,0,1,1.4554896511734424e-05,0.0
Expensive_Finger_973,0,1,0,1,1.4554896511734424e-05,0.0
achiang16,0,1,0,1,1.4554896511734424e-05,0.0
Deathwalkx,0,1,0,1,1.4554896511734424e-05,0.0
Azersoth1234,0,1,0,1,1.4554896511734424e-05,0.0
Neither_Ad_911,0,1,0,1,1.4554896511734424e-05,0.0
just_a_knowbody,0,1,0,1,1.4554896511734424e-05,0.0
randomoneusername,0,1,0,1,1.4554896511734424e-05,0.0
Afraid_Stay1813,0,1,0,1,1.4554896511734424e-05,0.0
zimejin,0,1,0,1,1.4554896511734424e-05,0.0
Photomancer,0,1,0,1,1.4554896511734424e-05,0.0
Varnigma,0,1,0,1,1.4554896511734424e-05,0.0
mwax321,0,1,0,1,1.4554896511734424e-05,0.0
ihastheporn,0,1,0,1,1.4554896511734424e-05,0.0
NJS_Stamp,0,1,0,1,1.4554896511734424e-05,0.0
gregzillaman,0,1,0,1,1.4554896511734424e-05,0.0
APeacefulWarrior,0,1,0,1,1.4554896511734424e-05,0.0
brandontaylor1,0,1,0,1,1.4554896511734424e-05,0.0
Primary-Pound1483,0,1,0,1,1.4554896511734424e-05,0.0
nut-sack,0,1,0,1,1.4554896511734424e-05,0.0
Deto,0,2,0,2,1.4554896511734424e-05,0.0
Evinceo,0,1,0,1,1.4554896511734424e-05,0.0
QueefiusMaximus86,0,1,0,1,1.4554896511734424e-05,0.0
BurgooButthead,0,1,0,1,1.4554896511734424e-05,0.0
Andy12_,0,1,0,1,1.4554896511734424e-05,0.0
obeytheturtles,0,1,0,1,1.4554896511734424e-05,0.0
ReasonablyBadass,0,1,0,1,1.4554896511734424e-05,0.0
riderkicker,0,1,0,1,1.4554896511734424e-05,0.0
xiaolin99,0,1,0,1,1.4554896511734424e-05,0.0
t3htg,0,1,0,1,1.4554896511734424e-05,0.0
GlowstickConsumption,0,1,0,1,1.4554896511734424e-05,0.0
BAG1,0,1,0,1,1.4554896511734424e-05,0.0
sigren22,0,1,0,1,1.4554896511734424e-05,0.0
k-mcm,0,1,0,1,1.4554896511734424e-05,0.0
inih,0,1,0,1,1.4554896511734424e-05,0.0
ThePiachu,0,1,0,1,1.4554896511734424e-05,0.0
lamparamagica,0,1,0,1,1.4554896511734424e-05,0.0
Phil_Lippant,0,1,0,1,1.4554896511734424e-05,0.0
_Marklar_Marklar_,0,1,0,1,1.4554896511734424e-05,0.0
DemmyDemon,0,1,0,1,1.4554896511734424e-05,0.0
Joddodd,0,1,0,1,1.4554896511734424e-05,0.0
mifter123,0,1,0,1,1.4554896511734424e-05,0.0
CommanderOfReddit,0,1,0,1,1.4554896511734424e-05,0.0
Duckbilling2,0,1,0,1,1.4554896511734424e-05,0.0
Euphoric_Protection,0,1,0,1,1.4554896511734424e-05,0.0
the-ferris,0,1,0,1,1.4554896511734424e-05,0.0
CollegeStation17155,0,1,0,1,1.4554896511734424e-05,0.0
brainiac2482,0,1,0,1,1.4554896511734424e-05,0.0
workoftruck,0,1,0,1,1.4554896511734424e-05,0.0
Cube00,0,1,0,1,1.4554896511734424e-05,0.0
MetalEnthusiast83,0,1,0,1,1.4554896511734424e-05,0.0
NuggetsAreFree,0,1,0,1,1.4554896511734424e-05,0.0
xzaramurd,0,1,0,1,1.4554896511734424e-05,0.0
catom3,0,1,0,1,1.4554896511734424e-05,0.0
luna87,0,1,0,1,1.4554896511734424e-05,0.0
taosecurity,0,1,0,1,1.4554896511734424e-05,0.0
Lba5s,0,1,0,1,1.4554896511734424e-05,0.0
daftstar,0,1,0,1,1.4554896511734424e-05,0.0
aedes,0,1,0,1,1.4554896511734424e-05,0.0
LegendaryMauricius,0,1,0,1,1.4554896511734424e-05,0.0
laptopAccount2,0,1,0,1,1.4554896511734424e-05,0.0
braddillman,0,1,0,1,1.4554896511734424e-05,0.0
Grapesodas,0,1,0,1,1.4554896511734424e-05,0.0
lemrez,0,1,0,1,1.4554896511734424e-05,0.0
Orionite,0,1,0,1,1.4554896511734424e-05,0.0
Xe6s2,0,1,0,1,1.4554896511734424e-05,0.0
Iprobablyjustlied,0,1,0,1,1.4554896511734424e-05,0.0
DeathMonkey6969,0,1,0,1,1.4554896511734424e-05,0.0
hefty_habenero,0,1,0,1,1.4554896511734424e-05,0.0
dogcomplex,0,1,0,1,1.4554896511734424e-05,0.0
jwhoisfondofIT,0,1,0,1,1.4554896511734424e-05,0.0
Agreeable_Lie1672,0,1,0,1,1.4554896511734424e-05,0.0
HateToSayItBut,0,1,0,1,1.4554896511734424e-05,0.0
altSHIFTT,0,1,0,1,1.4554896511734424e-05,0.0
2beatenup,0,1,0,1,1.4554896511734424e-05,0.0
user745786,0,1,0,1,1.4554896511734424e-05,0.0
xamboozi,0,1,0,1,1.4554896511734424e-05,0.0
SCIPM,0,1,0,1,1.4554896511734424e-05,0.0
SlaterVBenedict,0,1,0,1,1.4554896511734424e-05,0.0
Embarrassed-Yard-583,0,1,0,1,1.4554896511734424e-05,0.0
nich_la,0,1,0,1,1.4554896511734424e-05,0.0
WontArnett,0,1,0,1,1.4554896511734424e-05,0.0
BoneZone05,0,1,0,1,1.4554896511734424e-05,0.0
Lopsided-Ticket3813,0,1,0,1,1.4554896511734424e-05,0.0
armpitfart,0,1,0,1,1.4554896511734424e-05,0.0
deja_geek,0,1,0,1,1.4554896511734424e-05,0.0
HolyButtNuggets,0,1,0,1,1.4554896511734424e-05,0.0
Zealousideal_Cow_341,0,1,0,1,1.4554896511734424e-05,0.0
Rularuu,0,1,0,1,1.4554896511734424e-05,0.0
croooowTrobot,0,1,0,1,1.4554896511734424e-05,0.0
Hyperian,0,1,0,1,1.4554896511734424e-05,0.0
D3PyroGS,0,2,0,2,1.4554896511734424e-05,0.0
Kavani18,0,1,0,1,1.4554896511734424e-05,0.0
Prestigious-Low3224,0,1,0,1,1.4554896511734424e-05,0.0
balthisar,0,1,0,1,1.4554896511734424e-05,0.0
matthewmspace,0,1,0,1,1.4554896511734424e-05,0.0
grizzlyactual,0,1,0,1,1.4554896511734424e-05,0.0
Dabzilla_710_,0,1,0,1,1.4554896511734424e-05,0.0
Raven_Photography,0,1,0,1,1.4554896511734424e-05,0.0
greyduk,0,1,0,1,1.4554896511734424e-05,0.0
Traditional-Look8839,0,1,0,1,1.4554896511734424e-05,0.0
you90000,0,1,0,1,1.4554896511734424e-05,0.0
fed45,0,1,0,1,1.4554896511734424e-05,0.0
Amythir,0,1,0,1,1.4554896511734424e-05,0.0
GoingOffRoading,0,1,0,1,1.4554896511734424e-05,0.0
sadboyoclock,0,1,0,1,1.4554896511734424e-05,0.0
snack__pack,0,1,0,1,1.4554896511734424e-05,0.0
RottenPingu1,0,1,0,1,1.4554896511734424e-05,0.0
azurite--,0,1,0,1,1.4554896511734424e-05,0.0
IC_Jess,0,1,0,1,1.4554896511734424e-05,0.0
Advanced-Ad-1325,0,1,0,1,1.4554896511734424e-05,0.0
Apprehensive-Log3638,0,1,0,1,1.4554896511734424e-05,0.0
youreblockingmyshot,0,1,0,1,1.4554896511734424e-05,0.0
OffByOneErrorz,0,1,0,1,1.4554896511734424e-05,0.0
PDXDemSocialist,0,1,0,1,1.4554896511734424e-05,0.0
Aquasman,0,1,0,1,1.4554896511734424e-05,0.0
Saint909,0,1,0,1,1.4554896511734424e-05,0.0
Zarathustra_d,0,1,0,1,1.4554896511734424e-05,0.0
PhD_Pwnology,0,1,0,1,1.4554896511734424e-05,0.0
sweaty_folds,0,1,0,1,1.4554896511734424e-05,0.0
bruce_kwillis,0,1,0,1,1.4554896511734424e-05,0.0
ExcellentAirPirate,0,1,0,1,1.4554896511734424e-05,0.0
AltForObvious1177,0,1,0,1,1.4554896511734424e-05,0.0
Browncoat1701,0,1,0,1,1.4554896511734424e-05,0.0
Oaktree27,0,1,0,1,1.4554896511734424e-05,0.0
zen-ben10,0,1,0,1,1.4554896511734424e-05,0.0
Grim_Rockwell,0,1,0,1,1.4554896511734424e-05,0.0
Blindsniper1,0,1,0,1,1.4554896511734424e-05,0.0
scottie2haute,0,1,0,1,1.4554896511734424e-05,0.0
zumwegwurfen1,0,1,0,1,1.4554896511734424e-05,0.0
party_benson,0,1,0,1,1.4554896511734424e-05,0.0
Clever-crow,0,1,0,1,1.4554896511734424e-05,0.0
enigmamonkey,0,1,0,1,1.4554896511734424e-05,0.0
passtherock-,0,1,0,1,1.4554896511734424e-05,0.0
Modroidz,0,1,0,1,1.4554896511734424e-05,0.0
birdwothwords,0,1,0,1,1.4554896511734424e-05,0.0
Be-Kind-2-Yourself,0,1,0,1,1.4554896511734424e-05,0.0
Liizam,0,1,0,1,1.4554896511734424e-05,0.0
Unhappy-Plastic2017,0,1,0,1,1.4554896511734424e-05,0.0
animagne,0,1,0,1,1.4554896511734424e-05,0.0
UltimateGammer,0,1,0,1,1.4554896511734424e-05,0.0
bigtice,0,1,0,1,1.4554896511734424e-05,0.0
fistfulofbottlecaps,0,1,0,1,1.4554896511734424e-05,0.0
hypermodernvoid,0,1,0,1,1.4554896511734424e-05,0.0
StuChenko,0,1,0,1,1.4554896511734424e-05,0.0
Some-Ad-5328,0,1,0,1,1.4554896511734424e-05,0.0
_use_yah_blinkah_,0,1,0,1,1.4554896511734424e-05,0.0
Good_Air_7192,0,2,0,2,1.4554896511734424e-05,0.0
Aplicacion,0,1,0,1,1.4554896511734424e-05,0.0
CapoExplains,0,1,0,1,1.4554896511734424e-05,0.0
Remoteatthebeach,0,1,0,1,1.4554896511734424e-05,0.0
tunamctuna,0,1,0,1,1.4554896511734424e-05,0.0
Icy_Concentrate9182,0,1,0,1,1.4554896511734424e-05,0.0
forserial,0,1,0,1,1.4554896511734424e-05,0.0
RandomJPG6,0,1,0,1,1.4554896511734424e-05,0.0
Gymrat777,0,1,0,1,1.4554896511734424e-05,0.0
CYMK_Pro,0,1,0,1,1.4554896511734424e-05,0.0
PurposeDevoid,0,1,0,1,1.4554896511734424e-05,0.0
matlynar,0,1,0,1,1.4554896511734424e-05,0.0
9yds,0,1,0,1,1.4554896511734424e-05,0.0
elitechipmunk,0,1,0,1,1.4554896511734424e-05,0.0
BespokeForeskin,0,1,0,1,1.4554896511734424e-05,0.0
Dangerman1337,0,1,0,1,1.4554896511734424e-05,0.0
ballsohaahd,0,1,0,1,1.4554896511734424e-05,0.0
angeltay,0,1,0,1,1.4554896511734424e-05,0.0
DannyHewson,0,1,0,1,1.4554896511734424e-05,0.0
Far-Picture-1125,0,1,0,1,1.4554896511734424e-05,0.0
whatsgoingon350,0,1,0,1,1.4554896511734424e-05,0.0
MR1120,0,1,0,1,1.4554896511734424e-05,0.0
ex_oh,0,1,0,1,1.4554896511734424e-05,0.0
Pertinax1981,0,1,0,1,1.4554896511734424e-05,0.0
yntsiredx,0,1,0,1,1.4554896511734424e-05,0.0
user0987234,0,1,0,1,1.4554896511734424e-05,0.0
FFBEryoshi,0,1,0,1,1.4554896511734424e-05,0.0
Sweethomebflo,0,1,0,1,1.4554896511734424e-05,0.0
JustinTime4242,0,1,0,1,1.4554896511734424e-05,0.0
donteatthemushies,0,1,0,1,1.4554896511734424e-05,0.0
micahpmtn,0,1,0,1,1.4554896511734424e-05,0.0
SpaceShrimp,0,1,0,1,1.4554896511734424e-05,0.0
Law_Student,0,1,0,1,1.4554896511734424e-05,0.0
BasisCommercial5908,0,1,0,1,1.4554896511734424e-05,0.0
Lykos1124,0,1,0,1,1.4554896511734424e-05,0.0
sohblob,0,1,0,1,1.4554896511734424e-05,0.0
Wow_u_sure_r_dumb,0,1,0,1,1.4554896511734424e-05,0.0
HumanCommunication25,0,1,0,1,1.4554896511734424e-05,0.0
redblack_tree,0,1,0,1,1.4554896511734424e-05,0.0
onewaybackpacking,0,1,0,1,1.4554896511734424e-05,0.0
Fantastic_Cellist,0,1,0,1,1.4554896511734424e-05,0.0
Taurabora,0,1,0,1,1.4554896511734424e-05,0.0
Crypt0Nihilist,0,1,0,1,1.4554896511734424e-05,0.0
Norskamerikaner,0,1,0,1,1.4554896511734424e-05,0.0
Commercial_Shoe_2643,0,1,0,1,1.4554896511734424e-05,0.0
Feeling_Inside_1020,0,1,0,1,1.4554896511734424e-05,0.0
EducatedRat,0,1,0,1,1.4554896511734424e-05,0.0
Any_Narwhal_4437,0,1,0,1,1.4554896511734424e-05,0.0
Left_on_Pause,0,1,0,1,1.4554896511734424e-05,0.0
Single-Road-3158,0,1,0,1,1.4554896511734424e-05,0.0
1369ic,0,1,0,1,1.4554896511734424e-05,0.0
PenitentAnomaly,0,1,0,1,1.4554896511734424e-05,0.0
Warsum,0,1,0,1,1.4554896511734424e-05,0.0
SeaContribution6958,0,1,0,1,1.4554896511734424e-05,0.0
Hayden2332,0,1,0,1,1.4554896511734424e-05,0.0
KetoSaiba,0,1,0,1,1.4554896511734424e-05,0.0
Comfortable-Bread249,0,1,0,1,1.4554896511734424e-05,0.0
MelpomeneAndCalliope,0,1,0,1,1.4554896511734424e-05,0.0
bkyrdorchrd,0,1,0,1,1.4554896511734424e-05,0.0
d0ctorzaius,0,1,0,1,1.4554896511734424e-05,0.0
CarrotLevel99,0,1,0,1,1.4554896511734424e-05,0.0
PM_DOLPHIN_PICS,0,1,0,1,1.4554896511734424e-05,0.0
nasagreir,0,1,0,1,1.4554896511734424e-05,0.0
fram3shift,0,1,0,1,1.4554896511734424e-05,0.0
NetStumbler2,0,1,0,1,1.4554896511734424e-05,0.0
thatirishguyyyyy,0,1,0,1,1.4554896511734424e-05,0.0
spoon_bending,0,1,0,1,1.4554896511734424e-05,0.0
thickjamaicanuncle,0,1,0,1,1.4554896511734424e-05,0.0
LaysAirBreather,0,1,0,1,1.4554896511734424e-05,0.0
Lain_Staley,0,1,0,1,1.4554896511734424e-05,0.0
lake_effect_snow,0,1,0,1,1.4554896511734424e-05,0.0
Successful-Actuary74,0,1,0,1,1.4554896511734424e-05,0.0
Dropeza,0,1,0,1,1.4554896511734424e-05,0.0
Intelligent-King-433,0,1,0,1,1.4554896511734424e-05,0.0
yes_u_suckk,0,1,0,1,1.4554896511734424e-05,0.0
Ill-Bullfrog-5360,0,1,0,1,1.4554896511734424e-05,0.0
gatitosoncatnip,0,1,0,1,1.4554896511734424e-05,0.0
Zlifbar,0,1,0,1,1.4554896511734424e-05,0.0
inotocracy,0,1,0,1,1.4554896511734424e-05,0.0
turb0_encapsulator,0,1,0,1,1.4554896511734424e-05,0.0
Cappyc00l,0,1,0,1,1.4554896511734424e-05,0.0
Ziggurat1000,0,1,0,1,1.4554896511734424e-05,0.0
ITEACHSPECIALED,0,1,0,1,1.4554896511734424e-05,0.0
Lucky-Access8399,0,1,0,1,1.4554896511734424e-05,0.0
DonCenote,0,1,0,1,1.4554896511734424e-05,0.0
highbudsilver,0,1,0,1,1.4554896511734424e-05,0.0
CriticalCup6207,0,1,0,1,1.4554896511734424e-05,0.0
Jennyojello,0,1,0,1,1.4554896511734424e-05,0.0
mountaingoatgod,0,1,0,1,1.4554896511734424e-05,0.0
No-Understanding2406,0,1,0,1,1.4554896511734424e-05,0.0
vigbiorn,0,2,0,2,1.4554896511734424e-05,0.0
forensicdude,0,1,0,1,1.4554896511734424e-05,0.0
Expensive_Issue_3767,0,1,0,1,1.4554896511734424e-05,0.0
Zzamumo,0,1,0,1,1.4554896511734424e-05,0.0
Belhgabad,0,1,0,1,1.4554896511734424e-05,0.0
SealingScorcher,0,1,0,1,1.4554896511734424e-05,0.0
PerplexGG,0,1,0,1,1.4554896511734424e-05,0.0
FeistyCanuck,0,1,0,1,1.4554896511734424e-05,0.0
jay791,0,1,0,1,1.4554896511734424e-05,0.0
BonesandMartinis,0,1,0,1,1.4554896511734424e-05,0.0
Cowgba,0,1,0,1,1.4554896511734424e-05,0.0
HandiCAPEable,0,1,0,1,1.4554896511734424e-05,0.0
Henry5321,0,1,0,1,1.4554896511734424e-05,0.0
skalpelis,0,1,0,1,1.4554896511734424e-05,0.0
weasol12,0,1,0,1,1.4554896511734424e-05,0.0
joeyb908,0,1,0,1,1.4554896511734424e-05,0.0
kingofcrob,0,1,0,1,1.4554896511734424e-05,0.0
Randolpho,0,1,0,1,1.4554896511734424e-05,0.0
psymunn,0,1,0,1,1.4554896511734424e-05,0.0
irritatedprostate,0,1,0,1,1.4554896511734424e-05,0.0
Anxious-Yak-9952,0,1,0,1,1.4554896511734424e-05,0.0
dangerousluck,0,1,0,1,1.4554896511734424e-05,0.0
ProbablyBsPlzIgnore,0,1,0,1,1.4554896511734424e-05,0.0
PsychonautAlpha,0,1,0,1,1.4554896511734424e-05,0.0
Due-Freedom-5968,0,1,0,1,1.4554896511734424e-05,0.0
Axin_Saxon,0,1,0,1,1.4554896511734424e-05,0.0
tsuab,0,1,0,1,1.4554896511734424e-05,0.0
ehrgeiz91,0,1,0,1,1.4554896511734424e-05,0.0
viziroth,0,1,0,1,1.4554896511734424e-05,0.0
motu8pre,0,1,0,1,1.4554896511734424e-05,0.0
ColtranezRain,0,1,0,1,1.4554896511734424e-05,0.0
Zealousideal_Egg5071,0,1,0,1,1.4554896511734424e-05,0.0
alehel,0,1,0,1,1.4554896511734424e-05,0.0
spacestationkru,0,1,0,1,1.4554896511734424e-05,0.0
daddychainmail,0,1,0,1,1.4554896511734424e-05,0.0
winterresetmylife,0,1,0,1,1.4554896511734424e-05,0.0
halien69,0,1,0,1,1.4554896511734424e-05,0.0
ozone_one,0,1,0,1,1.4554896511734424e-05,0.0
Cockpunch666,0,1,0,1,1.4554896511734424e-05,0.0
Appropriate_Trader,0,1,0,1,1.4554896511734424e-05,0.0
AmonMetalHead,0,1,0,1,1.4554896511734424e-05,0.0
speelmydrink,0,1,0,1,1.4554896511734424e-05,0.0
_Svankensen_,0,1,0,1,1.4554896511734424e-05,0.0
Sure-Bus8525,0,1,0,1,1.4554896511734424e-05,0.0
DilutedGatorade,0,1,0,1,1.4554896511734424e-05,0.0
Smooth_Advance3386,0,1,0,1,1.4554896511734424e-05,0.0
TimeImpressive6648,0,1,0,1,1.4554896511734424e-05,0.0
GhoastTypist,0,1,0,1,1.4554896511734424e-05,0.0
Hansoloai,0,1,0,1,1.4554896511734424e-05,0.0
thedarkhalf47,0,1,0,1,1.4554896511734424e-05,0.0
ChestNok,0,1,0,1,1.4554896511734424e-05,0.0
Gorthax,0,1,0,1,1.4554896511734424e-05,0.0
VilleKivinen,0,1,0,1,1.4554896511734424e-05,0.0
ken_NT,0,1,0,1,1.4554896511734424e-05,0.0
bwjxjelsbd,0,1,0,1,1.4554896511734424e-05,0.0
Blapoo,0,1,0,1,1.4554896511734424e-05,0.0
Internal-Ruin4066,0,1,0,1,1.4554896511734424e-05,0.0
DJKGinHD,0,1,0,1,1.4554896511734424e-05,0.0
HugsyMalone,0,1,0,1,1.4554896511734424e-05,0.0
Weekly_Bread_5563,0,1,0,1,1.4554896511734424e-05,0.0
No_Significance9754,0,1,0,1,1.4554896511734424e-05,0.0
TooManyStalloneCuts,0,1,0,1,1.4554896511734424e-05,0.0
screwhead1,0,1,0,1,1.4554896511734424e-05,0.0
KrimxonRath,0,1,0,1,1.4554896511734424e-05,0.0
croakmongoose,0,1,0,1,1.4554896511734424e-05,0.0
BigRedSpoon2,0,1,0,1,1.4554896511734424e-05,0.0
watch_out_4_snakes,0,1,0,1,1.4554896511734424e-05,0.0
DJGreenHill,0,1,0,1,1.4554896511734424e-05,0.0
the-mighty-kira,0,1,0,1,1.4554896511734424e-05,0.0
SlowThePath,0,1,0,1,1.4554896511734424e-05,0.0
TheBman26,0,1,0,1,1.4554896511734424e-05,0.0
baaghum,0,1,0,1,1.4554896511734424e-05,0.0
hukkit,0,1,0,1,1.4554896511734424e-05,0.0
fractalife,0,1,0,1,1.4554896511734424e-05,0.0
ninja4151,0,1,0,1,1.4554896511734424e-05,0.0
Kyber92,0,1,0,1,1.4554896511734424e-05,0.0
COOKINGWITHGASH,0,1,0,1,1.4554896511734424e-05,0.0
vaporeng,0,1,0,1,1.4554896511734424e-05,0.0
SuccessfulInitial236,0,1,0,1,1.4554896511734424e-05,0.0
realteamme,0,1,0,1,1.4554896511734424e-05,0.0
darksoft125,0,1,0,1,1.4554896511734424e-05,0.0
posting_drunk_naked,0,1,0,1,1.4554896511734424e-05,0.0
tommy_chillfiger,0,1,0,1,1.4554896511734424e-05,0.0
MannToots,0,1,0,1,1.4554896511734424e-05,0.0
ToePickPrincess,0,1,0,1,1.4554896511734424e-05,0.0
continuousBaBa,0,1,0,1,1.4554896511734424e-05,0.0
Cool_As_Your_Dad,0,1,0,1,1.4554896511734424e-05,0.0
olb3,0,1,0,1,1.4554896511734424e-05,0.0
WastingTimeIGuess,0,1,0,1,1.4554896511734424e-05,0.0
OLPopsAdelphia,0,1,0,1,1.4554896511734424e-05,0.0
Shaomoki,0,1,0,1,1.4554896511734424e-05,0.0
Ecthelion2187,0,1,0,1,1.4554896511734424e-05,0.0
yungmoneymo,0,1,0,1,1.4554896511734424e-05,0.0
juicefarm,0,1,0,1,1.4554896511734424e-05,0.0
PromiscuousMNcpl,0,1,0,1,1.4554896511734424e-05,0.0
Dizzy_Contribution11,0,1,0,1,1.4554896511734424e-05,0.0
FulanitoDeTal13,0,1,0,1,1.4554896511734424e-05,0.0
yourMommaKnow,0,1,0,1,1.4554896511734424e-05,0.0
Isthatyourfinger,0,1,0,1,1.4554896511734424e-05,0.0
That-Interaction-45,0,1,0,1,1.4554896511734424e-05,0.0
infamouslycrocodile,0,1,0,1,1.4554896511734424e-05,0.0
mundozeo,0,1,0,1,1.4554896511734424e-05,0.0
WatchStoredInAss,0,1,0,1,1.4554896511734424e-05,0.0
Netmould,0,1,0,1,1.4554896511734424e-05,0.0
jaycatt7,0,1,0,1,1.4554896511734424e-05,0.0
WordPeas,0,1,0,1,1.4554896511734424e-05,0.0
damnburglar,0,1,0,1,1.4554896511734424e-05,0.0
YoohooCthulhu,0,1,0,1,1.4554896511734424e-05,0.0
Appropriate-Wing6607,0,1,0,1,1.4554896511734424e-05,0.0
SecurityHamster,0,1,0,1,1.4554896511734424e-05,0.0
Nemeszlekmeg,0,1,0,1,1.4554896511734424e-05,0.0
rattynewbie,0,1,0,1,1.4554896511734424e-05,0.0
Makina-san,0,1,0,1,1.4554896511734424e-05,0.0
Professor226,0,1,0,1,1.4554896511734424e-05,0.0
gentlegreengiant,0,1,0,1,1.4554896511734424e-05,0.0
darkstar3333,0,1,0,1,1.4554896511734424e-05,0.0
DesperateSteak6628,0,1,0,1,1.4554896511734424e-05,0.0
kneemahp,0,1,0,1,1.4554896511734424e-05,0.0
nobodyisfreakinghome,0,1,0,1,1.4554896511734424e-05,0.0
hung-games,0,1,0,1,1.4554896511734424e-05,0.0
FujitsuPolycom,0,2,0,2,1.4554896511734424e-05,0.0
w1n5t0nM1k3y,0,1,0,1,1.4554896511734424e-05,0.0
Savvy-R1S,0,1,0,1,1.4554896511734424e-05,0.0
CHobbes_,0,1,0,1,1.4554896511734424e-05,0.0
AlverezYari,0,1,0,1,1.4554896511734424e-05,0.0
JasonPandiras,0,1,0,1,1.4554896511734424e-05,0.0
bababradford,0,1,0,1,1.4554896511734424e-05,0.0
ZealousidealPost1268,0,1,0,1,1.4554896511734424e-05,0.0
Kimmux,0,1,0,1,1.4554896511734424e-05,0.0
PralineNo65,0,1,0,1,1.4554896511734424e-05,0.0
BiggestNizzy,0,1,0,1,1.4554896511734424e-05,0.0
UprightGroup,0,2,0,2,1.4554896511734424e-05,0.0
Glad-Rutabaga7965,0,1,0,1,1.4554896511734424e-05,0.0
XonikzD,0,1,0,1,1.4554896511734424e-05,0.0
Havnaz,0,1,0,1,1.4554896511734424e-05,0.0
Legionof1,0,1,0,1,1.4554896511734424e-05,0.0
brooklyn_random,0,1,0,1,1.4554896511734424e-05,0.0
Neutral-President,0,1,0,1,1.4554896511734424e-05,0.0
QuailAndWasabi,0,1,0,1,1.4554896511734424e-05,0.0
Smooth_Arugula_8088,0,1,0,1,1.4554896511734424e-05,0.0
about0,0,1,0,1,1.4554896511734424e-05,0.0
Whackles,0,1,0,1,1.4554896511734424e-05,0.0
I_stare_at_everyone,0,1,0,1,1.4554896511734424e-05,0.0
DrSendy,0,1,0,1,1.4554896511734424e-05,0.0
SpicyAfrican,0,1,0,1,1.4554896511734424e-05,0.0
Curious-Emu3894,0,1,0,1,1.4554896511734424e-05,0.0
iandigaming,0,1,0,1,1.4554896511734424e-05,0.0
colonelc4,0,1,0,1,1.4554896511734424e-05,0.0
ArchdruidHalsin,0,1,0,1,1.4554896511734424e-05,0.0
postconsumerwat,0,1,0,1,1.4554896511734424e-05,0.0
makgeolliandsoju,0,1,0,1,1.4554896511734424e-05,0.0
Travelerdude,0,1,0,1,1.4554896511734424e-05,0.0
I-suspect-you,0,1,0,1,1.4554896511734424e-05,0.0
3-orange-whips,0,1,0,1,1.4554896511734424e-05,0.0
yoshemitzu,0,1,0,1,1.4554896511734424e-05,0.0
phznmshr,0,1,0,1,1.4554896511734424e-05,0.0
lelakat,0,1,0,1,1.4554896511734424e-05,0.0
Laconikos,0,1,0,1,1.4554896511734424e-05,0.0
zaerosz,0,1,0,1,1.4554896511734424e-05,0.0
Comburo90,0,1,0,1,1.4554896511734424e-05,0.0
magnus150,0,1,0,1,1.4554896511734424e-05,0.0
disposableaccountass,0,1,0,1,1.4554896511734424e-05,0.0
Tempest97BR,0,1,0,1,1.4554896511734424e-05,0.0
BedSufficient8411,0,1,0,1,1.4554896511734424e-05,0.0
NoEmu5969,0,1,0,1,1.4554896511734424e-05,0.0
RyvenZ,0,1,0,1,1.4554896511734424e-05,0.0
Iron_Knight7,0,1,0,1,1.4554896511734424e-05,0.0
moranya1,0,1,0,1,1.4554896511734424e-05,0.0
Bifrostbytes,0,1,0,1,1.4554896511734424e-05,0.0
LeseMajeste_1037,0,1,0,1,1.4554896511734424e-05,0.0
ThisAmericanSatire,0,1,0,1,1.4554896511734424e-05,0.0
pembquist,0,1,0,1,1.4554896511734424e-05,0.0
boostman,0,1,0,1,1.4554896511734424e-05,0.0
dicericevice,0,1,0,1,1.4554896511734424e-05,0.0
RegularTeacher2,0,1,0,1,1.4554896511734424e-05,0.0
Zentrii,0,1,0,1,1.4554896511734424e-05,0.0
uller30,0,1,0,1,1.4554896511734424e-05,0.0
ManMarmalade,0,1,0,1,1.4554896511734424e-05,0.0
maninblacktheory,0,1,0,1,1.4554896511734424e-05,0.0
Low-Tax-8391,0,1,0,1,1.4554896511734424e-05,0.0
zyxxxxxyz,0,1,0,1,1.4554896511734424e-05,0.0
FrankBattaglia,0,1,0,1,1.4554896511734424e-05,0.0
dirty1809,0,1,0,1,1.4554896511734424e-05,0.0
thebluediablo,0,1,0,1,1.4554896511734424e-05,0.0
missmeowwww,0,1,0,1,1.4554896511734424e-05,0.0
tesseract4,0,1,0,1,1.4554896511734424e-05,0.0
PunchMeat,0,1,0,1,1.4554896511734424e-05,0.0
Mason11987,0,1,0,1,1.4554896511734424e-05,0.0
infohippie,0,1,0,1,1.4554896511734424e-05,0.0
LePontif11,0,1,0,1,1.4554896511734424e-05,0.0
jchamberlin78,0,1,0,1,1.4554896511734424e-05,0.0
Eezyville,0,1,0,1,1.4554896511734424e-05,0.0
lock_robster2022,0,1,0,1,1.4554896511734424e-05,0.0
zzkj,0,1,0,1,1.4554896511734424e-05,0.0
thisguyfightsyourmom,0,1,0,1,1.4554896511734424e-05,0.0
GetOffMyLawn1729,0,1,0,1,1.4554896511734424e-05,0.0
AardvarkTits,0,1,0,1,1.4554896511734424e-05,0.0
Hmm_would_bang,0,1,0,1,1.4554896511734424e-05,0.0
DaMonkfish,0,1,0,1,1.4554896511734424e-05,0.0
Warbay,0,1,0,1,1.4554896511734424e-05,0.0
1976dave,0,1,0,1,1.4554896511734424e-05,0.0
trueimage,0,1,0,1,1.4554896511734424e-05,0.0
shewy92,0,1,0,1,1.4554896511734424e-05,0.0
rogueciridae,0,1,0,1,1.4554896511734424e-05,0.0
wwj,0,1,0,1,1.4554896511734424e-05,0.0
squishabelle,0,1,0,1,1.4554896511734424e-05,0.0
lemme_just_say,0,1,0,1,1.4554896511734424e-05,0.0
JakOswald,0,1,0,1,1.4554896511734424e-05,0.0
Financial-Craft-1282,0,1,0,1,1.4554896511734424e-05,0.0
Mr_Greystone,0,1,0,1,1.4554896511734424e-05,0.0
SheepherderFast3647,0,1,0,1,1.4554896511734424e-05,0.0
kinterdonato,0,1,0,1,1.4554896511734424e-05,0.0
Runfasterbitch,0,1,0,1,1.4554896511734424e-05,0.0
mikenasty,0,1,0,1,1.4554896511734424e-05,0.0
Parking-Complex-3887,0,1,0,1,1.4554896511734424e-05,0.0
Miserable-Cap-5223,0,1,0,1,1.4554896511734424e-05,0.0
downeverythingvote_i,0,1,0,1,1.4554896511734424e-05,0.0
Eyemarten,0,1,0,1,1.4554896511734424e-05,0.0
sleeplessinreno,0,1,0,1,1.4554896511734424e-05,0.0
AptMage,0,1,0,1,1.4554896511734424e-05,0.0
jtthom,0,1,0,1,1.4554896511734424e-05,0.0
META_vision,0,1,0,1,1.4554896511734424e-05,0.0
intronert,0,1,0,1,1.4554896511734424e-05,0.0
danaster29,0,1,0,1,1.4554896511734424e-05,0.0
blatantninja,0,1,0,1,1.4554896511734424e-05,0.0
Kindly-Standard8025,0,1,0,1,1.4554896511734424e-05,0.0
Evan_802Vines,0,1,0,1,1.4554896511734424e-05,0.0
Budget-Toe-5743,0,1,0,1,1.4554896511734424e-05,0.0
IamStizzy,0,1,0,1,1.4554896511734424e-05,0.0
Gadget100,0,1,0,1,1.4554896511734424e-05,0.0
ifdisdendat,0,1,0,1,1.4554896511734424e-05,0.0
Caspira,0,1,0,1,1.4554896511734424e-05,0.0
grethro,0,1,0,1,1.4554896511734424e-05,0.0
Metro42014,0,1,0,1,1.4554896511734424e-05,0.0
hawaii-visitor,0,1,0,1,1.4554896511734424e-05,0.0
GMOrgasm,0,1,0,1,1.4554896511734424e-05,0.0
snizarsnarfsnarf,0,1,0,1,1.4554896511734424e-05,0.0
piranha_solution,0,1,0,1,1.4554896511734424e-05,0.0
bigger_breakfast,0,1,0,1,1.4554896511734424e-05,0.0
QuestioninglySecret,0,1,0,1,1.4554896511734424e-05,0.0
Competitive-Duty3853,0,1,0,1,1.4554896511734424e-05,0.0
LimpAd4924,0,1,0,1,1.4554896511734424e-05,0.0
elaphros,0,1,0,1,1.4554896511734424e-05,0.0
Brock_Danger,0,1,0,1,1.4554896511734424e-05,0.0
HistoricalChef1963,0,1,0,1,1.4554896511734424e-05,0.0
fart_Jr,0,1,0,1,1.4554896511734424e-05,0.0
Snakestream,0,1,0,1,1.4554896511734424e-05,0.0
RareConstruction6517,0,1,0,1,1.4554896511734424e-05,0.0
Dalmahr,0,1,0,1,1.4554896511734424e-05,0.0
justaguyokbud,0,1,0,1,1.4554896511734424e-05,0.0
dontgoatsemebro,0,1,0,1,1.4554896511734424e-05,0.0
TFreshNoLimits,0,1,0,1,1.4554896511734424e-05,0.0
enderjaca,0,1,0,1,1.4554896511734424e-05,0.0
Macabre215,0,1,0,1,1.4554896511734424e-05,0.0
The_Real_Manimal,0,1,0,1,1.4554896511734424e-05,0.0
Dimogas,0,1,0,1,1.4554896511734424e-05,0.0
iaNCURdehunedoara,0,1,0,1,1.4554896511734424e-05,0.0
JDGumby,0,1,0,1,1.4554896511734424e-05,0.0
VroomCoomer,0,2,0,2,1.4554896511734424e-05,0.0
Howdoyouusecommas,0,1,0,1,1.4554896511734424e-05,0.0
ringthree,0,1,0,1,1.4554896511734424e-05,0.0
dream_in_pixels,0,1,0,1,1.4554896511734424e-05,0.0
sicklyslick,0,1,0,1,1.4554896511734424e-05,0.0
PandaBear_Shenyu,0,1,0,1,1.4554896511734424e-05,0.0
DiscoBanane,0,1,0,1,1.4554896511734424e-05,0.0
thatasianguy88,0,1,0,1,1.4554896511734424e-05,0.0
drollawake,0,1,0,1,1.4554896511734424e-05,0.0
ZurrgabDaVinci758,0,1,0,1,1.4554896511734424e-05,0.0
AncientSith,0,1,0,1,1.4554896511734424e-05,0.0
RoboNerdOK,0,1,0,1,1.4554896511734424e-05,0.0
im_a_good_lil_cow,0,1,0,1,1.4554896511734424e-05,0.0
soeinpech,0,1,0,1,1.4554896511734424e-05,0.0
Speak_Of_The_Devil,0,1,0,1,1.4554896511734424e-05,0.0
Erasmus_Tycho,0,1,0,1,1.4554896511734424e-05,0.0
Elderwastaken,0,1,0,1,1.4554896511734424e-05,0.0
Ok-Pack-7088,0,1,0,1,1.4554896511734424e-05,0.0
Away-Reception587,0,1,0,1,1.4554896511734424e-05,0.0
WinterTourist25,0,1,0,1,1.4554896511734424e-05,0.0
MasterpieceAlone8552,0,1,0,1,1.4554896511734424e-05,0.0
ElectronicAnthony,0,1,0,1,1.4554896511734424e-05,0.0
DPadres69,0,1,0,1,1.4554896511734424e-05,0.0
belsaurn,0,1,0,1,1.4554896511734424e-05,0.0
NotThreatingViolence,0,1,0,1,1.4554896511734424e-05,0.0
Pristine_Wrangler295,0,1,0,1,1.4554896511734424e-05,0.0
Rose_Knight789,0,1,0,1,1.4554896511734424e-05,0.0
wing3d,0,1,0,1,1.4554896511734424e-05,0.0
No-Security1952,0,1,0,1,1.4554896511734424e-05,0.0
powercow,0,1,0,1,1.4554896511734424e-05,0.0
FlatTyres,0,1,0,1,1.4554896511734424e-05,0.0
Enlightened_D,0,1,0,1,1.4554896511734424e-05,0.0
Luckyluke23,0,1,0,1,1.4554896511734424e-05,0.0
jdotham123,0,1,0,1,1.4554896511734424e-05,0.0
CalmBuilding226,0,1,0,1,1.4554896511734424e-05,0.0
NiceGuy737,0,1,0,1,1.4554896511734424e-05,0.0
Memory_Less,0,1,0,1,1.4554896511734424e-05,0.0
wheresindigo,0,1,0,1,1.4554896511734424e-05,0.0
nebula_masterpiece,0,1,0,1,1.4554896511734424e-05,0.0
badgerj,0,1,0,1,1.4554896511734424e-05,0.0
GearhedMG,0,1,0,1,1.4554896511734424e-05,0.0
XenoDrake,0,1,0,1,1.4554896511734424e-05,0.0
dalecor,0,1,0,1,1.4554896511734424e-05,0.0
kon575,0,1,0,1,1.4554896511734424e-05,0.0
PotatoJon,0,1,0,1,1.4554896511734424e-05,0.0
Adept-Sir-1704,0,1,0,1,1.4554896511734424e-05,0.0
Ciennas,0,1,0,1,1.4554896511734424e-05,0.0
No_Lifeguard259,0,1,0,1,1.4554896511734424e-05,0.0
Absolute_Bob,0,1,0,1,1.4554896511734424e-05,0.0
CuddleNSpank,0,1,0,1,1.4554896511734424e-05,0.0
Aprice40,0,1,0,1,1.4554896511734424e-05,0.0
paulbayarea,0,1,0,1,1.4554896511734424e-05,0.0
ahundredplus,0,1,0,1,1.4554896511734424e-05,0.0
longtimeyisland,0,1,0,1,1.4554896511734424e-05,0.0
Extreme_Priority_170,0,1,0,1,1.4554896511734424e-05,0.0
Dirigo72,0,1,0,1,1.4554896511734424e-05,0.0
Scrubologist,0,1,0,1,1.4554896511734424e-05,0.0
Prize_Guide1982,0,1,0,1,1.4554896511734424e-05,0.0
JupiterMiningCorpTec,0,1,0,1,1.4554896511734424e-05,0.0
alphageek8,0,1,0,1,1.4554896511734424e-05,0.0
AuspiciousApple,0,1,0,1,1.4554896511734424e-05,0.0
Angry_Spartan,0,1,0,1,1.4554896511734424e-05,0.0
BetatronResonance,0,1,0,1,1.4554896511734424e-05,0.0
Efficient-Station699,0,1,0,1,1.4554896511734424e-05,0.0
anti-torque,0,1,0,1,1.4554896511734424e-05,0.0
toylenny,0,1,0,1,1.4554896511734424e-05,0.0
Mishtle,0,1,0,1,1.4554896511734424e-05,0.0
Working-Glass6136,0,1,0,1,1.4554896511734424e-05,0.0
ycnz,0,1,0,1,1.4554896511734424e-05,0.0
Express-Focus-677,0,1,0,1,1.4554896511734424e-05,0.0
Proof-Highway1075,0,1,0,1,1.4554896511734424e-05,0.0
Network_Odd,0,1,0,1,1.4554896511734424e-05,0.0
MrQuizzles,0,1,0,1,1.4554896511734424e-05,0.0
f-r-0-m,0,1,0,1,1.4554896511734424e-05,0.0
TinKnight1,0,1,0,1,1.4554896511734424e-05,0.0
Huzah7,0,1,0,1,1.4554896511734424e-05,0.0
ABCosmos,0,1,0,1,1.4554896511734424e-05,0.0
sunflowercompass,0,1,0,1,1.4554896511734424e-05,0.0
LeafBark,0,1,0,1,1.4554896511734424e-05,0.0
Princekb,0,1,0,1,1.4554896511734424e-05,0.0
Vandermeerr,0,1,0,1,1.4554896511734424e-05,0.0
itsDANdeeMAN,0,1,0,1,1.4554896511734424e-05,0.0
Clem573,0,1,0,1,1.4554896511734424e-05,0.0
Oghier,0,1,0,1,1.4554896511734424e-05,0.0
OwnAHole,0,1,0,1,1.4554896511734424e-05,0.0
kungfoojesus,0,1,0,1,1.4554896511734424e-05,0.0
Low_Control_623,0,1,0,1,1.4554896511734424e-05,0.0
habeebiii,0,1,0,1,1.4554896511734424e-05,0.0
fiddlenutz,0,1,0,1,1.4554896511734424e-05,0.0
gatsu01,0,1,0,1,1.4554896511734424e-05,0.0
kescusay,0,1,0,1,1.4554896511734424e-05,0.0
Similar_Rapier_7596,0,1,0,1,1.4554896511734424e-05,0.0
Yahobo420,0,1,0,1,1.4554896511734424e-05,0.0
Tidde93,0,1,0,1,1.4554896511734424e-05,0.0
BetterBiscuits,0,1,0,1,1.4554896511734424e-05,0.0
dachloe,0,1,0,1,1.4554896511734424e-05,0.0
OuterGod_Hermit,0,1,0,1,1.4554896511734424e-05,0.0
Environmental-Fold22,0,1,0,1,1.4554896511734424e-05,0.0
DiligentQuiet,0,1,0,1,1.4554896511734424e-05,0.0
swarmy1,0,1,0,1,1.4554896511734424e-05,0.0
LeoFoster18,0,1,0,1,1.4554896511734424e-05,0.0
Level69Troll,0,1,0,1,1.4554896511734424e-05,0.0
AlthorsMadness,0,1,0,1,1.4554896511734424e-05,0.0
nashdiesel,0,1,0,1,1.4554896511734424e-05,0.0
Throwawaylikeme90,0,1,0,1,1.4554896511734424e-05,0.0
Vilnius_Nastavnik,0,1,0,1,1.4554896511734424e-05,0.0
Molotov_Glocktail,0,1,0,1,1.4554896511734424e-05,0.0
macemillianwinduarte,0,1,0,1,1.4554896511734424e-05,0.0
-NVLL-,0,1,0,1,1.4554896511734424e-05,0.0
mxzf,0,1,0,1,1.4554896511734424e-05,0.0
Phiyasko,0,1,0,1,1.4554896511734424e-05,0.0
otherwiseguy,0,1,0,1,1.4554896511734424e-05,0.0
Anomuumi,0,1,0,1,1.4554896511734424e-05,0.0
Key-Department-2874,0,1,0,1,1.4554896511734424e-05,0.0
delocx,0,1,0,1,1.4554896511734424e-05,0.0
crisperfest,0,1,0,1,1.4554896511734424e-05,0.0
ICantBelieveItsNotEC,0,1,0,1,1.4554896511734424e-05,0.0
AdUpstairs7106,0,1,0,1,1.4554896511734424e-05,0.0
considertheoctopus,0,1,0,1,1.4554896511734424e-05,0.0
Expensive-Mention-90,0,1,0,1,1.4554896511734424e-05,0.0
d01100100,0,1,0,1,1.4554896511734424e-05,0.0
no_regerts_bob,0,1,0,1,1.4554896511734424e-05,0.0
8day,0,1,0,1,1.4554896511734424e-05,0.0
BrewerAndrew,0,1,0,1,1.4554896511734424e-05,0.0
bolacha_de_polvilho,0,1,0,1,1.4554896511734424e-05,0.0
Brilliant-Book-503,0,1,0,1,1.4554896511734424e-05,0.0
Telsak,0,1,0,1,1.4554896511734424e-05,0.0
Rukenau,0,1,0,1,1.4554896511734424e-05,0.0
CondescendingShitbag,0,1,0,1,1.4554896511734424e-05,0.0
sluttydrama,0,1,0,1,1.4554896511734424e-05,0.0
Toginator,0,1,0,1,1.4554896511734424e-05,0.0
egg_enthusiast,0,1,0,1,1.4554896511734424e-05,0.0
Fit-Fee-1153,0,1,0,1,1.4554896511734424e-05,0.0
MovieGuyMike,0,1,0,1,1.4554896511734424e-05,0.0
moustacheption,0,1,0,1,1.4554896511734424e-05,0.0
chilling_hedgehog,0,1,0,1,1.4554896511734424e-05,0.0
Seawench41,0,1,0,1,1.4554896511734424e-05,0.0
fullautohotdog,0,1,0,1,1.4554896511734424e-05,0.0
Comet_Cowboys,0,1,0,1,1.4554896511734424e-05,0.0
pgtl_10,0,1,0,1,1.4554896511734424e-05,0.0
stierney49,0,1,0,1,1.4554896511734424e-05,0.0
Bardsie,0,1,0,1,1.4554896511734424e-05,0.0
MerLock,0,1,0,1,1.4554896511734424e-05,0.0
ShutYourDumbUglyFace,0,1,0,1,1.4554896511734424e-05,0.0
Avispar,0,1,0,1,1.4554896511734424e-05,0.0
SwagTwoButton,0,1,0,1,1.4554896511734424e-05,0.0
EaZyMellow,0,1,0,1,1.4554896511734424e-05,0.0
Thomas71999,0,1,0,1,1.4554896511734424e-05,0.0
snanarctica,0,1,0,1,1.4554896511734424e-05,0.0
RubyRhod,0,1,0,1,1.4554896511734424e-05,0.0
Jonnny,0,1,0,1,1.4554896511734424e-05,0.0
Atlein_069,0,1,0,1,1.4554896511734424e-05,0.0
Somalar,0,1,0,1,1.4554896511734424e-05,0.0
Siaten,0,1,0,1,1.4554896511734424e-05,0.0
Crimkam,0,1,0,1,1.4554896511734424e-05,0.0
TheFenceFromTaken3,0,1,0,1,1.4554896511734424e-05,0.0
LegionLotteryWinner,0,2,0,2,1.4554896511734424e-05,0.0
pm_me_ur_side8008,0,1,0,1,1.4554896511734424e-05,0.0
ElectronWill,0,1,0,1,1.4554896511734424e-05,0.0
GildedAgeV2,0,1,0,1,1.4554896511734424e-05,0.0
SpacemanJB88,0,1,0,1,1.4554896511734424e-05,0.0
debacol,0,1,0,1,1.4554896511734424e-05,0.0
dennismfrancisart,0,1,0,1,1.4554896511734424e-05,0.0
Level-Tomorrow-4526,0,1,0,1,1.4554896511734424e-05,0.0
Unique_Watch4072,0,1,0,1,1.4554896511734424e-05,0.0
novwhisky,0,1,0,1,1.4554896511734424e-05,0.0
half-baked_axx,0,1,0,1,1.4554896511734424e-05,0.0
_Mephistocrates_,0,1,0,1,1.4554896511734424e-05,0.0
OilySoleTickler,0,1,0,1,1.4554896511734424e-05,0.0
not_a_moogle,0,1,0,1,1.4554896511734424e-05,0.0
Slopii,0,1,0,1,1.4554896511734424e-05,0.0
thejourneybegins42,0,1,0,1,1.4554896511734424e-05,0.0
Euphoric_Rough_96,0,1,0,1,1.4554896511734424e-05,0.0
bmcapers,0,1,0,1,1.4554896511734424e-05,0.0
snappyclunk,0,1,0,1,1.4554896511734424e-05,0.0
vpebble,0,1,0,1,1.4554896511734424e-05,0.0
takuyafire,0,1,0,1,1.4554896511734424e-05,0.0
serpentear,0,1,0,1,1.4554896511734424e-05,0.0
Ancient-Bat1755,0,1,0,1,1.4554896511734424e-05,0.0
MissLeaP,0,1,0,1,1.4554896511734424e-05,0.0
leclercwitch,0,1,0,1,1.4554896511734424e-05,0.0
i4got872,0,1,0,1,1.4554896511734424e-05,0.0
Worth_Plastic5684,0,1,0,1,1.4554896511734424e-05,0.0
Phrongly,0,1,0,1,1.4554896511734424e-05,0.0
mcslender97,0,1,0,1,1.4554896511734424e-05,0.0
esdebah,0,1,0,1,1.4554896511734424e-05,0.0
Proof-Profession1722,0,1,0,1,1.4554896511734424e-05,0.0
BorntoBomb,0,1,0,1,1.4554896511734424e-05,0.0
ferdzs0,0,1,0,1,1.4554896511734424e-05,0.0
tondollari,0,1,0,1,1.4554896511734424e-05,0.0
ValkyrieAngie,0,1,0,1,1.4554896511734424e-05,0.0
boner79,0,1,0,1,1.4554896511734424e-05,0.0
MinuetInUrsaMajor,0,1,0,1,1.4554896511734424e-05,0.0
roesingape,0,1,0,1,1.4554896511734424e-05,0.0
bored_ryan2,0,1,0,1,1.4554896511734424e-05,0.0
Rand0mAcc3nt,0,1,0,1,1.4554896511734424e-05,0.0
enn-srsbusiness,0,1,0,1,1.4554896511734424e-05,0.0
FureiousPhalanges,0,1,0,1,1.4554896511734424e-05,0.0
warpedgeoid,0,1,0,1,1.4554896511734424e-05,0.0
SmallTawk,0,1,0,1,1.4554896511734424e-05,0.0
blackvrocky,0,1,0,1,1.4554896511734424e-05,0.0
Sterben27,0,1,0,1,1.4554896511734424e-05,0.0
BluehibiscusEmpire,0,1,0,1,1.4554896511734424e-05,0.0
DefinitelyIncorrect,0,1,0,1,1.4554896511734424e-05,0.0
Crenorz,0,1,0,1,1.4554896511734424e-05,0.0
ibneko,0,1,0,1,1.4554896511734424e-05,0.0
skydrago,0,1,0,1,1.4554896511734424e-05,0.0
Dont-quote-me,0,1,0,1,1.4554896511734424e-05,0.0
StanknBeans,0,1,0,1,1.4554896511734424e-05,0.0
ThePnusMytier,0,1,0,1,1.4554896511734424e-05,0.0
PandaEatsRage,0,1,0,1,1.4554896511734424e-05,0.0
FreakingScience,0,1,0,1,1.4554896511734424e-05,0.0
TheLurkingMenace,0,1,0,1,1.4554896511734424e-05,0.0
aykcak,0,1,0,1,1.4554896511734424e-05,0.0
inormallyjustlurkbut,0,1,0,1,1.4554896511734424e-05,0.0
LuxTheSarcastic,0,1,0,1,1.4554896511734424e-05,0.0
Yuzumi,0,1,0,1,1.4554896511734424e-05,0.0
bobosuda,0,1,0,1,1.4554896511734424e-05,0.0
stuffeh,0,1,0,1,1.4554896511734424e-05,0.0
SlightlyInsane,0,1,0,1,1.4554896511734424e-05,0.0
Huwbacca,0,1,0,1,1.4554896511734424e-05,0.0
niftystopwat,0,1,0,1,1.4554896511734424e-05,0.0
skoomski,0,1,0,1,1.4554896511734424e-05,0.0
weirdgroovynerd,0,1,0,1,1.4554896511734424e-05,0.0
hungry4pie,0,1,0,1,1.4554896511734424e-05,0.0
Future_Appeaser,0,1,0,1,1.4554896511734424e-05,0.0
Akuuntus,0,1,0,1,1.4554896511734424e-05,0.0
crosbot,0,1,0,1,1.4554896511734424e-05,0.0
photosofmycatmandog,0,1,0,1,1.4554896511734424e-05,0.0
makingtacosrightnow,0,1,0,1,1.4554896511734424e-05,0.0
DASreddituser,0,1,0,1,1.4554896511734424e-05,0.0
DiceMadeOfCheese,0,1,0,1,1.4554896511734424e-05,0.0
dervu,0,1,0,1,1.4554896511734424e-05,0.0
wodkaholic,0,1,0,1,1.4554896511734424e-05,0.0
databreakperson,0,1,0,1,1.4554896511734424e-05,0.0
No-Pepper6969,0,1,0,1,1.4554896511734424e-05,0.0
AKADriver,0,1,0,1,1.4554896511734424e-05,0.0
prairiedogingit,0,1,0,1,1.4554896511734424e-05,0.0
Schonke,0,1,0,1,1.4554896511734424e-05,0.0
raptorsango,0,1,0,1,1.4554896511734424e-05,0.0
TifanAching,0,1,0,1,1.4554896511734424e-05,0.0
Kusibu,0,1,0,1,1.4554896511734424e-05,0.0
Warm_Month_1309,0,2,0,2,1.4554896511734424e-05,0.0
throughthehills2,0,1,0,1,1.4554896511734424e-05,0.0
YoungRichKid,0,1,0,1,1.4554896511734424e-05,0.0
hardinho,0,1,0,1,1.4554896511734424e-05,0.0
CaptainMudwhistle,0,1,0,1,1.4554896511734424e-05,0.0
squngy,0,1,0,1,1.4554896511734424e-05,0.0
Darkened_Souls,0,1,0,1,1.4554896511734424e-05,0.0
anonyfool,0,1,0,1,1.4554896511734424e-05,0.0
h3lblad3,0,1,0,1,1.4554896511734424e-05,0.0
iwantxmax,0,1,0,1,1.4554896511734424e-05,0.0
SpikeRosered,0,1,0,1,1.4554896511734424e-05,0.0
androbot,0,1,0,1,1.4554896511734424e-05,0.0
namedan,0,1,0,1,1.4554896511734424e-05,0.0
6gv5,0,1,0,1,1.4554896511734424e-05,0.0
tomlucas66,0,1,0,1,1.4554896511734424e-05,0.0
fenexj,0,1,0,1,1.4554896511734424e-05,0.0
liquidmini,0,1,0,1,1.4554896511734424e-05,0.0
lolwut778,0,1,0,1,1.4554896511734424e-05,0.0
donmreddit,0,1,0,1,1.4554896511734424e-05,0.0
tiny-starship,0,1,0,1,1.4554896511734424e-05,0.0
Urbanviking1,0,1,0,1,1.4554896511734424e-05,0.0
zookeepier,0,1,0,1,1.4554896511734424e-05,0.0
pandaramaviews,0,1,0,1,1.4554896511734424e-05,0.0
V-weezus,0,1,0,1,1.4554896511734424e-05,0.0
patrickgg,0,1,0,1,1.4554896511734424e-05,0.0
ours,0,1,0,1,1.4554896511734424e-05,0.0
TheBestHairInTheRoom,0,1,0,1,1.4554896511734424e-05,0.0
Alekseyev,0,1,0,1,1.4554896511734424e-05,0.0
SyrupSampson,0,1,0,1,1.4554896511734424e-05,0.0
truffles76,0,1,0,1,1.4554896511734424e-05,0.0
InflatableTurtles,0,1,0,1,1.4554896511734424e-05,0.0
Pram-Hurdler,0,1,0,1,1.4554896511734424e-05,0.0
junior_dos_nachos,0,1,0,1,1.4554896511734424e-05,0.0
7fingersDeep,0,1,0,1,1.4554896511734424e-05,0.0
RegalBeagleKegels,0,1,0,1,1.4554896511734424e-05,0.0
Mecha120,0,1,0,1,1.4554896511734424e-05,0.0
green_gold_purple,0,1,0,1,1.4554896511734424e-05,0.0
menvadihelv,0,1,0,1,1.4554896511734424e-05,0.0
Ab_Stark,0,1,0,1,1.4554896511734424e-05,0.0
thehalfwit,0,1,0,1,1.4554896511734424e-05,0.0
teckers,0,1,0,1,1.4554896511734424e-05,0.0
Fableous,0,1,0,1,1.4554896511734424e-05,0.0
Diligent_Ad6552,0,1,0,1,1.4554896511734424e-05,0.0
Mal_Dun,0,1,0,1,1.4554896511734424e-05,0.0
Otaraka,0,1,0,1,1.4554896511734424e-05,0.0
Mintykanesh,0,1,0,1,1.4554896511734424e-05,0.0
hawkseye17,0,1,0,1,1.4554896511734424e-05,0.0
edcross,0,1,0,1,1.4554896511734424e-05,0.0
Onphone_irl,0,1,0,1,1.4554896511734424e-05,0.0
HeinrichTheWolf_17,0,1,0,1,1.4554896511734424e-05,0.0
your_dope_is_mine,0,1,0,1,1.4554896511734424e-05,0.0
Arctic_Chilean,0,1,0,1,1.4554896511734424e-05,0.0
cxmmxc,0,1,0,1,1.4554896511734424e-05,0.0
Simple-Friend,0,1,0,1,1.4554896511734424e-05,0.0
digitalpencil,0,1,0,1,1.4554896511734424e-05,0.0
kharlos,0,1,0,1,1.4554896511734424e-05,0.0
ensui67,0,1,0,1,1.4554896511734424e-05,0.0
BallBearingBill,0,1,0,1,1.4554896511734424e-05,0.0
Distinct_Swimmer1504,0,1,0,1,1.4554896511734424e-05,0.0
robaroo,0,1,0,1,1.4554896511734424e-05,0.0
userax,0,1,0,1,1.4554896511734424e-05,0.0
RemarkablePast2716,0,1,0,1,1.4554896511734424e-05,0.0
NeighborhoodFatCat,0,1,0,1,1.4554896511734424e-05,0.0
chanslam,0,1,0,1,1.4554896511734424e-05,0.0
Hosni__Mubarak,0,1,0,1,1.4554896511734424e-05,0.0
Nefarious_Nosferatu,0,1,0,1,1.4554896511734424e-05,0.0
Ugly_socks,0,1,0,1,1.4554896511734424e-05,0.0
stuaxo,0,1,0,1,1.4554896511734424e-05,0.0
will_dormer,0,1,0,1,1.4554896511734424e-05,0.0
d0odle,0,1,0,1,1.4554896511734424e-05,0.0
Opposite-Chemistry-0,0,1,0,1,1.4554896511734424e-05,0.0
leriksen,0,1,0,1,1.4554896511734424e-05,0.0
CopiousCool,0,1,0,1,1.4554896511734424e-05,0.0
Slashlight,0,1,0,1,1.4554896511734424e-05,0.0
Ok_Ask8234,0,1,0,1,1.4554896511734424e-05,0.0
Juggernautlemmein,0,1,0,1,1.4554896511734424e-05,0.0
DarthSheogorath,0,1,0,1,1.4554896511734424e-05,0.0
Sorry_End3401,0,1,0,1,1.4554896511734424e-05,0.0
TheR4iner,0,1,0,1,1.4554896511734424e-05,0.0
chihuahuaOP,0,1,0,1,1.4554896511734424e-05,0.0
bluesox,0,1,0,1,1.4554896511734424e-05,0.0
smithe4595,0,1,0,1,1.4554896511734424e-05,0.0
PalpitationFrosty242,0,1,0,1,1.4554896511734424e-05,0.0
msaussieandmrravana,0,1,0,1,1.4554896511734424e-05,0.0
temptar,0,1,0,1,1.4554896511734424e-05,0.0
Professional-Air2123,0,1,0,1,1.4554896511734424e-05,0.0
Soup3rTROOP3R,0,1,0,1,1.4554896511734424e-05,0.0
electricboogaloser,0,1,0,1,1.4554896511734424e-05,0.0
rzet,0,1,0,1,1.4554896511734424e-05,0.0
Rwdscz,0,1,0,1,1.4554896511734424e-05,0.0
TevenzaDenshels,0,1,0,2,1.4554896511734424e-05,0.0
krkus,0,1,0,1,1.4554896511734424e-05,0.0
quantum3ntanglement,0,1,0,1,1.4554896511734424e-05,0.0
lowrads,0,1,0,1,1.4554896511734424e-05,0.0
BigCSFan,0,1,0,1,1.4554896511734424e-05,0.0
Faendol,0,1,0,1,1.4554896511734424e-05,0.0
Arcusremiel08,0,1,0,1,1.4554896511734424e-05,0.0
gm310509,0,1,0,1,1.4554896511734424e-05,0.0
Dazzling_Quarter_622,0,1,0,1,1.4554896511734424e-05,0.0
Stopher,0,1,0,1,1.4554896511734424e-05,0.0
Cold-Dark4148,0,1,0,1,1.4554896511734424e-05,0.0
mock-grinder-26,0,1,0,1,1.4554896511734424e-05,0.0
Dismal_Compote1129,0,1,0,1,1.4554896511734424e-05,0.0
MMortein,0,1,0,1,1.4554896511734424e-05,0.0
Embarrassed-Creme594,0,1,0,1,1.4554896511734424e-05,0.0
nightwood,0,1,0,1,1.4554896511734424e-05,0.0
Ok-Use7318,0,1,0,1,1.4554896511734424e-05,0.0
CPAPGas,0,1,0,1,1.4554896511734424e-05,0.0
PM_ME_YOUR___ISSUES,0,1,0,1,1.4554896511734424e-05,0.0
HowardBateman,0,1,0,1,1.4554896511734424e-05,0.0
theabominablewonder,0,1,0,1,1.4554896511734424e-05,0.0
LordAmras,0,1,0,1,1.4554896511734424e-05,0.0
tardigrades_snuggle,0,1,0,1,1.4554896511734424e-05,0.0
Rarrum,0,1,0,1,1.4554896511734424e-05,0.0
Turbulent-Hippo-9680,0,1,0,2,1.4554896511734424e-05,0.0
Wonderful_Error994,0,1,0,1,1.4554896511734424e-05,0.0
joshooaj,0,1,0,1,1.4554896511734424e-05,0.0
MasterBathingBear,0,1,0,1,1.4554896511734424e-05,0.0
Phytocosm,0,1,0,1,1.4554896511734424e-05,0.0
nuc540,0,1,0,1,1.4554896511734424e-05,0.0
Realistic_Speaker_12,0,1,0,1,1.4554896511734424e-05,0.0
Select-Angle-5032,0,1,0,1,1.4554896511734424e-05,0.0
Spiritual_Rule_6286,0,1,0,1,1.4554896511734424e-05,0.0
Any_Sense_2263,0,1,0,1,1.4554896511734424e-05,0.0
Jaded-Evening-3115,0,1,0,1,1.4554896511734424e-05,0.0
mediocre-yan-26,0,1,0,1,1.4554896511734424e-05,0.0
NSA_GOV,0,1,0,1,1.4554896511734424e-05,0.0
homelessdarthvader,0,1,0,1,1.4554896511734424e-05,0.0
jeffgerickson,0,1,0,1,1.4554896511734424e-05,0.0
DevelopedDevelopment,0,2,0,2,1.4554896511734424e-05,0.0
ImperatorPC,0,1,0,1,1.4554896511734424e-05,0.0
Wolfe244,0,1,0,1,1.4554896511734424e-05,0.0
Calm-Positive-6908,0,1,0,1,1.4554896511734424e-05,0.0
prm20_,0,1,0,1,1.4554896511734424e-05,0.0
Relative_Baseball180,0,1,0,1,1.4554896511734424e-05,0.0
SignificanceLatter26,0,1,0,1,1.4554896511734424e-05,0.0
Recent_Science4709,0,1,0,1,1.4554896511734424e-05,0.0
Datashot,0,1,0,1,1.4554896511734424e-05,0.0
Mountain_Sound7432,0,1,0,1,1.4554896511734424e-05,0.0
AssiduousLayabout,0,1,0,1,1.4554896511734424e-05,0.0
C3lder,0,1,0,1,1.4554896511734424e-05,0.0
idkfawin32,0,1,0,1,1.4554896511734424e-05,0.0
Low_Welcome_5437,0,1,0,1,1.4554896511734424e-05,0.0
spasianpersuasion,0,1,0,1,1.4554896511734424e-05,0.0
Gradstudenthacking,0,1,0,1,1.4554896511734424e-05,0.0
JbREACT,0,1,0,1,1.4554896511734424e-05,0.0
TheCozyRuneFox,0,1,0,1,1.4554896511734424e-05,0.0
fancyPantsOne,0,1,0,1,1.4554896511734424e-05,0.0
hotboii96,0,1,0,1,1.4554896511734424e-05,0.0
False_Bear_8645,0,1,0,1,1.4554896511734424e-05,0.0
subLimb,0,1,0,1,1.4554896511734424e-05,0.0
Dahir_16,0,1,0,1,1.4554896511734424e-05,0.0
Patient_Hippo_3328,0,1,0,1,1.4554896511734424e-05,0.0
cbdeane,0,1,0,1,1.4554896511734424e-05,0.0
Mr_Olivar,0,1,0,1,1.4554896511734424e-05,0.0
hiphopisdead167,0,1,0,1,1.4554896511734424e-05,0.0
kumbayashitt,0,1,0,1,1.4554896511734424e-05,0.0
AlpacaHacker,0,1,0,1,1.4554896511734424e-05,0.0
istarian,0,1,0,1,1.4554896511734424e-05,0.0
patrixxxx,0,1,0,1,1.4554896511734424e-05,0.0
happybelly2021,0,1,0,1,1.4554896511734424e-05,0.0
GenuisInDisguise,0,1,0,1,1.4554896511734424e-05,0.0
Cloudy007,0,1,0,1,1.4554896511734424e-05,0.0
brainsack,0,1,0,1,1.4554896511734424e-05,0.0
jabuchae,0,1,0,1,1.4554896511734424e-05,0.0
OmenVi,0,1,0,1,1.4554896511734424e-05,0.0
datopotatogames,0,1,0,1,1.4554896511734424e-05,0.0
burntcandy,0,1,0,1,1.4554896511734424e-05,0.0
TerawattX,0,1,0,1,1.4554896511734424e-05,0.0
chuddlingchuddleston,0,1,0,1,1.4554896511734424e-05,0.0
Unlikely_Eye_2112,0,1,0,1,1.4554896511734424e-05,0.0
RazorRipperZ,0,1,0,1,1.4554896511734424e-05,0.0
mattyb678,0,1,0,1,1.4554896511734424e-05,0.0
mrev_art,0,1,0,1,1.4554896511734424e-05,0.0
rokomotto,0,1,0,1,1.4554896511734424e-05,0.0
QVRedit,0,1,0,1,1.4554896511734424e-05,0.0
Relative-River5261,0,1,0,1,1.4554896511734424e-05,0.0
rick2882,0,1,0,1,1.4554896511734424e-05,0.0
denverdave23,0,1,0,1,1.4554896511734424e-05,0.0
Psychological_You700,0,1,0,1,1.4554896511734424e-05,0.0
Jazzlike-Compote4463,0,1,0,1,1.4554896511734424e-05,0.0
AI-StockAnalyst,0,1,0,1,1.4554896511734424e-05,0.0
ali-hussain,0,1,0,1,1.4554896511734424e-05,0.0
Jimmy_at_grantmaker,0,1,0,1,1.4554896511734424e-05,0.0
Ok-Bee2272,0,1,0,1,1.4554896511734424e-05,0.0
Confident_Sail_4225,0,1,0,1,1.4554896511734424e-05,0.0
ZukovLabs,0,1,0,1,1.4554896511734424e-05,0.0
justmesayingmything,0,1,0,1,1.4554896511734424e-05,0.0
PlantAdmirable2126,0,1,0,1,1.4554896511734424e-05,0.0
nirvanist_x,0,1,0,1,1.4554896511734424e-05,0.0
Organic_Scarcity_495,0,1,0,1,1.4554896511734424e-05,0.0
nulkratos,0,1,0,1,1.4554896511734424e-05,0.0
Specific-Listen-6859,0,1,0,1,1.4554896511734424e-05,0.0
Competitive_Field828,0,1,0,1,1.4554896511734424e-05,0.0
BullshitUsername,0,1,0,1,1.4554896511734424e-05,0.0
thelastcubscout,0,1,0,1,1.4554896511734424e-05,0.0
wokycookie101,0,1,0,1,1.4554896511734424e-05,0.0
pier4r,0,1,0,1,1.4554896511734424e-05,0.0
DatBoi_BP,0,1,0,1,1.4554896511734424e-05,0.0
FriendlyValuable3652,0,1,0,1,1.4554896511734424e-05,0.0
MissinqLink,0,1,0,1,1.4554896511734424e-05,0.0
BaraLover7,0,1,0,1,1.4554896511734424e-05,0.0
slippinjimmy720,0,1,0,1,1.4554896511734424e-05,0.0
Noobieswede,0,1,0,1,1.4554896511734424e-05,0.0
Ill-Significance4975,0,1,0,1,1.4554896511734424e-05,0.0
ThinkMarket7640,0,1,0,1,1.4554896511734424e-05,0.0
Revolutionary_Ad6574,0,1,0,1,1.4554896511734424e-05,0.0
True-Strike7696,0,1,0,1,1.4554896511734424e-05,0.0
csabinho,0,1,0,1,1.4554896511734424e-05,0.0
gijoe011,0,1,0,1,1.4554896511734424e-05,0.0
Tower11Archer,0,1,0,1,1.4554896511734424e-05,0.0
Butt-Slamington,0,1,0,1,1.4554896511734424e-05,0.0
Repulsive-Corner-256,0,1,0,1,1.4554896511734424e-05,0.0
Perplexe974,0,1,0,1,1.4554896511734424e-05,0.0
Prestigious_Boat_386,0,1,0,1,1.4554896511734424e-05,0.0
diomedes-on-rampage,0,1,0,1,1.4554896511734424e-05,0.0
superduperdrew12345,0,1,0,1,1.4554896511734424e-05,0.0
shrodikan,0,1,0,1,1.4554896511734424e-05,0.0
Pitiful-Thanks-610,0,1,0,1,1.4554896511734424e-05,0.0
billiewoop,0,1,0,1,1.4554896511734424e-05,0.0
SeveralAd6447,0,1,0,1,1.4554896511734424e-05,0.0
_agunechemba,0,2,0,2,1.4554896511734424e-05,0.0
RestExact2584,0,1,0,1,1.4554896511734424e-05,0.0
lonely-silhouette,0,2,0,2,1.4554896511734424e-05,0.0
CroolSummer,0,1,0,1,1.4554896511734424e-05,0.0
gqtrees,0,1,0,1,1.4554896511734424e-05,0.0
WindblownSquash,0,1,0,1,1.4554896511734424e-05,0.0
CurlTheSquirrel,0,1,0,1,1.4554896511734424e-05,0.0
Altruistic-Nose447,0,1,0,1,1.4554896511734424e-05,0.0
Zealousideal-One483,0,1,0,1,1.4554896511734424e-05,0.0
Witty_Advantage_137,0,1,0,1,1.4554896511734424e-05,0.0
MrWeirdoFace,0,1,0,1,1.4554896511734424e-05,0.0
Convoke_,0,1,0,1,1.4554896511734424e-05,0.0
Harneybus,0,2,0,2,1.4554896511734424e-05,0.0
Galliad93,0,1,0,1,1.4554896511734424e-05,0.0
Altruistic-Rice-5567,0,1,0,1,1.4554896511734424e-05,0.0
MT_WYNN,0,1,0,1,1.4554896511734424e-05,0.0
SocialAnxiousPlayer,0,1,0,1,1.4554896511734424e-05,0.0
DAA-007,0,1,0,1,1.4554896511734424e-05,0.0
Good-Silver1784,0,1,0,1,1.4554896511734424e-05,0.0
Inmortia,0,2,0,2,1.4554896511734424e-05,0.0
Four_Dim_Samosa,0,1,0,1,1.4554896511734424e-05,0.0
Akira_A01,0,1,0,1,1.4554896511734424e-05,0.0
ZelphirKalt,0,1,0,1,1.4554896511734424e-05,0.0
obelisk1151,0,1,0,1,1.4554896511734424e-05,0.0
se177,0,1,0,1,1.4554896511734424e-05,0.0
RomuloPB,0,1,0,1,1.4554896511734424e-05,0.0
No_Object_9476,0,1,0,1,1.4554896511734424e-05,0.0
ghostwilliz,0,1,0,1,1.4554896511734424e-05,0.0
stackPeek,0,1,0,1,1.4554896511734424e-05,0.0
Glittering-Work2190,0,1,0,1,1.4554896511734424e-05,0.0
Fickle_Ad_6746,0,1,0,1,1.4554896511734424e-05,0.0
kiue88827728,0,1,0,1,1.4554896511734424e-05,0.0
redwon9plus,0,1,0,1,1.4554896511734424e-05,0.0
well-its-done-now,0,1,0,1,1.4554896511734424e-05,0.0
Outrageous-Gazelle70,0,1,0,1,1.4554896511734424e-05,0.0
squirleydna,0,1,0,1,1.4554896511734424e-05,0.0
No-Strawberry623,0,1,0,1,1.4554896511734424e-05,0.0
YangRam,0,1,0,1,1.4554896511734424e-05,0.0
jstwtchngrnd,0,1,0,1,1.4554896511734424e-05,0.0
Fyren-1131,0,1,0,1,1.4554896511734424e-05,0.0
TheUltimateSalesman,0,1,0,1,1.4554896511734424e-05,0.0
Colonelfudgenustard,0,1,0,1,1.4554896511734424e-05,0.0
Siiizmon,0,1,0,1,1.4554896511734424e-05,0.0
eatinggrapes2018,0,1,0,1,1.4554896511734424e-05,0.0
ItsYa1UPBoy,0,1,0,1,1.4554896511734424e-05,0.0
recontitter,0,1,0,1,1.4554896511734424e-05,0.0
Illustrious_Show_660,0,1,0,1,1.4554896511734424e-05,0.0
james_d_rustles,0,1,0,1,1.4554896511734424e-05,0.0
neveralone59,0,1,0,1,1.4554896511734424e-05,0.0
Alternative-Yam-4306,0,1,0,1,1.4554896511734424e-05,0.0
rgheno,0,1,0,1,1.4554896511734424e-05,0.0
TerraxtheTamer,0,1,0,1,1.4554896511734424e-05,0.0
arkylnox_,0,1,0,1,1.4554896511734424e-05,0.0
nRenegade,0,1,0,1,1.4554896511734424e-05,0.0
Domingues_tech,0,1,0,1,1.4554896511734424e-05,0.0
SnooSongs5596,0,1,0,1,1.4554896511734424e-05,0.0
sydridon,0,1,0,1,1.4554896511734424e-05,0.0
DmtGrm,0,1,0,1,1.4554896511734424e-05,0.0
baboon322,0,1,0,1,1.4554896511734424e-05,0.0
Hzk0196,0,1,0,1,1.4554896511734424e-05,0.0
vz0,0,1,0,1,1.4554896511734424e-05,0.0
KronosChineseFather,0,1,0,1,1.4554896511734424e-05,0.0
sir_sri,0,1,0,1,1.4554896511734424e-05,0.0
DragonofStories,0,1,0,1,1.4554896511734424e-05,0.0
NeitherAdvisor5558,0,1,0,1,1.4554896511734424e-05,0.0
Upbeat-Split3601,0,1,0,1,1.4554896511734424e-05,0.0
Easy_Rider_OK,0,1,0,1,1.4554896511734424e-05,0.0
Different_Pain5781,0,1,0,1,1.4554896511734424e-05,0.0
hippohoney,0,1,0,1,1.4554896511734424e-05,0.0
mcidclan,0,1,0,1,1.4554896511734424e-05,0.0
Conscious_Bank9484,0,1,0,1,1.4554896511734424e-05,0.0
nicodeemus7,0,1,0,1,1.4554896511734424e-05,0.0
ParadiZe,0,1,0,1,1.4554896511734424e-05,0.0
Aromatic_File_5256,0,1,0,1,1.4554896511734424e-05,0.0
danielt1263,0,1,0,1,1.4554896511734424e-05,0.0
dyslechtchitect,0,1,0,1,1.4554896511734424e-05,0.0
win10trashEdition,0,1,0,1,1.4554896511734424e-05,0.0
Caaolmii,0,1,0,1,1.4554896511734424e-05,0.0
bird_feeder_bird,0,1,0,1,1.4554896511734424e-05,0.0
-wtfisthat-,0,1,0,1,1.4554896511734424e-05,0.0
dogboysummer,0,1,0,1,1.4554896511734424e-05,0.0
oclafloptson,0,1,0,1,1.4554896511734424e-05,0.0
alleged_loyalty,0,1,0,1,1.4554896511734424e-05,0.0
TORLOKY,0,1,0,1,1.4554896511734424e-05,0.0
bytejuggler,0,2,0,2,1.4554896511734424e-05,0.0
Izaya_Orihara171,0,1,0,1,1.4554896511734424e-05,0.0
Educational-City-492,0,2,0,2,1.4554896511734424e-05,0.0
synkronize,0,1,0,1,1.4554896511734424e-05,0.0
effects67,0,1,0,1,1.4554896511734424e-05,0.0
thatdevguyoninternet,0,1,0,1,1.4554896511734424e-05,0.0
Tech_head_dev,0,1,0,1,1.4554896511734424e-05,0.0
Due-Trainer865,0,1,0,1,1.4554896511734424e-05,0.0
Game-of-pwns,0,1,0,1,1.4554896511734424e-05,0.0
snakeboyslim,0,1,0,1,1.4554896511734424e-05,0.0
sinkwiththeship,0,1,0,1,1.4554896511734424e-05,0.0
obj7777,0,1,0,1,1.4554896511734424e-05,0.0
GotAim,0,1,0,1,1.4554896511734424e-05,0.0
IdiotInIT,0,1,0,1,1.4554896511734424e-05,0.0
ZogemWho,0,1,0,1,1.4554896511734424e-05,0.0
Revolutionary-One455,0,1,0,1,1.4554896511734424e-05,0.0
Lonely-Suspect-9243,0,1,0,1,1.4554896511734424e-05,0.0
AstonishedByThLackOf,0,1,0,1,1.4554896511734424e-05,0.0
Artonox,0,1,0,1,1.4554896511734424e-05,0.0
mrfouchon,0,1,0,1,1.4554896511734424e-05,0.0
BackgroundNote8719,0,1,0,1,1.4554896511734424e-05,0.0
four_six_seven,0,1,0,1,1.4554896511734424e-05,0.0
Hot_Sentence2303,0,3,0,3,1.4554896511734424e-05,0.0
Dazzling_Music_2411,0,1,0,1,1.4554896511734424e-05,0.0
Sophistry7,0,1,0,1,1.4554896511734424e-05,0.0
-IoI-,0,1,0,1,1.4554896511734424e-05,0.0
Wild-Metal-7413,0,1,0,1,1.4554896511734424e-05,0.0
Confident-Bit-9200,0,1,0,1,1.4554896511734424e-05,0.0
Statcat2017,0,1,0,1,1.4554896511734424e-05,0.0
present_absence,0,1,0,1,1.4554896511734424e-05,0.0
young0616,0,1,0,1,1.4554896511734424e-05,0.0
FewCockroach2590,0,1,0,1,1.4554896511734424e-05,0.0
Bmaxtubby1,0,1,0,1,1.4554896511734424e-05,0.0
Rachel666888,0,1,0,1,1.4554896511734424e-05,0.0
Pokeyy_l,0,1,0,1,1.4554896511734424e-05,0.0
TytoCwtch,0,1,0,1,1.4554896511734424e-05,0.0
hthi2802,0,1,0,1,1.4554896511734424e-05,0.0
m88883,0,1,0,1,1.4554896511734424e-05,0.0
Mug_of_coffee,0,1,0,1,1.4554896511734424e-05,0.0
Same-Animal5743,0,1,0,1,1.4554896511734424e-05,0.0
Delicious_Big2827,0,1,0,1,1.4554896511734424e-05,0.0
itspirrip,0,1,0,1,1.4554896511734424e-05,0.0
downl0ad,0,1,0,1,1.4554896511734424e-05,0.0
DejavuMoe,0,1,0,1,1.4554896511734424e-05,0.0
masoleumofhope,0,1,0,1,1.4554896511734424e-05,0.0
2ronNiHudas,0,1,0,1,1.4554896511734424e-05,0.0
kiera1171,0,1,0,1,1.4554896511734424e-05,0.0
rela82me,0,1,0,1,1.4554896511734424e-05,0.0
New_Masterpiece_8194,0,1,0,1,1.4554896511734424e-05,0.0
namblyat,0,1,0,1,1.4554896511734424e-05,0.0
DrCircledot,0,1,0,1,1.4554896511734424e-05,0.0
chidambaram-3,0,1,0,1,1.4554896511734424e-05,0.0
RoseEsque,0,1,0,1,1.4554896511734424e-05,0.0
Still_Smoke8992,0,1,0,1,1.4554896511734424e-05,0.0
Comfortable_Newt_179,0,1,0,1,1.4554896511734424e-05,0.0
Cornmeal_Otaku,0,1,0,1,1.4554896511734424e-05,0.0
web_helper,0,1,0,1,1.4554896511734424e-05,0.0
chrisogle,0,1,0,1,1.4554896511734424e-05,0.0
Bricu_Canaryville,0,1,0,1,1.4554896511734424e-05,0.0
CynicClinic1,0,1,0,1,1.4554896511734424e-05,0.0
kobekope,0,1,0,1,1.4554896511734424e-05,0.0
Billyboomz,0,1,0,1,1.4554896511734424e-05,0.0
AbrahelOne,0,1,0,1,1.4554896511734424e-05,0.0
im-your-man,0,1,0,1,1.4554896511734424e-05,0.0
Substantial-Bunch-38,0,1,0,1,1.4554896511734424e-05,0.0
theevilnarwhale,0,1,0,1,1.4554896511734424e-05,0.0
stunt876,0,1,0,1,1.4554896511734424e-05,0.0
CrypticViper_,0,1,0,1,1.4554896511734424e-05,0.0
Not_the_EOD,0,1,0,1,1.4554896511734424e-05,0.0
alanslc,0,1,0,1,1.4554896511734424e-05,0.0
Damet_Dave,0,1,0,1,1.4554896511734424e-05,0.0
Dilligence,0,1,0,1,1.4554896511734424e-05,0.0
RemoteUser78,0,1,0,1,1.4554896511734424e-05,0.0
UnseenMurmur,0,1,0,1,1.4554896511734424e-05,0.0
Historical_Ride_8234,0,1,0,1,1.4554896511734424e-05,0.0
Rythoka,0,1,0,1,1.4554896511734424e-05,0.0
BeginningOne8195,0,1,0,1,1.4554896511734424e-05,0.0
pepiks,0,1,0,1,1.4554896511734424e-05,0.0
Acceptable_Handle_2,0,1,0,1,1.4554896511734424e-05,0.0
OkConsideration5764,0,1,0,1,1.4554896511734424e-05,0.0
howzai,0,1,0,1,1.4554896511734424e-05,0.0
Extreme_Horse_2053,0,1,0,1,1.4554896511734424e-05,0.0
No-Let-6057,0,1,0,1,1.4554896511734424e-05,0.0
burdalane,0,1,0,1,1.4554896511734424e-05,0.0
braclow,0,1,0,1,1.4554896511734424e-05,0.0
Fox_Flame,0,1,0,1,1.4554896511734424e-05,0.0
prattxxx,0,1,0,1,1.4554896511734424e-05,0.0
code_tutor,0,1,0,1,1.4554896511734424e-05,0.0
SaunaApprentice,0,1,0,1,1.4554896511734424e-05,0.0
herocoding,0,1,0,1,1.4554896511734424e-05,0.0
SlightTip6811,0,1,0,1,1.4554896511734424e-05,0.0
BR41ND34D,0,1,0,1,1.4554896511734424e-05,0.0
Proxiconn,0,1,0,1,1.4554896511734424e-05,0.0
Tatt00ey,0,1,0,1,1.4554896511734424e-05,0.0
resume-razor,0,1,0,1,1.4554896511734424e-05,0.0
Ted_soto,0,1,0,1,1.4554896511734424e-05,0.0
Kezyma,0,1,0,1,1.4554896511734424e-05,0.0
rjcarr,0,1,0,1,1.4554896511734424e-05,0.0
elperroborrachotoo,0,1,0,1,1.4554896511734424e-05,0.0
binarycow,0,1,0,1,1.4554896511734424e-05,0.0
Particular_Milk_1152,0,1,0,2,1.4554896511734424e-05,0.0
-_ObiWanKenobi_-,0,1,0,1,1.4554896511734424e-05,0.0
zubeye,0,1,0,1,1.4554896511734424e-05,0.0
Ordinary_Amoeba_1030,0,1,0,1,1.4554896511734424e-05,0.0
barrocz,0,1,0,1,1.4554896511734424e-05,0.0
SnooBananas5215,0,1,0,1,1.4554896511734424e-05,0.0
Dangerous_Squash6841,0,1,0,1,1.4554896511734424e-05,0.0
big-red-127,0,1,0,1,1.4554896511734424e-05,0.0
TrevorKoiParadox,0,1,0,1,1.4554896511734424e-05,0.0
Middle--Earth,0,1,0,1,1.4554896511734424e-05,0.0
Midnight393,0,1,0,1,1.4554896511734424e-05,0.0
gg1bbs,0,1,0,1,1.4554896511734424e-05,0.0
jampman31,0,1,0,1,1.4554896511734424e-05,0.0
thelittleromanian,0,1,0,1,1.4554896511734424e-05,0.0
__gmo__,0,1,0,1,1.4554896511734424e-05,0.0
briandberry,0,1,0,1,1.4554896511734424e-05,0.0
Gawd_Awful,0,1,0,1,1.4554896511734424e-05,0.0
Sure_Representative2,0,1,0,1,1.4554896511734424e-05,0.0
oandroido,0,1,0,1,1.4554896511734424e-05,0.0
mmaynee,0,1,0,1,1.4554896511734424e-05,0.0
Hot_Apartment1319,0,1,0,1,1.4554896511734424e-05,0.0
Fun_Delay7585,0,1,0,1,1.4554896511734424e-05,0.0
Manas_2500,0,1,0,1,1.4554896511734424e-05,0.0
Over-Government961,0,1,0,1,1.4554896511734424e-05,0.0
Lily-Flower2828,0,1,0,1,1.4554896511734424e-05,0.0
Nalyda,0,1,0,1,1.4554896511734424e-05,0.0
Historical_Equal377,0,1,0,1,1.4554896511734424e-05,0.0
lookatthiscrystalwow,0,1,0,1,1.4554896511734424e-05,0.0
ProfPragmatic,0,1,0,1,1.4554896511734424e-05,0.0
DevaOni,0,1,0,2,1.4554896511734424e-05,0.0
KeyCryptographer7737,0,1,0,1,1.4554896511734424e-05,0.0
Kasyx709,0,1,0,1,1.4554896511734424e-05,0.0
Aglet_Green,0,1,0,1,1.4554896511734424e-05,0.0
Brave_Speaker_8336,0,1,0,1,1.4554896511734424e-05,0.0
ironicperspective,0,1,0,1,1.4554896511734424e-05,0.0
Security_Wrong,0,1,0,1,1.4554896511734424e-05,0.0
__Shred,0,1,0,1,1.4554896511734424e-05,0.0
Mindless_Selection34,0,1,0,1,1.4554896511734424e-05,0.0
1729nerd,0,1,0,1,1.4554896511734424e-05,0.0
tangertale,0,1,0,1,1.4554896511734424e-05,0.0
andycwb1,0,1,0,1,1.4554896511734424e-05,0.0
Garland_Key,0,1,0,1,1.4554896511734424e-05,0.0
limencello,0,1,0,1,1.4554896511734424e-05,0.0
thebrokenglass07,0,1,0,1,1.4554896511734424e-05,0.0
BroVic,0,1,0,1,1.4554896511734424e-05,0.0
APT-0,0,1,0,1,1.4554896511734424e-05,0.0
Kasenom,0,1,0,1,1.4554896511734424e-05,0.0
HedgeFlounder,0,1,0,1,1.4554896511734424e-05,0.0
LargeRedLingonberry,0,1,0,1,1.4554896511734424e-05,0.0
bennybuttholes,0,1,0,1,1.4554896511734424e-05,0.0
sk3z0,0,1,0,1,1.4554896511734424e-05,0.0
Comprehensive_Mud803,0,1,0,1,1.4554896511734424e-05,0.0
VidantV,0,1,0,1,1.4554896511734424e-05,0.0
Kaenguruu-Dev,0,1,0,1,1.4554896511734424e-05,0.0
LiveYoLife288,0,1,0,1,1.4554896511734424e-05,0.0
Septem_151,0,1,0,1,1.4554896511734424e-05,0.0
hagerino,0,1,0,1,1.4554896511734424e-05,0.0
tupolino,0,1,0,1,1.4554896511734424e-05,0.0
D4rkyFirefly,0,1,0,1,1.4554896511734424e-05,0.0
WinnerPristine6119,0,1,0,1,1.4554896511734424e-05,0.0
TemporaryTop287,0,1,0,1,1.4554896511734424e-05,0.0
ghost_jamm,0,1,0,1,1.4554896511734424e-05,0.0
morphballganon,0,1,0,1,1.4554896511734424e-05,0.0
Rikplaysbass,0,1,0,1,1.4554896511734424e-05,0.0
TheKnottyOne,0,1,0,1,1.4554896511734424e-05,0.0
WiltedDurian,0,1,0,1,1.4554896511734424e-05,0.0
PuzzledFalcon,0,1,0,1,1.4554896511734424e-05,0.0
ec2-user-,0,1,0,1,1.4554896511734424e-05,0.0
elephant_9,0,1,0,1,1.4554896511734424e-05,0.0
WilloTheGoat,0,1,0,1,1.4554896511734424e-05,0.0
proclamo,0,1,0,1,1.4554896511734424e-05,0.0
cyt0kinetic,0,1,0,1,1.4554896511734424e-05,0.0
BrokenImmersion,0,1,0,1,1.4554896511734424e-05,0.0
wosmo,0,1,0,1,1.4554896511734424e-05,0.0
cubicle_jack,0,1,0,1,1.4554896511734424e-05,0.0
pjc50,0,1,0,1,1.4554896511734424e-05,0.0
scottywottytotty,0,1,0,1,1.4554896511734424e-05,0.0
DIYnivor,0,1,0,1,1.4554896511734424e-05,0.0
connorjpg,0,1,0,1,1.4554896511734424e-05,0.0
ksmigrod,0,1,0,1,1.4554896511734424e-05,0.0
ImaJimmy,0,1,0,1,1.4554896511734424e-05,0.0
Usual_Ice636,0,1,0,1,1.4554896511734424e-05,0.0
kbielefe,0,1,0,1,1.4554896511734424e-05,0.0
MCButterFuck,0,1,0,1,1.4554896511734424e-05,0.0
Vymir_IT,0,1,0,1,1.4554896511734424e-05,0.0
xtraburnacct,0,1,0,1,1.4554896511734424e-05,0.0
Piisthree,0,1,0,1,1.4554896511734424e-05,0.0
eggZeppelin,0,1,0,1,1.4554896511734424e-05,0.0
Fluffy-Cicada7592,0,1,0,1,1.4554896511734424e-05,0.0
AlphaPastel,0,1,0,1,1.4554896511734424e-05,0.0
Team_bhaukaal,0,1,0,1,1.4554896511734424e-05,0.0
the_hangman,0,1,0,1,1.4554896511734424e-05,0.0
YOUR_TRIGGER,0,1,0,1,1.4554896511734424e-05,0.0
Cute-Net5957,0,1,0,1,1.4554896511734424e-05,0.0
Extreme-Order869,0,1,0,1,1.4554896511734424e-05,0.0
VadumSemantics,0,1,0,1,1.4554896511734424e-05,0.0
MurderMelon,0,1,0,1,1.4554896511734424e-05,0.0
Seekandearn,0,1,0,1,1.4554896511734424e-05,0.0
SpiritedBoard6191,0,1,0,1,1.4554896511734424e-05,0.0
Internal_Outcome_182,0,1,0,1,1.4554896511734424e-05,0.0
hellycopterinjuneer,0,1,0,1,1.4554896511734424e-05,0.0
edonnu,0,1,0,1,1.4554896511734424e-05,0.0
ColoRadBro69,0,1,0,1,1.4554896511734424e-05,0.0
mampersat,0,1,0,1,1.4554896511734424e-05,0.0
HemetValleyMall1982,0,1,0,1,1.4554896511734424e-05,0.0
Consibl,0,1,0,1,1.4554896511734424e-05,0.0
Daninomicon,0,1,0,1,1.4554896511734424e-05,0.0
Mediocre-Brain9051,0,1,0,1,1.4554896511734424e-05,0.0
paddingtonrex,0,1,0,1,1.4554896511734424e-05,0.0
clarkster112,0,1,0,1,1.4554896511734424e-05,0.0
Serious_Tax_8185,0,1,0,1,1.4554896511734424e-05,0.0
0-Gravity-72,0,1,0,1,1.4554896511734424e-05,0.0
AdorablSillyDisorder,0,1,0,1,1.4554896511734424e-05,0.0
KC918273645,0,1,0,1,1.4554896511734424e-05,0.0
BlaM4c,0,1,0,1,1.4554896511734424e-05,0.0
wildgurularry,0,1,0,1,1.4554896511734424e-05,0.0
Master_Direction8860,0,1,0,1,1.4554896511734424e-05,0.0
WystanH,0,1,0,1,1.4554896511734424e-05,0.0
zincifre,0,1,0,1,1.4554896511734424e-05,0.0
To_Slayer_oT,0,1,0,1,1.4554896511734424e-05,0.0
ForeignOrder6257,0,1,0,1,1.4554896511734424e-05,0.0
Icy_Butterscotch6661,0,1,0,1,1.4554896511734424e-05,0.0
_l33ter_,0,1,0,1,1.4554896511734424e-05,0.0
vectsz,0,1,0,1,1.4554896511734424e-05,0.0
StrayFeral,0,1,0,1,1.4554896511734424e-05,0.0
MRAZARNY,0,1,0,1,1.4554896511734424e-05,0.0
Cliche_James,0,1,0,1,1.4554896511734424e-05,0.0
Maximum_Coast1337,0,1,0,1,1.4554896511734424e-05,0.0
dry-considerations,0,1,0,1,1.4554896511734424e-05,0.0
Admirable-Light5981,0,1,0,1,1.4554896511734424e-05,0.0
RobertDeveloper,0,1,0,1,1.4554896511734424e-05,0.0
exploradorobservador,0,1,0,1,1.4554896511734424e-05,0.0
Individual_Praline38,0,1,0,1,1.4554896511734424e-05,0.0
gabieplease_,0,1,0,1,1.4554896511734424e-05,0.0
captainAwesomePants,0,1,0,1,1.4554896511734424e-05,0.0
Snehith220,0,1,0,1,1.4554896511734424e-05,0.0
mo0nman_,0,1,0,1,1.4554896511734424e-05,0.0
Opening_Bite_1716,0,1,0,1,1.4554896511734424e-05,0.0
fuckyouusernames,0,1,0,1,1.4554896511734424e-05,0.0
tvmaly,0,1,0,1,1.4554896511734424e-05,0.0
Significant-Syrup400,0,1,0,1,1.4554896511734424e-05,0.0
snowbirdnerd,0,1,0,1,1.4554896511734424e-05,0.0
Python_Puzzles,0,1,0,1,1.4554896511734424e-05,0.0
MikeWise1618,0,1,0,1,1.4554896511734424e-05,0.0
jlanawalt,0,1,0,1,1.4554896511734424e-05,0.0
k2still,0,1,0,1,1.4554896511734424e-05,0.0
Fuzzy_Job_4109,0,1,0,1,1.4554896511734424e-05,0.0
jaunonymous,0,1,0,1,1.4554896511734424e-05,0.0
iCashMon3y,0,1,0,1,1.4554896511734424e-05,0.0
Fantastic-Pace-7766,0,1,0,1,1.4554896511734424e-05,0.0
JonR20,0,1,0,1,1.4554896511734424e-05,0.0
yiliu,0,1,0,1,1.4554896511734424e-05,0.0
dwarven_futurist,0,1,0,1,1.4554896511734424e-05,0.0
Zebedayo,0,1,0,1,1.4554896511734424e-05,0.0
notrandomatall,0,1,0,1,1.4554896511734424e-05,0.0
Glittering-Fix-6223,0,1,0,1,1.4554896511734424e-05,0.0
Robotkio,0,1,0,1,1.4554896511734424e-05,0.0
Zoro-chi,0,1,0,1,1.4554896511734424e-05,0.0
drgut101,0,1,0,1,1.4554896511734424e-05,0.0
StationFull,0,1,0,1,1.4554896511734424e-05,0.0
nobled_4_40026,0,1,0,1,1.4554896511734424e-05,0.0
Thomniscient,0,1,0,1,1.4554896511734424e-05,0.0
YeojFran,0,1,0,1,1.4554896511734424e-05,0.0
Lost-Letterhead-6615,0,1,0,1,1.4554896511734424e-05,0.0
googlishus,0,1,0,1,1.4554896511734424e-05,0.0
findgriner,0,1,0,1,1.4554896511734424e-05,0.0
OnNothingSpecialized,0,1,0,1,1.4554896511734424e-05,0.0
Acceptable_Ad6909,0,1,0,1,1.4554896511734424e-05,0.0
DemagaX,0,1,0,1,1.4554896511734424e-05,0.0
destined_to_dad,0,1,0,1,1.4554896511734424e-05,0.0
joby_334455,0,1,0,1,1.4554896511734424e-05,0.0
Deep_Rip_2993,0,1,0,1,1.4554896511734424e-05,0.0
GordieBombay-DUI-4TW,0,1,0,1,1.4554896511734424e-05,0.0
Snr_Wilson,0,1,0,1,1.4554896511734424e-05,0.0
PizzaHuttDelivery,0,1,0,1,1.4554896511734424e-05,0.0
silentcascade-01,0,1,0,1,1.4554896511734424e-05,0.0
CommentFizz,0,1,0,1,1.4554896511734424e-05,0.0
papanastty,0,1,0,1,1.4554896511734424e-05,0.0
koshuir,0,1,0,1,1.4554896511734424e-05,0.0
immediate_push5464,0,1,0,1,1.4554896511734424e-05,0.0
BlindTeemo,0,1,0,1,1.4554896511734424e-05,0.0
xxDailyGrindxx,0,1,0,1,1.4554896511734424e-05,0.0
DataGOGO,0,1,0,1,1.4554896511734424e-05,0.0
EastGene8606,0,1,0,1,1.4554896511734424e-05,0.0
FearlessVessel,0,1,0,1,1.4554896511734424e-05,0.0
ameriCANCERvative,0,2,0,2,1.4554896511734424e-05,0.0
TrainingVegetable949,0,1,0,1,1.4554896511734424e-05,0.0
bentNail28,0,1,0,1,1.4554896511734424e-05,0.0
Turbanator1337,0,1,0,1,1.4554896511734424e-05,0.0
Anarcho-Somalianism,0,1,0,1,1.4554896511734424e-05,0.0
BroaxXx,0,1,0,1,1.4554896511734424e-05,0.0
giit-reset-hard,0,1,0,1,1.4554896511734424e-05,0.0
UtahJarhead,0,1,0,1,1.4554896511734424e-05,0.0
CodeRadDesign,0,1,0,1,1.4554896511734424e-05,0.0
Alternative_Draw5945,0,1,0,1,1.4554896511734424e-05,0.0
shadyxstep,0,1,0,1,1.4554896511734424e-05,0.0
StupidScape,0,1,0,1,1.4554896511734424e-05,0.0
Virandell,0,1,0,1,1.4554896511734424e-05,0.0
FullMetalAlcoholic66,0,1,0,1,1.4554896511734424e-05,0.0
ksig12,0,1,0,1,1.4554896511734424e-05,0.0
siodhe,0,1,0,1,1.4554896511734424e-05,0.0
born_zynner,0,1,0,1,1.4554896511734424e-05,0.0
beb0,0,1,0,1,1.4554896511734424e-05,0.0
Zen-Ism99,0,1,0,1,1.4554896511734424e-05,0.0
kcl97,0,1,0,1,1.4554896511734424e-05,0.0
BruteCarnival,0,1,0,1,1.4554896511734424e-05,0.0
SNsilver,0,1,0,1,1.4554896511734424e-05,0.0
EZPZLemonWheezy,0,1,0,1,1.4554896511734424e-05,0.0
winnuet,0,1,0,1,1.4554896511734424e-05,0.0
James_Sultan,0,1,0,1,1.4554896511734424e-05,0.0
TheMatrix451,0,1,0,1,1.4554896511734424e-05,0.0
cgoldberg,0,1,0,1,1.4554896511734424e-05,0.0
Crazyboreddeveloper,0,1,0,1,1.4554896511734424e-05,0.0
JoshuaTheProgrammer,0,1,0,1,1.4554896511734424e-05,0.0
thirdegree,0,1,0,1,1.4554896511734424e-05,0.0
helloimfranky,0,1,0,1,1.4554896511734424e-05,0.0
lumberjack_dad,0,1,0,1,1.4554896511734424e-05,0.0
i_like_data_yes_i_do,0,1,0,1,1.4554896511734424e-05,0.0
Taddesh,0,1,0,1,1.4554896511734424e-05,0.0
grumpyrumman,0,1,0,1,1.4554896511734424e-05,0.0
RoyalKingTarun,0,1,0,1,1.4554896511734424e-05,0.0
Financial_Extent888,0,1,0,1,1.4554896511734424e-05,0.0
Outrageous-Leopard43,0,1,0,1,1.4554896511734424e-05,0.0
Chaseshaw,0,1,0,1,1.4554896511734424e-05,0.0
Formal_Wolverine_674,0,1,0,1,1.4554896511734424e-05,0.0
ajm1212,0,1,0,1,1.4554896511734424e-05,0.0
OrganicPause6530,0,1,0,1,1.4554896511734424e-05,0.0
Queasy_Mulberry____,0,1,0,1,1.4554896511734424e-05,0.0
Either_Remove7303,0,1,0,1,1.4554896511734424e-05,0.0
BraveAttitude4633,0,1,0,1,1.4554896511734424e-05,0.0
darkshadow0101,0,1,0,1,1.4554896511734424e-05,0.0
IntersnetSpaceships,0,1,0,1,1.4554896511734424e-05,0.0
No-Mobile9763,0,1,0,1,1.4554896511734424e-05,0.0
Symboliclynk443,0,1,0,1,1.4554896511734424e-05,0.0
Icy_Key19,0,1,0,1,1.4554896511734424e-05,0.0
IncoherrentRecursion,0,1,0,1,1.4554896511734424e-05,0.0
Xavphon,0,1,0,1,1.4554896511734424e-05,0.0
welch7,0,1,0,1,1.4554896511734424e-05,0.0
VisibleStreet6532,0,1,0,1,1.4554896511734424e-05,0.0
Ok-Frosting6810,0,1,0,1,1.4554896511734424e-05,0.0
Ok-Individual9159,0,1,0,1,1.4554896511734424e-05,0.0
Great_Station_4167,0,1,0,1,1.4554896511734424e-05,0.0
kevin7254,0,1,0,1,1.4554896511734424e-05,0.0
Cabeto_IR_83,0,1,0,1,1.4554896511734424e-05,0.0
Fit-Play-9680,0,1,0,1,1.4554896511734424e-05,0.0
purifiednomad,0,1,0,1,1.4554896511734424e-05,0.0
MoonQube,0,1,0,1,1.4554896511734424e-05,0.0
NotMyGovernor,0,1,0,1,1.4554896511734424e-05,0.0
S0n_0f_Anarchy,0,1,0,1,1.4554896511734424e-05,0.0
joe_tesla,0,1,0,1,1.4554896511734424e-05,0.0
Brilliant-Lettuce544,0,1,0,1,1.4554896511734424e-05,0.0
syvtsn,0,1,0,1,1.4554896511734424e-05,0.0
lawrencek1992,0,1,0,1,1.4554896511734424e-05,0.0
tkitta,0,1,0,1,1.4554896511734424e-05,0.0
zorgabluff,0,1,0,1,1.4554896511734424e-05,0.0
phtsmc,0,1,0,1,1.4554896511734424e-05,0.0
SuchTarget2782,0,1,0,1,1.4554896511734424e-05,0.0
vitamin_CPP,0,1,0,1,1.4554896511734424e-05,0.0
CSSWizard5211,0,1,0,1,1.4554896511734424e-05,0.0
mehneni,0,1,0,1,1.4554896511734424e-05,0.0
Sol33t303,0,1,0,1,1.4554896511734424e-05,0.0
juancn,0,1,0,1,1.4554896511734424e-05,0.0
jeffrey_f,0,1,0,1,1.4554896511734424e-05,0.0
SpiderJerusalem42,0,1,0,1,1.4554896511734424e-05,0.0
Independent_Art_6676,0,1,0,1,1.4554896511734424e-05,0.0
dccarles2,0,1,0,1,1.4554896511734424e-05,0.0
CptPicard,0,1,0,1,1.4554896511734424e-05,0.0
Zestyclose-Food-8413,0,1,0,1,1.4554896511734424e-05,0.0
Roofbean,0,1,0,1,1.4554896511734424e-05,0.0
LukaC99,0,1,0,1,1.4554896511734424e-05,0.0
simonbleu,0,1,0,1,1.4554896511734424e-05,0.0
Alsentar,0,1,0,1,1.4554896511734424e-05,0.0
SpoodermanTheAmazing,0,1,0,1,1.4554896511734424e-05,0.0
mjmvideos,0,1,0,1,1.4554896511734424e-05,0.0
AssassinBear,0,1,0,1,1.4554896511734424e-05,0.0
aq1018,0,1,0,1,1.4554896511734424e-05,0.0
johnpeters42,0,1,0,1,1.4554896511734424e-05,0.0
yyellowbanana,0,1,0,1,1.4554896511734424e-05,0.0
wahnsinnwanscene,0,1,0,1,1.4554896511734424e-05,0.0
Cpt_Chaos_,0,1,0,1,1.4554896511734424e-05,0.0
Alchemist32,0,1,0,1,1.4554896511734424e-05,0.0
Federal_Evening_6187,0,1,0,1,1.4554896511734424e-05,0.0
ahjotina,0,1,0,1,1.4554896511734424e-05,0.0
supmfker,0,1,0,1,1.4554896511734424e-05,0.0
ChadiusTheMighty,0,1,0,1,1.4554896511734424e-05,0.0
Jecture,0,1,0,1,1.4554896511734424e-05,0.0
Other_Summer_1903,0,1,0,1,1.4554896511734424e-05,0.0
fentanyl_sommelier,0,1,0,1,1.4554896511734424e-05,0.0
kkeith6,0,1,0,1,1.4554896511734424e-05,0.0
aokay24,0,1,0,1,1.4554896511734424e-05,0.0
GroundbreakingFact30,0,1,0,1,1.4554896511734424e-05,0.0
Training_Ad_4089,0,1,0,1,1.4554896511734424e-05,0.0
Kfm101,0,1,0,1,1.4554896511734424e-05,0.0
Free_Cartoonist5294,0,1,0,1,1.4554896511734424e-05,0.0
Gugalcrom123,0,1,0,1,1.4554896511734424e-05,0.0
SwAAn01,0,1,0,1,1.4554896511734424e-05,0.0
llamadog007,0,1,0,1,1.4554896511734424e-05,0.0
bewoestijn,0,1,0,1,1.4554896511734424e-05,0.0
chalks777,0,1,0,1,1.4554896511734424e-05,0.0
WinterMysterious5119,0,1,0,1,1.4554896511734424e-05,0.0
Demonify,0,1,0,1,1.4554896511734424e-05,0.0
Successful-Pain-1597,0,1,0,1,1.4554896511734424e-05,0.0
TonyStarkLoL,0,1,0,1,1.4554896511734424e-05,0.0
GotchUrarse,0,1,0,1,1.4554896511734424e-05,0.0
Human_Capitalist,0,1,0,1,1.4554896511734424e-05,0.0
Glad_Appearance_8190,0,1,0,1,1.4554896511734424e-05,0.0
hettuklaeddi,0,1,0,1,1.4554896511734424e-05,0.0
Bassmanbruno,0,1,0,1,1.4554896511734424e-05,0.0
Holiday_Musician3324,0,1,0,1,1.4554896511734424e-05,0.0
xt1nct,0,1,0,1,1.4554896511734424e-05,0.0
Turbulent_Resolve294,0,1,0,1,1.4554896511734424e-05,0.0
Frosty_Rutabaga_7934,0,1,0,1,1.4554896511734424e-05,0.0
Reasonable-Tour-8246,0,1,0,1,1.4554896511734424e-05,0.0
Used-Assistance-9548,0,1,0,1,1.4554896511734424e-05,0.0
hari_bo,0,1,0,1,1.4554896511734424e-05,0.0
InfinityBowman,0,1,0,1,1.4554896511734424e-05,0.0
Internal_Cancel1344,0,1,0,1,1.4554896511734424e-05,0.0
No-Day-1294,0,1,0,1,1.4554896511734424e-05,0.0
Bus2Revenue,0,1,0,1,1.4554896511734424e-05,0.0
incrediblect3,0,1,0,1,1.4554896511734424e-05,0.0
watson_full_scale,0,1,0,1,1.4554896511734424e-05,0.0
ap118,0,1,0,1,1.4554896511734424e-05,0.0
akg_jnr,0,1,0,1,1.4554896511734424e-05,0.0
throw-away-2025rev2,0,1,0,1,1.4554896511734424e-05,0.0
Neocactus,0,1,0,1,1.4554896511734424e-05,0.0
CodEducational890,0,1,0,1,1.4554896511734424e-05,0.0
Lewis0981,0,1,0,1,1.4554896511734424e-05,0.0
AP3Brain,0,1,0,1,1.4554896511734424e-05,0.0
Kaoswarr,0,1,0,1,1.4554896511734424e-05,0.0
Kenny-G-,0,1,0,1,1.4554896511734424e-05,0.0
whyisitsooohard,0,1,0,1,1.4554896511734424e-05,0.0
Reasonable-Stable553,0,1,0,1,1.4554896511734424e-05,0.0
Darthsadguy,0,1,0,1,1.4554896511734424e-05,0.0
Forsaken_Chicken_777,0,1,0,1,1.4554896511734424e-05,0.0
TheTalkingCookie,0,1,0,1,1.4554896511734424e-05,0.0
sabamba0,0,1,0,1,1.4554896511734424e-05,0.0
Level-Brain-4786,0,1,0,1,1.4554896511734424e-05,0.0
joannson,0,1,0,1,1.4554896511734424e-05,0.0
InspirationalAtt,0,1,0,1,1.4554896511734424e-05,0.0
Late_Cancel4403,0,1,0,1,1.4554896511734424e-05,0.0
No_String7126,0,1,0,2,1.4554896511734424e-05,0.0
Heacal,0,1,0,1,1.4554896511734424e-05,0.0
pascal21,0,1,0,1,1.4554896511734424e-05,0.0
SilentLogician,0,1,0,1,1.4554896511734424e-05,0.0
DeltaBravoSierra87,0,1,0,1,1.4554896511734424e-05,0.0
lkjaer,0,1,0,1,1.4554896511734424e-05,0.0
timschwartz,0,1,0,1,1.4554896511734424e-05,0.0
Remote_Butterfly9149,0,1,0,1,1.4554896511734424e-05,0.0
Far_Swordfish5729,0,1,0,1,1.4554896511734424e-05,0.0
parasite_avi,0,1,0,1,1.4554896511734424e-05,0.0
GeneralPITA,0,1,0,1,1.4554896511734424e-05,0.0
The_Real_Slim_Lemon,0,1,0,1,1.4554896511734424e-05,0.0
HobbesArchive,0,1,0,1,1.4554896511734424e-05,0.0
Arianethecat,0,1,0,1,1.4554896511734424e-05,0.0
NoGarage7989,0,1,0,1,1.4554896511734424e-05,0.0
OrganizationSorry648,0,1,0,1,1.4554896511734424e-05,0.0
gera75,0,1,0,1,1.4554896511734424e-05,0.0
spiderzork,0,1,0,1,1.4554896511734424e-05,0.0
NefariousnessSad7144,0,1,0,1,1.4554896511734424e-05,0.0
Ok-Alfalfa288,0,1,0,1,1.4554896511734424e-05,0.0
AndGetOverIt,0,1,0,1,1.4554896511734424e-05,0.0
Gandhi_20191,0,1,0,1,1.4554896511734424e-05,0.0
Mission_Hell_,0,1,0,1,1.4554896511734424e-05,0.0
ParentsWave,0,1,0,1,1.4554896511734424e-05,0.0
JGhostThing,0,1,0,1,1.4554896511734424e-05,0.0
AbbreviationsSalt193,0,1,0,1,1.4554896511734424e-05,0.0
speedyrev,0,1,0,1,1.4554896511734424e-05,0.0
Imakadapost,0,1,0,1,1.4554896511734424e-05,0.0
ExtraTNT,0,1,0,1,1.4554896511734424e-05,0.0
TorresMrpk,0,1,0,1,1.4554896511734424e-05,0.0
TechBriefbyBMe,0,1,0,1,1.4554896511734424e-05,0.0
xenomachina,0,1,0,1,1.4554896511734424e-05,0.0
TheCableGui,0,1,0,1,1.4554896511734424e-05,0.0
iRhuel,0,1,0,1,1.4554896511734424e-05,0.0
Jonsinator,0,1,0,1,1.4554896511734424e-05,0.0
illuminarias,0,1,0,1,1.4554896511734424e-05,0.0
SuccessPerfect0,0,1,0,1,1.4554896511734424e-05,0.0
hanato_06,0,1,0,1,1.4554896511734424e-05,0.0
Silcay,0,1,0,1,1.4554896511734424e-05,0.0
lo0nk,0,1,0,1,1.4554896511734424e-05,0.0
agnardavid,0,1,0,1,1.4554896511734424e-05,0.0
musaXmachina,0,1,0,1,1.4554896511734424e-05,0.0
Aggressive_Ad_5454,0,1,0,1,1.4554896511734424e-05,0.0
dinidusam,0,1,0,1,1.4554896511734424e-05,0.0
FastAd543,0,1,0,1,1.4554896511734424e-05,0.0
Panebomero,0,1,0,1,1.4554896511734424e-05,0.0
YashvardhanRonu,0,1,0,1,1.4554896511734424e-05,0.0
Yodigityy,0,1,0,1,1.4554896511734424e-05,0.0
StoneCypher,0,1,0,2,1.4554896511734424e-05,0.0
Mental_Jackfruit6872,0,1,0,1,1.4554896511734424e-05,0.0
Cryophos,0,1,0,1,1.4554896511734424e-05,0.0
SilverTM,0,1,0,1,1.4554896511734424e-05,0.0
MacaroonOk9376,0,1,0,1,1.4554896511734424e-05,0.0
divisionTear,0,1,0,1,1.4554896511734424e-05,0.0
RandomRabbit69,0,1,0,1,1.4554896511734424e-05,0.0
SwiftSpear,0,1,0,1,1.4554896511734424e-05,0.0
bihari_baller,0,1,0,1,1.4554896511734424e-05,0.0
takacsmark,0,1,0,1,1.4554896511734424e-05,0.0
Johnson_56,0,1,0,1,1.4554896511734424e-05,0.0
BoBoBearDev,0,1,0,1,1.4554896511734424e-05,0.0
reddithoggscripts,0,1,0,1,1.4554896511734424e-05,0.0
JustSomeDude9791,0,1,0,1,1.4554896511734424e-05,0.0
SeXxyBuNnY21,0,1,0,1,1.4554896511734424e-05,0.0
AffectionateZebra760,0,1,0,1,1.4554896511734424e-05,0.0
Outrageous_Branch_72,0,1,0,1,1.4554896511734424e-05,0.0
Wh00ster,0,1,0,1,1.4554896511734424e-05,0.0
mrbartuss,0,1,0,1,1.4554896511734424e-05,0.0
